route,n,mean_latency_ms,p50_latency_ms,p95_latency_ms,rate
cheap_allow,36,42.136954055555556,34.226234,72.8385385,0.28125
cheap_intercept,3,73.583905,73.1365,77.4070054,0.0234375
expensive_fusion,89,1780.6860836741575,1663.122676,2685.6951994,0.6953125
