component,mode_or_policy,n,mean_ms,std_ms,min_ms,p50_ms,p95_ms,p99_ms,max_ms,expensive_call_rate
end_to_end_policy,full_information_always_on,128,1654.3722078281248,556.587738793352,976.430359,1493.1729415,2511.2391740499997,3824.356323500005,4313.808649,1.0
end_to_end_policy,selective_acquisition,128,1251.7089336562499,936.9988556290213,31.305919,1407.0917515,2515.2615093,3872.316007320006,4352.964455,0.6953125
rule_filter_v1,prompt_response,128,1.2709858984375,0.8201721826917419,0.121209,1.109976,2.5946302,4.0167726900000025,4.232479,
koala_text_moderation,prompt_response,128,45.657290601562494,18.41563317743392,21.756934,41.631916000000004,70.65502755,76.61061054,78.028378,
qwen3guard_official,prompt_response,128,1597.5605696953123,541.2781726433475,942.742251,1441.374094,2431.5969614499995,3744.088463490006,4234.158438,
