component,mode_or_policy,n,mean_ms,std_ms,min_ms,p50_ms,p95_ms,p99_ms,max_ms,expensive_call_rate
rule_filter_v1,prompt_response,128,1.1773038359374999,0.8052719369323532,0.084562,1.035116,2.4610163499999995,3.8405527600000022,4.128789,
koala_text_moderation,prompt_response,128,41.3687137890625,15.213500984410404,21.30241,38.086505,59.03970585,59.868114320000004,60.210986,
qwen3guard_official,prompt_only,128,685.7353989921874,129.65476523950107,541.817249,641.4977015,969.0479459999999,1089.4556314900003,1114.169786,
qwen3guard_official,prompt_response,128,1460.143373703125,474.5771650061923,921.328018,1368.6388044999999,2181.7201064499986,3348.689043470005,3844.778018,
qwen3guard_official,response_only,128,911.1943553203125,370.4615856826205,572.578266,801.8985055,1405.7765965499998,2439.637507070004,3193.342721,
end_to_end_policy,full_information_always_on,128,1528.8425821328126,496.0157529894551,956.098763,1449.023926,2290.992964499999,3470.975696560005,3965.113902,1.0
end_to_end_policy,selective_acquisition,128,1268.8653666015625,785.7831504514977,30.498152,1321.902758,2299.3319762999986,3470.896044460005,3969.945079,0.78125
