dataset,model,task,train_representation,representation,fold_id,pair_id,experiment_example_id,case_role,y,score,prediction
frozen_easy_original,word_tfidf,direct_to_direct,direct,direct,0,FU04,FU04::benign::direct,benign,0,0.4817782563799033,0
frozen_easy_original,word_tfidf,direct_to_direct,direct,direct,0,FU04,FU04::harmful::direct,harmful,1,0.6038446122500902,1
frozen_easy_original,word_tfidf,direct_to_direct,direct,direct,0,FU16,FU16::benign::direct,benign,0,0.4665655058011901,0
frozen_easy_original,word_tfidf,direct_to_direct,direct,direct,0,FU16,FU16::harmful::direct,harmful,1,0.6083478436495231,1
frozen_easy_original,word_tfidf,direct_to_direct,direct,direct,0,FU17,FU17::benign::direct,benign,0,0.4305516461606318,0
frozen_easy_original,word_tfidf,direct_to_direct,direct,direct,0,FU17,FU17::harmful::direct,harmful,1,0.5927392139272167,1
frozen_easy_original,word_tfidf,direct_to_direct,direct,direct,0,FU19,FU19::benign::direct,benign,0,0.46229403399331753,0
frozen_easy_original,word_tfidf,direct_to_direct,direct,direct,0,FU19,FU19::harmful::direct,harmful,1,0.6129814208806732,1
frozen_easy_original,word_tfidf,direct_to_direct,direct,direct,0,FU27,FU27::benign::direct,benign,0,0.49553631813612,0
frozen_easy_original,word_tfidf,direct_to_direct,direct,direct,0,FU27,FU27::harmful::direct,harmful,1,0.5918519866170809,1
frozen_easy_original,word_tfidf,direct_to_direct,direct,direct,0,FU28,FU28::benign::direct,benign,0,0.4239800838173439,0
frozen_easy_original,word_tfidf,direct_to_direct,direct,direct,0,FU28,FU28::harmful::direct,harmful,1,0.6046347984087845,1
frozen_easy_original,word_tfidf,direct_to_direct,direct,direct,0,FU32,FU32::benign::direct,benign,0,0.441062826752265,0
frozen_easy_original,word_tfidf,direct_to_direct,direct,direct,0,FU32,FU32::harmful::direct,harmful,1,0.6004217120773979,1
frozen_easy_original,word_tfidf,direct_to_direct,direct,direct,0,FU37,FU37::benign::direct,benign,0,0.4633082206116962,0
frozen_easy_original,word_tfidf,direct_to_direct,direct,direct,0,FU37,FU37::harmful::direct,harmful,1,0.5467026858593323,1
frozen_easy_original,word_tfidf,direct_to_direct,direct,direct,1,FU05,FU05::benign::direct,benign,0,0.3948753103146521,0
frozen_easy_original,word_tfidf,direct_to_direct,direct,direct,1,FU05,FU05::harmful::direct,harmful,1,0.6049976554298504,1
frozen_easy_original,word_tfidf,direct_to_direct,direct,direct,1,FU14,FU14::benign::direct,benign,0,0.4163181663952332,0
frozen_easy_original,word_tfidf,direct_to_direct,direct,direct,1,FU14,FU14::harmful::direct,harmful,1,0.5354069183973995,1
frozen_easy_original,word_tfidf,direct_to_direct,direct,direct,1,FU21,FU21::benign::direct,benign,0,0.442637264945155,0
frozen_easy_original,word_tfidf,direct_to_direct,direct,direct,1,FU21,FU21::harmful::direct,harmful,1,0.6481314790559586,1
frozen_easy_original,word_tfidf,direct_to_direct,direct,direct,1,FU22,FU22::benign::direct,benign,0,0.3776321941662377,0
frozen_easy_original,word_tfidf,direct_to_direct,direct,direct,1,FU22,FU22::harmful::direct,harmful,1,0.5823639766432726,1
frozen_easy_original,word_tfidf,direct_to_direct,direct,direct,1,FU33,FU33::benign::direct,benign,0,0.43435040259323265,0
frozen_easy_original,word_tfidf,direct_to_direct,direct,direct,1,FU33,FU33::harmful::direct,harmful,1,0.603739476935381,1
frozen_easy_original,word_tfidf,direct_to_direct,direct,direct,1,FU34,FU34::benign::direct,benign,0,0.4751938533085956,0
frozen_easy_original,word_tfidf,direct_to_direct,direct,direct,1,FU34,FU34::harmful::direct,harmful,1,0.5616953717710518,1
frozen_easy_original,word_tfidf,direct_to_direct,direct,direct,1,FU36,FU36::benign::direct,benign,0,0.3544380569117471,0
frozen_easy_original,word_tfidf,direct_to_direct,direct,direct,1,FU36,FU36::harmful::direct,harmful,1,0.584181447847104,1
frozen_easy_original,word_tfidf,direct_to_direct,direct,direct,1,FU38,FU38::benign::direct,benign,0,0.416257661946501,0
frozen_easy_original,word_tfidf,direct_to_direct,direct,direct,1,FU38,FU38::harmful::direct,harmful,1,0.5562940698090364,1
frozen_easy_original,word_tfidf,direct_to_direct,direct,direct,2,FU06,FU06::benign::direct,benign,0,0.44001447506487323,0
frozen_easy_original,word_tfidf,direct_to_direct,direct,direct,2,FU06,FU06::harmful::direct,harmful,1,0.6336042727318745,1
frozen_easy_original,word_tfidf,direct_to_direct,direct,direct,2,FU09,FU09::benign::direct,benign,0,0.4915738137307518,0
frozen_easy_original,word_tfidf,direct_to_direct,direct,direct,2,FU09,FU09::harmful::direct,harmful,1,0.598718306812707,1
frozen_easy_original,word_tfidf,direct_to_direct,direct,direct,2,FU11,FU11::benign::direct,benign,0,0.38421794749275634,0
frozen_easy_original,word_tfidf,direct_to_direct,direct,direct,2,FU11,FU11::harmful::direct,harmful,1,0.5554632033161341,1
frozen_easy_original,word_tfidf,direct_to_direct,direct,direct,2,FU13,FU13::benign::direct,benign,0,0.44413185069058525,0
frozen_easy_original,word_tfidf,direct_to_direct,direct,direct,2,FU13,FU13::harmful::direct,harmful,1,0.5845691700892417,1
frozen_easy_original,word_tfidf,direct_to_direct,direct,direct,2,FU15,FU15::benign::direct,benign,0,0.44713466732248275,0
frozen_easy_original,word_tfidf,direct_to_direct,direct,direct,2,FU15,FU15::harmful::direct,harmful,1,0.6297385471309207,1
frozen_easy_original,word_tfidf,direct_to_direct,direct,direct,2,FU20,FU20::benign::direct,benign,0,0.4414200461079239,0
frozen_easy_original,word_tfidf,direct_to_direct,direct,direct,2,FU20,FU20::harmful::direct,harmful,1,0.5797602984176734,1
frozen_easy_original,word_tfidf,direct_to_direct,direct,direct,2,FU23,FU23::benign::direct,benign,0,0.4814097201601468,0
frozen_easy_original,word_tfidf,direct_to_direct,direct,direct,2,FU23,FU23::harmful::direct,harmful,1,0.5906692141189861,1
frozen_easy_original,word_tfidf,direct_to_direct,direct,direct,2,FU29,FU29::benign::direct,benign,0,0.4645542728466326,0
frozen_easy_original,word_tfidf,direct_to_direct,direct,direct,2,FU29,FU29::harmful::direct,harmful,1,0.5542796278200598,1
frozen_easy_original,word_tfidf,direct_to_direct,direct,direct,3,FU01,FU01::benign::direct,benign,0,0.3892078926493922,0
frozen_easy_original,word_tfidf,direct_to_direct,direct,direct,3,FU01,FU01::harmful::direct,harmful,1,0.5620262509169286,1
frozen_easy_original,word_tfidf,direct_to_direct,direct,direct,3,FU03,FU03::benign::direct,benign,0,0.4433871753279048,0
frozen_easy_original,word_tfidf,direct_to_direct,direct,direct,3,FU03,FU03::harmful::direct,harmful,1,0.5675852996969288,1
frozen_easy_original,word_tfidf,direct_to_direct,direct,direct,3,FU08,FU08::benign::direct,benign,0,0.39091458091965325,0
frozen_easy_original,word_tfidf,direct_to_direct,direct,direct,3,FU08,FU08::harmful::direct,harmful,1,0.5303847471801051,1
frozen_easy_original,word_tfidf,direct_to_direct,direct,direct,3,FU18,FU18::benign::direct,benign,0,0.4751287606605377,0
frozen_easy_original,word_tfidf,direct_to_direct,direct,direct,3,FU18,FU18::harmful::direct,harmful,1,0.5629396531023187,1
frozen_easy_original,word_tfidf,direct_to_direct,direct,direct,3,FU25,FU25::benign::direct,benign,0,0.421123710563516,0
frozen_easy_original,word_tfidf,direct_to_direct,direct,direct,3,FU25,FU25::harmful::direct,harmful,1,0.5937753003984423,1
frozen_easy_original,word_tfidf,direct_to_direct,direct,direct,3,FU30,FU30::benign::direct,benign,0,0.38613950651108186,0
frozen_easy_original,word_tfidf,direct_to_direct,direct,direct,3,FU30,FU30::harmful::direct,harmful,1,0.6326003691368253,1
frozen_easy_original,word_tfidf,direct_to_direct,direct,direct,3,FU31,FU31::benign::direct,benign,0,0.4226727791477908,0
frozen_easy_original,word_tfidf,direct_to_direct,direct,direct,3,FU31,FU31::harmful::direct,harmful,1,0.5822278205559402,1
frozen_easy_original,word_tfidf,direct_to_direct,direct,direct,4,FU02,FU02::benign::direct,benign,0,0.40137895959065367,0
frozen_easy_original,word_tfidf,direct_to_direct,direct,direct,4,FU02,FU02::harmful::direct,harmful,1,0.5033735848487813,1
frozen_easy_original,word_tfidf,direct_to_direct,direct,direct,4,FU07,FU07::benign::direct,benign,0,0.4300540524958224,0
frozen_easy_original,word_tfidf,direct_to_direct,direct,direct,4,FU07,FU07::harmful::direct,harmful,1,0.6177613681272471,1
frozen_easy_original,word_tfidf,direct_to_direct,direct,direct,4,FU10,FU10::benign::direct,benign,0,0.4206395358302052,0
frozen_easy_original,word_tfidf,direct_to_direct,direct,direct,4,FU10,FU10::harmful::direct,harmful,1,0.6325677532106284,1
frozen_easy_original,word_tfidf,direct_to_direct,direct,direct,4,FU12,FU12::benign::direct,benign,0,0.42177013574189687,0
frozen_easy_original,word_tfidf,direct_to_direct,direct,direct,4,FU12,FU12::harmful::direct,harmful,1,0.6193337879564214,1
frozen_easy_original,word_tfidf,direct_to_direct,direct,direct,4,FU24,FU24::benign::direct,benign,0,0.4110474596225303,0
frozen_easy_original,word_tfidf,direct_to_direct,direct,direct,4,FU24,FU24::harmful::direct,harmful,1,0.5482887227582078,1
frozen_easy_original,word_tfidf,direct_to_direct,direct,direct,4,FU26,FU26::benign::direct,benign,0,0.3972924702164669,0
frozen_easy_original,word_tfidf,direct_to_direct,direct,direct,4,FU26,FU26::harmful::direct,harmful,1,0.5408110286638323,1
frozen_easy_original,word_tfidf,direct_to_direct,direct,direct,4,FU35,FU35::benign::direct,benign,0,0.4636576434375815,0
frozen_easy_original,word_tfidf,direct_to_direct,direct,direct,4,FU35,FU35::harmful::direct,harmful,1,0.5966843945876786,1
frozen_easy_original,word_tfidf,direct_to_O2,direct,O2,0,FU04,FU04::benign::O2,benign,0,0.49547405097892777,0
frozen_easy_original,word_tfidf,direct_to_O2,direct,O2,0,FU04,FU04::harmful::O2,harmful,1,0.49547405097892777,0
frozen_easy_original,word_tfidf,direct_to_O2,direct,O2,0,FU16,FU16::benign::O2,benign,0,0.49547405097892777,0
frozen_easy_original,word_tfidf,direct_to_O2,direct,O2,0,FU16,FU16::harmful::O2,harmful,1,0.49547405097892777,0
frozen_easy_original,word_tfidf,direct_to_O2,direct,O2,0,FU17,FU17::benign::O2,benign,0,0.49547405097892777,0
frozen_easy_original,word_tfidf,direct_to_O2,direct,O2,0,FU17,FU17::harmful::O2,harmful,1,0.49547405097892777,0
frozen_easy_original,word_tfidf,direct_to_O2,direct,O2,0,FU19,FU19::benign::O2,benign,0,0.49547405097892777,0
frozen_easy_original,word_tfidf,direct_to_O2,direct,O2,0,FU19,FU19::harmful::O2,harmful,1,0.49547405097892777,0
frozen_easy_original,word_tfidf,direct_to_O2,direct,O2,0,FU27,FU27::benign::O2,benign,0,0.49547405097892777,0
frozen_easy_original,word_tfidf,direct_to_O2,direct,O2,0,FU27,FU27::harmful::O2,harmful,1,0.49547405097892777,0
frozen_easy_original,word_tfidf,direct_to_O2,direct,O2,0,FU28,FU28::benign::O2,benign,0,0.49547405097892777,0
frozen_easy_original,word_tfidf,direct_to_O2,direct,O2,0,FU28,FU28::harmful::O2,harmful,1,0.49547405097892777,0
frozen_easy_original,word_tfidf,direct_to_O2,direct,O2,0,FU32,FU32::benign::O2,benign,0,0.49547405097892777,0
frozen_easy_original,word_tfidf,direct_to_O2,direct,O2,0,FU32,FU32::harmful::O2,harmful,1,0.5327006366769583,1
frozen_easy_original,word_tfidf,direct_to_O2,direct,O2,0,FU37,FU37::benign::O2,benign,0,0.49547405097892777,0
frozen_easy_original,word_tfidf,direct_to_O2,direct,O2,0,FU37,FU37::harmful::O2,harmful,1,0.49547405097892777,0
frozen_easy_original,word_tfidf,direct_to_O2,direct,O2,1,FU05,FU05::benign::O2,benign,0,0.5610982585372165,1
frozen_easy_original,word_tfidf,direct_to_O2,direct,O2,1,FU05,FU05::harmful::O2,harmful,1,0.4941909840143435,0
frozen_easy_original,word_tfidf,direct_to_O2,direct,O2,1,FU14,FU14::benign::O2,benign,0,0.4941909840143435,0
frozen_easy_original,word_tfidf,direct_to_O2,direct,O2,1,FU14,FU14::harmful::O2,harmful,1,0.4941909840143435,0
frozen_easy_original,word_tfidf,direct_to_O2,direct,O2,1,FU21,FU21::benign::O2,benign,0,0.4941909840143435,0
frozen_easy_original,word_tfidf,direct_to_O2,direct,O2,1,FU21,FU21::harmful::O2,harmful,1,0.4941909840143435,0
frozen_easy_original,word_tfidf,direct_to_O2,direct,O2,1,FU22,FU22::benign::O2,benign,0,0.42722539648351193,0
frozen_easy_original,word_tfidf,direct_to_O2,direct,O2,1,FU22,FU22::harmful::O2,harmful,1,0.4941909840143435,0
frozen_easy_original,word_tfidf,direct_to_O2,direct,O2,1,FU33,FU33::benign::O2,benign,0,0.4941909840143435,0
frozen_easy_original,word_tfidf,direct_to_O2,direct,O2,1,FU33,FU33::harmful::O2,harmful,1,0.545075850644399,1
frozen_easy_original,word_tfidf,direct_to_O2,direct,O2,1,FU34,FU34::benign::O2,benign,0,0.4941909840143435,0
frozen_easy_original,word_tfidf,direct_to_O2,direct,O2,1,FU34,FU34::harmful::O2,harmful,1,0.4941909840143435,0
frozen_easy_original,word_tfidf,direct_to_O2,direct,O2,1,FU36,FU36::benign::O2,benign,0,0.4941909840143435,0
frozen_easy_original,word_tfidf,direct_to_O2,direct,O2,1,FU36,FU36::harmful::O2,harmful,1,0.4941909840143435,0
frozen_easy_original,word_tfidf,direct_to_O2,direct,O2,1,FU38,FU38::benign::O2,benign,0,0.42722539648351193,0
frozen_easy_original,word_tfidf,direct_to_O2,direct,O2,1,FU38,FU38::harmful::O2,harmful,1,0.4941909840143435,0
frozen_easy_original,word_tfidf,direct_to_O2,direct,O2,2,FU06,FU06::benign::O2,benign,0,0.49355508180088353,0
frozen_easy_original,word_tfidf,direct_to_O2,direct,O2,2,FU06,FU06::harmful::O2,harmful,1,0.49355508180088353,0
frozen_easy_original,word_tfidf,direct_to_O2,direct,O2,2,FU09,FU09::benign::O2,benign,0,0.49355508180088353,0
frozen_easy_original,word_tfidf,direct_to_O2,direct,O2,2,FU09,FU09::harmful::O2,harmful,1,0.49355508180088353,0
frozen_easy_original,word_tfidf,direct_to_O2,direct,O2,2,FU11,FU11::benign::O2,benign,0,0.4188393506088571,0
frozen_easy_original,word_tfidf,direct_to_O2,direct,O2,2,FU11,FU11::harmful::O2,harmful,1,0.49355508180088353,0
frozen_easy_original,word_tfidf,direct_to_O2,direct,O2,2,FU13,FU13::benign::O2,benign,0,0.49355508180088353,0
frozen_easy_original,word_tfidf,direct_to_O2,direct,O2,2,FU13,FU13::harmful::O2,harmful,1,0.49355508180088353,0
frozen_easy_original,word_tfidf,direct_to_O2,direct,O2,2,FU15,FU15::benign::O2,benign,0,0.49355508180088353,0
frozen_easy_original,word_tfidf,direct_to_O2,direct,O2,2,FU15,FU15::harmful::O2,harmful,1,0.49355508180088353,0
frozen_easy_original,word_tfidf,direct_to_O2,direct,O2,2,FU20,FU20::benign::O2,benign,0,0.49355508180088353,0
frozen_easy_original,word_tfidf,direct_to_O2,direct,O2,2,FU20,FU20::harmful::O2,harmful,1,0.49355508180088353,0
frozen_easy_original,word_tfidf,direct_to_O2,direct,O2,2,FU23,FU23::benign::O2,benign,0,0.49355508180088353,0
frozen_easy_original,word_tfidf,direct_to_O2,direct,O2,2,FU23,FU23::harmful::O2,harmful,1,0.5185152929443094,1
frozen_easy_original,word_tfidf,direct_to_O2,direct,O2,2,FU29,FU29::benign::O2,benign,0,0.49355508180088353,0
frozen_easy_original,word_tfidf,direct_to_O2,direct,O2,2,FU29,FU29::harmful::O2,harmful,1,0.5185152929443094,1
frozen_easy_original,word_tfidf,direct_to_O2,direct,O2,3,FU01,FU01::benign::O2,benign,0,0.43351776074165516,0
frozen_easy_original,word_tfidf,direct_to_O2,direct,O2,3,FU01,FU01::harmful::O2,harmful,1,0.496212738063489,0
frozen_easy_original,word_tfidf,direct_to_O2,direct,O2,3,FU03,FU03::benign::O2,benign,0,0.496212738063489,0
frozen_easy_original,word_tfidf,direct_to_O2,direct,O2,3,FU03,FU03::harmful::O2,harmful,1,0.496212738063489,0
frozen_easy_original,word_tfidf,direct_to_O2,direct,O2,3,FU08,FU08::benign::O2,benign,0,0.496212738063489,0
frozen_easy_original,word_tfidf,direct_to_O2,direct,O2,3,FU08,FU08::harmful::O2,harmful,1,0.496212738063489,0
frozen_easy_original,word_tfidf,direct_to_O2,direct,O2,3,FU18,FU18::benign::O2,benign,0,0.496212738063489,0
frozen_easy_original,word_tfidf,direct_to_O2,direct,O2,3,FU18,FU18::harmful::O2,harmful,1,0.496212738063489,0
frozen_easy_original,word_tfidf,direct_to_O2,direct,O2,3,FU25,FU25::benign::O2,benign,0,0.496212738063489,0
frozen_easy_original,word_tfidf,direct_to_O2,direct,O2,3,FU25,FU25::harmful::O2,harmful,1,0.5464542662231344,1
frozen_easy_original,word_tfidf,direct_to_O2,direct,O2,3,FU30,FU30::benign::O2,benign,0,0.43351776074165516,0
frozen_easy_original,word_tfidf,direct_to_O2,direct,O2,3,FU30,FU30::harmful::O2,harmful,1,0.5355287477131849,1
frozen_easy_original,word_tfidf,direct_to_O2,direct,O2,3,FU31,FU31::benign::O2,benign,0,0.496212738063489,0
frozen_easy_original,word_tfidf,direct_to_O2,direct,O2,3,FU31,FU31::harmful::O2,harmful,1,0.496212738063489,0
frozen_easy_original,word_tfidf,direct_to_O2,direct,O2,4,FU02,FU02::benign::O2,benign,0,0.49262535328547097,0
frozen_easy_original,word_tfidf,direct_to_O2,direct,O2,4,FU02,FU02::harmful::O2,harmful,1,0.5240603693239653,1
frozen_easy_original,word_tfidf,direct_to_O2,direct,O2,4,FU07,FU07::benign::O2,benign,0,0.49262535328547097,0
frozen_easy_original,word_tfidf,direct_to_O2,direct,O2,4,FU07,FU07::harmful::O2,harmful,1,0.5399531850251418,1
frozen_easy_original,word_tfidf,direct_to_O2,direct,O2,4,FU10,FU10::benign::O2,benign,0,0.49262535328547097,0
frozen_easy_original,word_tfidf,direct_to_O2,direct,O2,4,FU10,FU10::harmful::O2,harmful,1,0.49262535328547097,0
frozen_easy_original,word_tfidf,direct_to_O2,direct,O2,4,FU12,FU12::benign::O2,benign,0,0.49262535328547097,0
frozen_easy_original,word_tfidf,direct_to_O2,direct,O2,4,FU12,FU12::harmful::O2,harmful,1,0.49262535328547097,0
frozen_easy_original,word_tfidf,direct_to_O2,direct,O2,4,FU24,FU24::benign::O2,benign,0,0.49262535328547097,0
frozen_easy_original,word_tfidf,direct_to_O2,direct,O2,4,FU24,FU24::harmful::O2,harmful,1,0.49262535328547097,0
frozen_easy_original,word_tfidf,direct_to_O2,direct,O2,4,FU26,FU26::benign::O2,benign,0,0.41619775725010644,0
frozen_easy_original,word_tfidf,direct_to_O2,direct,O2,4,FU26,FU26::harmful::O2,harmful,1,0.49262535328547097,0
frozen_easy_original,word_tfidf,direct_to_O2,direct,O2,4,FU35,FU35::benign::O2,benign,0,0.49262535328547097,0
frozen_easy_original,word_tfidf,direct_to_O2,direct,O2,4,FU35,FU35::harmful::O2,harmful,1,0.49262535328547097,0
frozen_easy_original,word_tfidf,O2_to_O2,O2,O2,0,FU04,FU04::benign::O2,benign,0,0.4817782563799033,0
frozen_easy_original,word_tfidf,O2_to_O2,O2,O2,0,FU04,FU04::harmful::O2,harmful,1,0.6038446122500902,1
frozen_easy_original,word_tfidf,O2_to_O2,O2,O2,0,FU16,FU16::benign::O2,benign,0,0.46656550580119,0
frozen_easy_original,word_tfidf,O2_to_O2,O2,O2,0,FU16,FU16::harmful::O2,harmful,1,0.6083478436495231,1
frozen_easy_original,word_tfidf,O2_to_O2,O2,O2,0,FU17,FU17::benign::O2,benign,0,0.4305516461606317,0
frozen_easy_original,word_tfidf,O2_to_O2,O2,O2,0,FU17,FU17::harmful::O2,harmful,1,0.5927392139272166,1
frozen_easy_original,word_tfidf,O2_to_O2,O2,O2,0,FU19,FU19::benign::O2,benign,0,0.4622940339933174,0
frozen_easy_original,word_tfidf,O2_to_O2,O2,O2,0,FU19,FU19::harmful::O2,harmful,1,0.6129814208806732,1
frozen_easy_original,word_tfidf,O2_to_O2,O2,O2,0,FU27,FU27::benign::O2,benign,0,0.49553631813612,0
frozen_easy_original,word_tfidf,O2_to_O2,O2,O2,0,FU27,FU27::harmful::O2,harmful,1,0.5918519866170809,1
frozen_easy_original,word_tfidf,O2_to_O2,O2,O2,0,FU28,FU28::benign::O2,benign,0,0.4239800838173439,0
frozen_easy_original,word_tfidf,O2_to_O2,O2,O2,0,FU28,FU28::harmful::O2,harmful,1,0.6046347984087845,1
frozen_easy_original,word_tfidf,O2_to_O2,O2,O2,0,FU32,FU32::benign::O2,benign,0,0.441062826752265,0
frozen_easy_original,word_tfidf,O2_to_O2,O2,O2,0,FU32,FU32::harmful::O2,harmful,1,0.6004217120773978,1
frozen_easy_original,word_tfidf,O2_to_O2,O2,O2,0,FU37,FU37::benign::O2,benign,0,0.4633082206116961,0
frozen_easy_original,word_tfidf,O2_to_O2,O2,O2,0,FU37,FU37::harmful::O2,harmful,1,0.5467026858593323,1
frozen_easy_original,word_tfidf,O2_to_O2,O2,O2,1,FU05,FU05::benign::O2,benign,0,0.394875310314652,0
frozen_easy_original,word_tfidf,O2_to_O2,O2,O2,1,FU05,FU05::harmful::O2,harmful,1,0.6049976554298503,1
frozen_easy_original,word_tfidf,O2_to_O2,O2,O2,1,FU14,FU14::benign::O2,benign,0,0.4163181663952332,0
frozen_easy_original,word_tfidf,O2_to_O2,O2,O2,1,FU14,FU14::harmful::O2,harmful,1,0.5354069183973995,1
frozen_easy_original,word_tfidf,O2_to_O2,O2,O2,1,FU21,FU21::benign::O2,benign,0,0.442637264945155,0
frozen_easy_original,word_tfidf,O2_to_O2,O2,O2,1,FU21,FU21::harmful::O2,harmful,1,0.6481314790559585,1
frozen_easy_original,word_tfidf,O2_to_O2,O2,O2,1,FU22,FU22::benign::O2,benign,0,0.3776321941662377,0
frozen_easy_original,word_tfidf,O2_to_O2,O2,O2,1,FU22,FU22::harmful::O2,harmful,1,0.5823639766432724,1
frozen_easy_original,word_tfidf,O2_to_O2,O2,O2,1,FU33,FU33::benign::O2,benign,0,0.43435040259323265,0
frozen_easy_original,word_tfidf,O2_to_O2,O2,O2,1,FU33,FU33::harmful::O2,harmful,1,0.603739476935381,1
frozen_easy_original,word_tfidf,O2_to_O2,O2,O2,1,FU34,FU34::benign::O2,benign,0,0.4751938533085956,0
frozen_easy_original,word_tfidf,O2_to_O2,O2,O2,1,FU34,FU34::harmful::O2,harmful,1,0.5616953717710518,1
frozen_easy_original,word_tfidf,O2_to_O2,O2,O2,1,FU36,FU36::benign::O2,benign,0,0.35443805691174707,0
frozen_easy_original,word_tfidf,O2_to_O2,O2,O2,1,FU36,FU36::harmful::O2,harmful,1,0.5841814478471039,1
frozen_easy_original,word_tfidf,O2_to_O2,O2,O2,1,FU38,FU38::benign::O2,benign,0,0.416257661946501,0
frozen_easy_original,word_tfidf,O2_to_O2,O2,O2,1,FU38,FU38::harmful::O2,harmful,1,0.5562940698090364,1
frozen_easy_original,word_tfidf,O2_to_O2,O2,O2,2,FU06,FU06::benign::O2,benign,0,0.44001447506487323,0
frozen_easy_original,word_tfidf,O2_to_O2,O2,O2,2,FU06,FU06::harmful::O2,harmful,1,0.6336042727318745,1
frozen_easy_original,word_tfidf,O2_to_O2,O2,O2,2,FU09,FU09::benign::O2,benign,0,0.4915738137307518,0
frozen_easy_original,word_tfidf,O2_to_O2,O2,O2,2,FU09,FU09::harmful::O2,harmful,1,0.5987183068127069,1
frozen_easy_original,word_tfidf,O2_to_O2,O2,O2,2,FU11,FU11::benign::O2,benign,0,0.38421794749275634,0
frozen_easy_original,word_tfidf,O2_to_O2,O2,O2,2,FU11,FU11::harmful::O2,harmful,1,0.555463203316134,1
frozen_easy_original,word_tfidf,O2_to_O2,O2,O2,2,FU13,FU13::benign::O2,benign,0,0.44413185069058525,0
frozen_easy_original,word_tfidf,O2_to_O2,O2,O2,2,FU13,FU13::harmful::O2,harmful,1,0.5845691700892418,1
frozen_easy_original,word_tfidf,O2_to_O2,O2,O2,2,FU15,FU15::benign::O2,benign,0,0.44713466732248275,0
frozen_easy_original,word_tfidf,O2_to_O2,O2,O2,2,FU15,FU15::harmful::O2,harmful,1,0.6297385471309207,1
frozen_easy_original,word_tfidf,O2_to_O2,O2,O2,2,FU20,FU20::benign::O2,benign,0,0.4414200461079239,0
frozen_easy_original,word_tfidf,O2_to_O2,O2,O2,2,FU20,FU20::harmful::O2,harmful,1,0.5797602984176734,1
frozen_easy_original,word_tfidf,O2_to_O2,O2,O2,2,FU23,FU23::benign::O2,benign,0,0.4814097201601468,0
frozen_easy_original,word_tfidf,O2_to_O2,O2,O2,2,FU23,FU23::harmful::O2,harmful,1,0.5906692141189861,1
frozen_easy_original,word_tfidf,O2_to_O2,O2,O2,2,FU29,FU29::benign::O2,benign,0,0.4645542728466326,0
frozen_easy_original,word_tfidf,O2_to_O2,O2,O2,2,FU29,FU29::harmful::O2,harmful,1,0.5542796278200598,1
frozen_easy_original,word_tfidf,O2_to_O2,O2,O2,3,FU01,FU01::benign::O2,benign,0,0.3892078926493921,0
frozen_easy_original,word_tfidf,O2_to_O2,O2,O2,3,FU01,FU01::harmful::O2,harmful,1,0.5620262509169286,1
frozen_easy_original,word_tfidf,O2_to_O2,O2,O2,3,FU03,FU03::benign::O2,benign,0,0.4433871753279048,0
frozen_easy_original,word_tfidf,O2_to_O2,O2,O2,3,FU03,FU03::harmful::O2,harmful,1,0.5675852996969288,1
frozen_easy_original,word_tfidf,O2_to_O2,O2,O2,3,FU08,FU08::benign::O2,benign,0,0.39091458091965325,0
frozen_easy_original,word_tfidf,O2_to_O2,O2,O2,3,FU08,FU08::harmful::O2,harmful,1,0.5303847471801051,1
frozen_easy_original,word_tfidf,O2_to_O2,O2,O2,3,FU18,FU18::benign::O2,benign,0,0.4751287606605377,0
frozen_easy_original,word_tfidf,O2_to_O2,O2,O2,3,FU18,FU18::harmful::O2,harmful,1,0.5629396531023187,1
frozen_easy_original,word_tfidf,O2_to_O2,O2,O2,3,FU25,FU25::benign::O2,benign,0,0.421123710563516,0
frozen_easy_original,word_tfidf,O2_to_O2,O2,O2,3,FU25,FU25::harmful::O2,harmful,1,0.5937753003984423,1
frozen_easy_original,word_tfidf,O2_to_O2,O2,O2,3,FU30,FU30::benign::O2,benign,0,0.38613950651108186,0
frozen_easy_original,word_tfidf,O2_to_O2,O2,O2,3,FU30,FU30::harmful::O2,harmful,1,0.6326003691368252,1
frozen_easy_original,word_tfidf,O2_to_O2,O2,O2,3,FU31,FU31::benign::O2,benign,0,0.4226727791477907,0
frozen_easy_original,word_tfidf,O2_to_O2,O2,O2,3,FU31,FU31::harmful::O2,harmful,1,0.58222782055594,1
frozen_easy_original,word_tfidf,O2_to_O2,O2,O2,4,FU02,FU02::benign::O2,benign,0,0.40137895959065367,0
frozen_easy_original,word_tfidf,O2_to_O2,O2,O2,4,FU02,FU02::harmful::O2,harmful,1,0.5033735848487813,1
frozen_easy_original,word_tfidf,O2_to_O2,O2,O2,4,FU07,FU07::benign::O2,benign,0,0.4300540524958224,0
frozen_easy_original,word_tfidf,O2_to_O2,O2,O2,4,FU07,FU07::harmful::O2,harmful,1,0.6177613681272471,1
frozen_easy_original,word_tfidf,O2_to_O2,O2,O2,4,FU10,FU10::benign::O2,benign,0,0.4206395358302052,0
frozen_easy_original,word_tfidf,O2_to_O2,O2,O2,4,FU10,FU10::harmful::O2,harmful,1,0.6325677532106283,1
frozen_easy_original,word_tfidf,O2_to_O2,O2,O2,4,FU12,FU12::benign::O2,benign,0,0.42177013574189687,0
frozen_easy_original,word_tfidf,O2_to_O2,O2,O2,4,FU12,FU12::harmful::O2,harmful,1,0.6193337879564212,1
frozen_easy_original,word_tfidf,O2_to_O2,O2,O2,4,FU24,FU24::benign::O2,benign,0,0.4110474596225303,0
frozen_easy_original,word_tfidf,O2_to_O2,O2,O2,4,FU24,FU24::harmful::O2,harmful,1,0.5482887227582078,1
frozen_easy_original,word_tfidf,O2_to_O2,O2,O2,4,FU26,FU26::benign::O2,benign,0,0.3972924702164669,0
frozen_easy_original,word_tfidf,O2_to_O2,O2,O2,4,FU26,FU26::harmful::O2,harmful,1,0.5408110286638323,1
frozen_easy_original,word_tfidf,O2_to_O2,O2,O2,4,FU35,FU35::benign::O2,benign,0,0.4636576434375815,0
frozen_easy_original,word_tfidf,O2_to_O2,O2,O2,4,FU35,FU35::harmful::O2,harmful,1,0.5966843945876786,1
frozen_easy_original,char_tfidf,direct_to_direct,direct,direct,0,FU04,FU04::benign::direct,benign,0,0.47761469551668445,0
frozen_easy_original,char_tfidf,direct_to_direct,direct,direct,0,FU04,FU04::harmful::direct,harmful,1,0.5454991697077353,1
frozen_easy_original,char_tfidf,direct_to_direct,direct,direct,0,FU16,FU16::benign::direct,benign,0,0.4545328192636374,0
frozen_easy_original,char_tfidf,direct_to_direct,direct,direct,0,FU16,FU16::harmful::direct,harmful,1,0.5722950539526854,1
frozen_easy_original,char_tfidf,direct_to_direct,direct,direct,0,FU17,FU17::benign::direct,benign,0,0.44866412635085223,0
frozen_easy_original,char_tfidf,direct_to_direct,direct,direct,0,FU17,FU17::harmful::direct,harmful,1,0.600155051062147,1
frozen_easy_original,char_tfidf,direct_to_direct,direct,direct,0,FU19,FU19::benign::direct,benign,0,0.46270074125015653,0
frozen_easy_original,char_tfidf,direct_to_direct,direct,direct,0,FU19,FU19::harmful::direct,harmful,1,0.6170499964087324,1
frozen_easy_original,char_tfidf,direct_to_direct,direct,direct,0,FU27,FU27::benign::direct,benign,0,0.4819403830288902,0
frozen_easy_original,char_tfidf,direct_to_direct,direct,direct,0,FU27,FU27::harmful::direct,harmful,1,0.5543717403463921,1
frozen_easy_original,char_tfidf,direct_to_direct,direct,direct,0,FU28,FU28::benign::direct,benign,0,0.43362643419424085,0
frozen_easy_original,char_tfidf,direct_to_direct,direct,direct,0,FU28,FU28::harmful::direct,harmful,1,0.5843590982564346,1
frozen_easy_original,char_tfidf,direct_to_direct,direct,direct,0,FU32,FU32::benign::direct,benign,0,0.46913406628115095,0
frozen_easy_original,char_tfidf,direct_to_direct,direct,direct,0,FU32,FU32::harmful::direct,harmful,1,0.5993111658193062,1
frozen_easy_original,char_tfidf,direct_to_direct,direct,direct,0,FU37,FU37::benign::direct,benign,0,0.4905185978375526,0
frozen_easy_original,char_tfidf,direct_to_direct,direct,direct,0,FU37,FU37::harmful::direct,harmful,1,0.5620689840350578,1
frozen_easy_original,char_tfidf,direct_to_direct,direct,direct,1,FU05,FU05::benign::direct,benign,0,0.3963313187450502,0
frozen_easy_original,char_tfidf,direct_to_direct,direct,direct,1,FU05,FU05::harmful::direct,harmful,1,0.5676407649468063,1
frozen_easy_original,char_tfidf,direct_to_direct,direct,direct,1,FU14,FU14::benign::direct,benign,0,0.4120673898576582,0
frozen_easy_original,char_tfidf,direct_to_direct,direct,direct,1,FU14,FU14::harmful::direct,harmful,1,0.5359120143968934,1
frozen_easy_original,char_tfidf,direct_to_direct,direct,direct,1,FU21,FU21::benign::direct,benign,0,0.4345733279664093,0
frozen_easy_original,char_tfidf,direct_to_direct,direct,direct,1,FU21,FU21::harmful::direct,harmful,1,0.5337029751220232,1
frozen_easy_original,char_tfidf,direct_to_direct,direct,direct,1,FU22,FU22::benign::direct,benign,0,0.43364179274016834,0
frozen_easy_original,char_tfidf,direct_to_direct,direct,direct,1,FU22,FU22::harmful::direct,harmful,1,0.5616431689813413,1
frozen_easy_original,char_tfidf,direct_to_direct,direct,direct,1,FU33,FU33::benign::direct,benign,0,0.4559461195571543,0
frozen_easy_original,char_tfidf,direct_to_direct,direct,direct,1,FU33,FU33::harmful::direct,harmful,1,0.6001407771564605,1
frozen_easy_original,char_tfidf,direct_to_direct,direct,direct,1,FU34,FU34::benign::direct,benign,0,0.4315829114294335,0
frozen_easy_original,char_tfidf,direct_to_direct,direct,direct,1,FU34,FU34::harmful::direct,harmful,1,0.5870195229740295,1
frozen_easy_original,char_tfidf,direct_to_direct,direct,direct,1,FU36,FU36::benign::direct,benign,0,0.4005396467147537,0
frozen_easy_original,char_tfidf,direct_to_direct,direct,direct,1,FU36,FU36::harmful::direct,harmful,1,0.5938316177114968,1
frozen_easy_original,char_tfidf,direct_to_direct,direct,direct,1,FU38,FU38::benign::direct,benign,0,0.44929853652044655,0
frozen_easy_original,char_tfidf,direct_to_direct,direct,direct,1,FU38,FU38::harmful::direct,harmful,1,0.5593809632009902,1
frozen_easy_original,char_tfidf,direct_to_direct,direct,direct,2,FU06,FU06::benign::direct,benign,0,0.4352455664983144,0
frozen_easy_original,char_tfidf,direct_to_direct,direct,direct,2,FU06,FU06::harmful::direct,harmful,1,0.5798301529088111,1
frozen_easy_original,char_tfidf,direct_to_direct,direct,direct,2,FU09,FU09::benign::direct,benign,0,0.46610250714844564,0
frozen_easy_original,char_tfidf,direct_to_direct,direct,direct,2,FU09,FU09::harmful::direct,harmful,1,0.5241388021831568,1
frozen_easy_original,char_tfidf,direct_to_direct,direct,direct,2,FU11,FU11::benign::direct,benign,0,0.39246096229172617,0
frozen_easy_original,char_tfidf,direct_to_direct,direct,direct,2,FU11,FU11::harmful::direct,harmful,1,0.5425867894401596,1
frozen_easy_original,char_tfidf,direct_to_direct,direct,direct,2,FU13,FU13::benign::direct,benign,0,0.4419416571195422,0
frozen_easy_original,char_tfidf,direct_to_direct,direct,direct,2,FU13,FU13::harmful::direct,harmful,1,0.5526291733892028,1
frozen_easy_original,char_tfidf,direct_to_direct,direct,direct,2,FU15,FU15::benign::direct,benign,0,0.4400341679732131,0
frozen_easy_original,char_tfidf,direct_to_direct,direct,direct,2,FU15,FU15::harmful::direct,harmful,1,0.5905906198124364,1
frozen_easy_original,char_tfidf,direct_to_direct,direct,direct,2,FU20,FU20::benign::direct,benign,0,0.4391642924343143,0
frozen_easy_original,char_tfidf,direct_to_direct,direct,direct,2,FU20,FU20::harmful::direct,harmful,1,0.5169944497612279,1
frozen_easy_original,char_tfidf,direct_to_direct,direct,direct,2,FU23,FU23::benign::direct,benign,0,0.4256800242431786,0
frozen_easy_original,char_tfidf,direct_to_direct,direct,direct,2,FU23,FU23::harmful::direct,harmful,1,0.5967126312300138,1
frozen_easy_original,char_tfidf,direct_to_direct,direct,direct,2,FU29,FU29::benign::direct,benign,0,0.4385440014786314,0
frozen_easy_original,char_tfidf,direct_to_direct,direct,direct,2,FU29,FU29::harmful::direct,harmful,1,0.541215799154007,1
frozen_easy_original,char_tfidf,direct_to_direct,direct,direct,3,FU01,FU01::benign::direct,benign,0,0.38471870747411785,0
frozen_easy_original,char_tfidf,direct_to_direct,direct,direct,3,FU01,FU01::harmful::direct,harmful,1,0.5682304009177063,1
frozen_easy_original,char_tfidf,direct_to_direct,direct,direct,3,FU03,FU03::benign::direct,benign,0,0.4413243519867298,0
frozen_easy_original,char_tfidf,direct_to_direct,direct,direct,3,FU03,FU03::harmful::direct,harmful,1,0.5523648181038935,1
frozen_easy_original,char_tfidf,direct_to_direct,direct,direct,3,FU08,FU08::benign::direct,benign,0,0.43516837457539614,0
frozen_easy_original,char_tfidf,direct_to_direct,direct,direct,3,FU08,FU08::harmful::direct,harmful,1,0.5099087367799934,1
frozen_easy_original,char_tfidf,direct_to_direct,direct,direct,3,FU18,FU18::benign::direct,benign,0,0.4780463013037225,0
frozen_easy_original,char_tfidf,direct_to_direct,direct,direct,3,FU18,FU18::harmful::direct,harmful,1,0.5499846944241612,1
frozen_easy_original,char_tfidf,direct_to_direct,direct,direct,3,FU25,FU25::benign::direct,benign,0,0.45226631458985983,0
frozen_easy_original,char_tfidf,direct_to_direct,direct,direct,3,FU25,FU25::harmful::direct,harmful,1,0.6249723589646738,1
frozen_easy_original,char_tfidf,direct_to_direct,direct,direct,3,FU30,FU30::benign::direct,benign,0,0.4282971644649563,0
frozen_easy_original,char_tfidf,direct_to_direct,direct,direct,3,FU30,FU30::harmful::direct,harmful,1,0.6113174331798794,1
frozen_easy_original,char_tfidf,direct_to_direct,direct,direct,3,FU31,FU31::benign::direct,benign,0,0.4078368990012622,0
frozen_easy_original,char_tfidf,direct_to_direct,direct,direct,3,FU31,FU31::harmful::direct,harmful,1,0.5970974648144023,1
frozen_easy_original,char_tfidf,direct_to_direct,direct,direct,4,FU02,FU02::benign::direct,benign,0,0.41534358271933386,0
frozen_easy_original,char_tfidf,direct_to_direct,direct,direct,4,FU02,FU02::harmful::direct,harmful,1,0.5142065784425489,1
frozen_easy_original,char_tfidf,direct_to_direct,direct,direct,4,FU07,FU07::benign::direct,benign,0,0.4785731475524064,0
frozen_easy_original,char_tfidf,direct_to_direct,direct,direct,4,FU07,FU07::harmful::direct,harmful,1,0.5849102183703017,1
frozen_easy_original,char_tfidf,direct_to_direct,direct,direct,4,FU10,FU10::benign::direct,benign,0,0.4173698389282988,0
frozen_easy_original,char_tfidf,direct_to_direct,direct,direct,4,FU10,FU10::harmful::direct,harmful,1,0.5568192797796616,1
frozen_easy_original,char_tfidf,direct_to_direct,direct,direct,4,FU12,FU12::benign::direct,benign,0,0.42368225231056583,0
frozen_easy_original,char_tfidf,direct_to_direct,direct,direct,4,FU12,FU12::harmful::direct,harmful,1,0.5826545350612294,1
frozen_easy_original,char_tfidf,direct_to_direct,direct,direct,4,FU24,FU24::benign::direct,benign,0,0.45835513718208454,0
frozen_easy_original,char_tfidf,direct_to_direct,direct,direct,4,FU24,FU24::harmful::direct,harmful,1,0.5570521020882516,1
frozen_easy_original,char_tfidf,direct_to_direct,direct,direct,4,FU26,FU26::benign::direct,benign,0,0.4378441450881422,0
frozen_easy_original,char_tfidf,direct_to_direct,direct,direct,4,FU26,FU26::harmful::direct,harmful,1,0.5588436524941841,1
frozen_easy_original,char_tfidf,direct_to_direct,direct,direct,4,FU35,FU35::benign::direct,benign,0,0.4880885342117787,0
frozen_easy_original,char_tfidf,direct_to_direct,direct,direct,4,FU35,FU35::harmful::direct,harmful,1,0.5897050347557783,1
frozen_easy_original,char_tfidf,direct_to_O2,direct,O2,0,FU04,FU04::benign::O2,benign,0,0.5162477055241358,1
frozen_easy_original,char_tfidf,direct_to_O2,direct,O2,0,FU04,FU04::harmful::O2,harmful,1,0.5168876779180115,1
frozen_easy_original,char_tfidf,direct_to_O2,direct,O2,0,FU16,FU16::benign::O2,benign,0,0.49676298972244526,0
frozen_easy_original,char_tfidf,direct_to_O2,direct,O2,0,FU16,FU16::harmful::O2,harmful,1,0.5381143072228898,1
frozen_easy_original,char_tfidf,direct_to_O2,direct,O2,0,FU17,FU17::benign::O2,benign,0,0.5052545686519571,1
frozen_easy_original,char_tfidf,direct_to_O2,direct,O2,0,FU17,FU17::harmful::O2,harmful,1,0.5278045839923062,1
frozen_easy_original,char_tfidf,direct_to_O2,direct,O2,0,FU19,FU19::benign::O2,benign,0,0.49577435192332514,0
frozen_easy_original,char_tfidf,direct_to_O2,direct,O2,0,FU19,FU19::harmful::O2,harmful,1,0.5412630120927083,1
frozen_easy_original,char_tfidf,direct_to_O2,direct,O2,0,FU27,FU27::benign::O2,benign,0,0.5219206011925525,1
frozen_easy_original,char_tfidf,direct_to_O2,direct,O2,0,FU27,FU27::harmful::O2,harmful,1,0.5085331063233772,1
frozen_easy_original,char_tfidf,direct_to_O2,direct,O2,0,FU28,FU28::benign::O2,benign,0,0.5045430775910875,1
frozen_easy_original,char_tfidf,direct_to_O2,direct,O2,0,FU28,FU28::harmful::O2,harmful,1,0.5188242007389979,1
frozen_easy_original,char_tfidf,direct_to_O2,direct,O2,0,FU32,FU32::benign::O2,benign,0,0.5054518252802324,1
frozen_easy_original,char_tfidf,direct_to_O2,direct,O2,0,FU32,FU32::harmful::O2,harmful,1,0.5443896346079607,1
frozen_easy_original,char_tfidf,direct_to_O2,direct,O2,0,FU37,FU37::benign::O2,benign,0,0.49058756306184487,0
frozen_easy_original,char_tfidf,direct_to_O2,direct,O2,0,FU37,FU37::harmful::O2,harmful,1,0.5233324375608143,1
frozen_easy_original,char_tfidf,direct_to_O2,direct,O2,1,FU05,FU05::benign::O2,benign,0,0.5065302041561772,1
frozen_easy_original,char_tfidf,direct_to_O2,direct,O2,1,FU05,FU05::harmful::O2,harmful,1,0.5359650609031693,1
frozen_easy_original,char_tfidf,direct_to_O2,direct,O2,1,FU14,FU14::benign::O2,benign,0,0.4847741944099945,0
frozen_easy_original,char_tfidf,direct_to_O2,direct,O2,1,FU14,FU14::harmful::O2,harmful,1,0.5170311475249427,1
frozen_easy_original,char_tfidf,direct_to_O2,direct,O2,1,FU21,FU21::benign::O2,benign,0,0.4709082943769579,0
frozen_easy_original,char_tfidf,direct_to_O2,direct,O2,1,FU21,FU21::harmful::O2,harmful,1,0.5016968813083357,1
frozen_easy_original,char_tfidf,direct_to_O2,direct,O2,1,FU22,FU22::benign::O2,benign,0,0.4505837518317675,0
frozen_easy_original,char_tfidf,direct_to_O2,direct,O2,1,FU22,FU22::harmful::O2,harmful,1,0.5098645001013217,1
frozen_easy_original,char_tfidf,direct_to_O2,direct,O2,1,FU33,FU33::benign::O2,benign,0,0.5076648684646989,1
frozen_easy_original,char_tfidf,direct_to_O2,direct,O2,1,FU33,FU33::harmful::O2,harmful,1,0.5326509347057127,1
frozen_easy_original,char_tfidf,direct_to_O2,direct,O2,1,FU34,FU34::benign::O2,benign,0,0.4903715974856332,0
frozen_easy_original,char_tfidf,direct_to_O2,direct,O2,1,FU34,FU34::harmful::O2,harmful,1,0.5107183093586648,1
frozen_easy_original,char_tfidf,direct_to_O2,direct,O2,1,FU36,FU36::benign::O2,benign,0,0.4928255985047499,0
frozen_easy_original,char_tfidf,direct_to_O2,direct,O2,1,FU36,FU36::harmful::O2,harmful,1,0.5254150534821845,1
frozen_easy_original,char_tfidf,direct_to_O2,direct,O2,1,FU38,FU38::benign::O2,benign,0,0.4821769928914598,0
frozen_easy_original,char_tfidf,direct_to_O2,direct,O2,1,FU38,FU38::harmful::O2,harmful,1,0.5177680186811674,1
frozen_easy_original,char_tfidf,direct_to_O2,direct,O2,2,FU06,FU06::benign::O2,benign,0,0.48259208768807044,0
frozen_easy_original,char_tfidf,direct_to_O2,direct,O2,2,FU06,FU06::harmful::O2,harmful,1,0.5221694189619569,1
frozen_easy_original,char_tfidf,direct_to_O2,direct,O2,2,FU09,FU09::benign::O2,benign,0,0.5016967888363244,1
frozen_easy_original,char_tfidf,direct_to_O2,direct,O2,2,FU09,FU09::harmful::O2,harmful,1,0.48936049079097005,0
frozen_easy_original,char_tfidf,direct_to_O2,direct,O2,2,FU11,FU11::benign::O2,benign,0,0.43195542971421946,0
frozen_easy_original,char_tfidf,direct_to_O2,direct,O2,2,FU11,FU11::harmful::O2,harmful,1,0.49238427477703944,0
frozen_easy_original,char_tfidf,direct_to_O2,direct,O2,2,FU13,FU13::benign::O2,benign,0,0.48214714939811104,0
frozen_easy_original,char_tfidf,direct_to_O2,direct,O2,2,FU13,FU13::harmful::O2,harmful,1,0.5367949701913114,1
frozen_easy_original,char_tfidf,direct_to_O2,direct,O2,2,FU15,FU15::benign::O2,benign,0,0.4856322555571209,0
frozen_easy_original,char_tfidf,direct_to_O2,direct,O2,2,FU15,FU15::harmful::O2,harmful,1,0.5464991340548859,1
frozen_easy_original,char_tfidf,direct_to_O2,direct,O2,2,FU20,FU20::benign::O2,benign,0,0.5210522781199556,1
frozen_easy_original,char_tfidf,direct_to_O2,direct,O2,2,FU20,FU20::harmful::O2,harmful,1,0.5037946667182961,1
frozen_easy_original,char_tfidf,direct_to_O2,direct,O2,2,FU23,FU23::benign::O2,benign,0,0.4745599004427974,0
frozen_easy_original,char_tfidf,direct_to_O2,direct,O2,2,FU23,FU23::harmful::O2,harmful,1,0.5406906558280401,1
frozen_easy_original,char_tfidf,direct_to_O2,direct,O2,2,FU29,FU29::benign::O2,benign,0,0.49635978749185394,0
frozen_easy_original,char_tfidf,direct_to_O2,direct,O2,2,FU29,FU29::harmful::O2,harmful,1,0.5144238355949355,1
frozen_easy_original,char_tfidf,direct_to_O2,direct,O2,3,FU01,FU01::benign::O2,benign,0,0.42086108133577077,0
frozen_easy_original,char_tfidf,direct_to_O2,direct,O2,3,FU01,FU01::harmful::O2,harmful,1,0.5187461222509671,1
frozen_easy_original,char_tfidf,direct_to_O2,direct,O2,3,FU03,FU03::benign::O2,benign,0,0.48353670558737977,0
frozen_easy_original,char_tfidf,direct_to_O2,direct,O2,3,FU03,FU03::harmful::O2,harmful,1,0.5340410907505965,1
frozen_easy_original,char_tfidf,direct_to_O2,direct,O2,3,FU08,FU08::benign::O2,benign,0,0.49105438466202467,0
frozen_easy_original,char_tfidf,direct_to_O2,direct,O2,3,FU08,FU08::harmful::O2,harmful,1,0.4986249428341307,0
frozen_easy_original,char_tfidf,direct_to_O2,direct,O2,3,FU18,FU18::benign::O2,benign,0,0.5024152152752557,1
frozen_easy_original,char_tfidf,direct_to_O2,direct,O2,3,FU18,FU18::harmful::O2,harmful,1,0.5337773572764168,1
frozen_easy_original,char_tfidf,direct_to_O2,direct,O2,3,FU25,FU25::benign::O2,benign,0,0.5265276585865754,1
frozen_easy_original,char_tfidf,direct_to_O2,direct,O2,3,FU25,FU25::harmful::O2,harmful,1,0.553340841542016,1
frozen_easy_original,char_tfidf,direct_to_O2,direct,O2,3,FU30,FU30::benign::O2,benign,0,0.45379387272513577,0
frozen_easy_original,char_tfidf,direct_to_O2,direct,O2,3,FU30,FU30::harmful::O2,harmful,1,0.5483055238197936,1
frozen_easy_original,char_tfidf,direct_to_O2,direct,O2,3,FU31,FU31::benign::O2,benign,0,0.4737112117029717,0
frozen_easy_original,char_tfidf,direct_to_O2,direct,O2,3,FU31,FU31::harmful::O2,harmful,1,0.5563277604603173,1
frozen_easy_original,char_tfidf,direct_to_O2,direct,O2,4,FU02,FU02::benign::O2,benign,0,0.4766693155257078,0
frozen_easy_original,char_tfidf,direct_to_O2,direct,O2,4,FU02,FU02::harmful::O2,harmful,1,0.5316919172649248,1
frozen_easy_original,char_tfidf,direct_to_O2,direct,O2,4,FU07,FU07::benign::O2,benign,0,0.4964308153301138,0
frozen_easy_original,char_tfidf,direct_to_O2,direct,O2,4,FU07,FU07::harmful::O2,harmful,1,0.5348662179921496,1
frozen_easy_original,char_tfidf,direct_to_O2,direct,O2,4,FU10,FU10::benign::O2,benign,0,0.45642733201865554,0
frozen_easy_original,char_tfidf,direct_to_O2,direct,O2,4,FU10,FU10::harmful::O2,harmful,1,0.49590887479903695,0
frozen_easy_original,char_tfidf,direct_to_O2,direct,O2,4,FU12,FU12::benign::O2,benign,0,0.4629968562138087,0
frozen_easy_original,char_tfidf,direct_to_O2,direct,O2,4,FU12,FU12::harmful::O2,harmful,1,0.5331589602734702,1
frozen_easy_original,char_tfidf,direct_to_O2,direct,O2,4,FU24,FU24::benign::O2,benign,0,0.500861990538358,1
frozen_easy_original,char_tfidf,direct_to_O2,direct,O2,4,FU24,FU24::harmful::O2,harmful,1,0.5314853887747268,1
frozen_easy_original,char_tfidf,direct_to_O2,direct,O2,4,FU26,FU26::benign::O2,benign,0,0.4647554195125132,0
frozen_easy_original,char_tfidf,direct_to_O2,direct,O2,4,FU26,FU26::harmful::O2,harmful,1,0.5224371334780441,1
frozen_easy_original,char_tfidf,direct_to_O2,direct,O2,4,FU35,FU35::benign::O2,benign,0,0.48417922899178145,0
frozen_easy_original,char_tfidf,direct_to_O2,direct,O2,4,FU35,FU35::harmful::O2,harmful,1,0.5395068633717135,1
frozen_easy_original,char_tfidf,O2_to_O2,O2,O2,0,FU04,FU04::benign::O2,benign,0,0.4775523315843969,0
frozen_easy_original,char_tfidf,O2_to_O2,O2,O2,0,FU04,FU04::harmful::O2,harmful,1,0.5462626204787444,1
frozen_easy_original,char_tfidf,O2_to_O2,O2,O2,0,FU16,FU16::benign::O2,benign,0,0.4544952967052234,0
frozen_easy_original,char_tfidf,O2_to_O2,O2,O2,0,FU16,FU16::harmful::O2,harmful,1,0.5726353687930952,1
frozen_easy_original,char_tfidf,O2_to_O2,O2,O2,0,FU17,FU17::benign::O2,benign,0,0.4486742159880989,0
frozen_easy_original,char_tfidf,O2_to_O2,O2,O2,0,FU17,FU17::harmful::O2,harmful,1,0.6003318326128465,1
frozen_easy_original,char_tfidf,O2_to_O2,O2,O2,0,FU19,FU19::benign::O2,benign,0,0.4628282894071592,0
frozen_easy_original,char_tfidf,O2_to_O2,O2,O2,0,FU19,FU19::harmful::O2,harmful,1,0.6170364719694315,1
frozen_easy_original,char_tfidf,O2_to_O2,O2,O2,0,FU27,FU27::benign::O2,benign,0,0.48190150545957716,0
frozen_easy_original,char_tfidf,O2_to_O2,O2,O2,0,FU27,FU27::harmful::O2,harmful,1,0.5544174223376909,1
frozen_easy_original,char_tfidf,O2_to_O2,O2,O2,0,FU28,FU28::benign::O2,benign,0,0.4337013042036394,0
frozen_easy_original,char_tfidf,O2_to_O2,O2,O2,0,FU28,FU28::harmful::O2,harmful,1,0.5842802746938593,1
frozen_easy_original,char_tfidf,O2_to_O2,O2,O2,0,FU32,FU32::benign::O2,benign,0,0.4690868163531048,0
frozen_easy_original,char_tfidf,O2_to_O2,O2,O2,0,FU32,FU32::harmful::O2,harmful,1,0.5993454980783474,1
frozen_easy_original,char_tfidf,O2_to_O2,O2,O2,0,FU37,FU37::benign::O2,benign,0,0.4905363548893451,0
frozen_easy_original,char_tfidf,O2_to_O2,O2,O2,0,FU37,FU37::harmful::O2,harmful,1,0.5622760957392348,1
frozen_easy_original,char_tfidf,O2_to_O2,O2,O2,1,FU05,FU05::benign::O2,benign,0,0.3962370455425196,0
frozen_easy_original,char_tfidf,O2_to_O2,O2,O2,1,FU05,FU05::harmful::O2,harmful,1,0.5675924472022746,1
frozen_easy_original,char_tfidf,O2_to_O2,O2,O2,1,FU14,FU14::benign::O2,benign,0,0.412011093223076,0
frozen_easy_original,char_tfidf,O2_to_O2,O2,O2,1,FU14,FU14::harmful::O2,harmful,1,0.535890500742869,1
frozen_easy_original,char_tfidf,O2_to_O2,O2,O2,1,FU21,FU21::benign::O2,benign,0,0.4345151915154505,0
frozen_easy_original,char_tfidf,O2_to_O2,O2,O2,1,FU21,FU21::harmful::O2,harmful,1,0.5338097645265053,1
frozen_easy_original,char_tfidf,O2_to_O2,O2,O2,1,FU22,FU22::benign::O2,benign,0,0.43369573493844277,0
frozen_easy_original,char_tfidf,O2_to_O2,O2,O2,1,FU22,FU22::harmful::O2,harmful,1,0.5618793059241233,1
frozen_easy_original,char_tfidf,O2_to_O2,O2,O2,1,FU33,FU33::benign::O2,benign,0,0.4558517783317248,0
frozen_easy_original,char_tfidf,O2_to_O2,O2,O2,1,FU33,FU33::harmful::O2,harmful,1,0.6003385755580855,1
frozen_easy_original,char_tfidf,O2_to_O2,O2,O2,1,FU34,FU34::benign::O2,benign,0,0.43175753989602933,0
frozen_easy_original,char_tfidf,O2_to_O2,O2,O2,1,FU34,FU34::harmful::O2,harmful,1,0.5870315429470898,1
frozen_easy_original,char_tfidf,O2_to_O2,O2,O2,1,FU36,FU36::benign::O2,benign,0,0.4005651476257395,0
frozen_easy_original,char_tfidf,O2_to_O2,O2,O2,1,FU36,FU36::harmful::O2,harmful,1,0.5943773891579078,1
frozen_easy_original,char_tfidf,O2_to_O2,O2,O2,1,FU38,FU38::benign::O2,benign,0,0.44926378159127695,0
frozen_easy_original,char_tfidf,O2_to_O2,O2,O2,1,FU38,FU38::harmful::O2,harmful,1,0.5597205062844608,1
frozen_easy_original,char_tfidf,O2_to_O2,O2,O2,2,FU06,FU06::benign::O2,benign,0,0.4353094667269258,0
frozen_easy_original,char_tfidf,O2_to_O2,O2,O2,2,FU06,FU06::harmful::O2,harmful,1,0.5797604320485918,1
frozen_easy_original,char_tfidf,O2_to_O2,O2,O2,2,FU09,FU09::benign::O2,benign,0,0.4660572399824968,0
frozen_easy_original,char_tfidf,O2_to_O2,O2,O2,2,FU09,FU09::harmful::O2,harmful,1,0.5240832386895382,1
frozen_easy_original,char_tfidf,O2_to_O2,O2,O2,2,FU11,FU11::benign::O2,benign,0,0.39248100298816563,0
frozen_easy_original,char_tfidf,O2_to_O2,O2,O2,2,FU11,FU11::harmful::O2,harmful,1,0.5424743211875934,1
frozen_easy_original,char_tfidf,O2_to_O2,O2,O2,2,FU13,FU13::benign::O2,benign,0,0.4418294349608514,0
frozen_easy_original,char_tfidf,O2_to_O2,O2,O2,2,FU13,FU13::harmful::O2,harmful,1,0.5526571048533674,1
frozen_easy_original,char_tfidf,O2_to_O2,O2,O2,2,FU15,FU15::benign::O2,benign,0,0.4407478598310879,0
frozen_easy_original,char_tfidf,O2_to_O2,O2,O2,2,FU15,FU15::harmful::O2,harmful,1,0.5907301256595174,1
frozen_easy_original,char_tfidf,O2_to_O2,O2,O2,2,FU20,FU20::benign::O2,benign,0,0.4390552539368046,0
frozen_easy_original,char_tfidf,O2_to_O2,O2,O2,2,FU20,FU20::harmful::O2,harmful,1,0.5169776582447698,1
frozen_easy_original,char_tfidf,O2_to_O2,O2,O2,2,FU23,FU23::benign::O2,benign,0,0.42567708264900467,0
frozen_easy_original,char_tfidf,O2_to_O2,O2,O2,2,FU23,FU23::harmful::O2,harmful,1,0.5967306894126402,1
frozen_easy_original,char_tfidf,O2_to_O2,O2,O2,2,FU29,FU29::benign::O2,benign,0,0.4389068161118461,0
frozen_easy_original,char_tfidf,O2_to_O2,O2,O2,2,FU29,FU29::harmful::O2,harmful,1,0.5411779877576324,1
frozen_easy_original,char_tfidf,O2_to_O2,O2,O2,3,FU01,FU01::benign::O2,benign,0,0.38471870747411785,0
frozen_easy_original,char_tfidf,O2_to_O2,O2,O2,3,FU01,FU01::harmful::O2,harmful,1,0.5662927344792458,1
frozen_easy_original,char_tfidf,O2_to_O2,O2,O2,3,FU03,FU03::benign::O2,benign,0,0.4413243519867298,0
frozen_easy_original,char_tfidf,O2_to_O2,O2,O2,3,FU03,FU03::harmful::O2,harmful,1,0.5523648181038935,1
frozen_easy_original,char_tfidf,O2_to_O2,O2,O2,3,FU08,FU08::benign::O2,benign,0,0.43516837457539603,0
frozen_easy_original,char_tfidf,O2_to_O2,O2,O2,3,FU08,FU08::harmful::O2,harmful,1,0.5099087367799934,1
frozen_easy_original,char_tfidf,O2_to_O2,O2,O2,3,FU18,FU18::benign::O2,benign,0,0.47804630130372244,0
frozen_easy_original,char_tfidf,O2_to_O2,O2,O2,3,FU18,FU18::harmful::O2,harmful,1,0.5499846944241611,1
frozen_easy_original,char_tfidf,O2_to_O2,O2,O2,3,FU25,FU25::benign::O2,benign,0,0.45226631458985983,0
frozen_easy_original,char_tfidf,O2_to_O2,O2,O2,3,FU25,FU25::harmful::O2,harmful,1,0.6249723589646738,1
frozen_easy_original,char_tfidf,O2_to_O2,O2,O2,3,FU30,FU30::benign::O2,benign,0,0.42829716446495625,0
frozen_easy_original,char_tfidf,O2_to_O2,O2,O2,3,FU30,FU30::harmful::O2,harmful,1,0.6113174331798794,1
frozen_easy_original,char_tfidf,O2_to_O2,O2,O2,3,FU31,FU31::benign::O2,benign,0,0.407836899001262,0
frozen_easy_original,char_tfidf,O2_to_O2,O2,O2,3,FU31,FU31::harmful::O2,harmful,1,0.5970974648144022,1
frozen_easy_original,char_tfidf,O2_to_O2,O2,O2,4,FU02,FU02::benign::O2,benign,0,0.41549195138759554,0
frozen_easy_original,char_tfidf,O2_to_O2,O2,O2,4,FU02,FU02::harmful::O2,harmful,1,0.5140475754769162,1
frozen_easy_original,char_tfidf,O2_to_O2,O2,O2,4,FU07,FU07::benign::O2,benign,0,0.47855481925509796,0
frozen_easy_original,char_tfidf,O2_to_O2,O2,O2,4,FU07,FU07::harmful::O2,harmful,1,0.5847967851060848,1
frozen_easy_original,char_tfidf,O2_to_O2,O2,O2,4,FU10,FU10::benign::O2,benign,0,0.4174199764602359,0
frozen_easy_original,char_tfidf,O2_to_O2,O2,O2,4,FU10,FU10::harmful::O2,harmful,1,0.5575416420873327,1
frozen_easy_original,char_tfidf,O2_to_O2,O2,O2,4,FU12,FU12::benign::O2,benign,0,0.4236261231633532,0
frozen_easy_original,char_tfidf,O2_to_O2,O2,O2,4,FU12,FU12::harmful::O2,harmful,1,0.5825847127902563,1
frozen_easy_original,char_tfidf,O2_to_O2,O2,O2,4,FU24,FU24::benign::O2,benign,0,0.45845530583953165,0
frozen_easy_original,char_tfidf,O2_to_O2,O2,O2,4,FU24,FU24::harmful::O2,harmful,1,0.5569902097055077,1
frozen_easy_original,char_tfidf,O2_to_O2,O2,O2,4,FU26,FU26::benign::O2,benign,0,0.43788298603106174,0
frozen_easy_original,char_tfidf,O2_to_O2,O2,O2,4,FU26,FU26::harmful::O2,harmful,1,0.5587306111215682,1
frozen_easy_original,char_tfidf,O2_to_O2,O2,O2,4,FU35,FU35::benign::O2,benign,0,0.4892451277166744,0
frozen_easy_original,char_tfidf,O2_to_O2,O2,O2,4,FU35,FU35::harmful::O2,harmful,1,0.5896306919696399,1
draft_hard_candidate,word_tfidf,direct_to_direct,direct,direct,0,FU04,P3C::FU04::harmful_anchor::direct,harmful_anchor,1,0.535648131734787,1
draft_hard_candidate,word_tfidf,direct_to_direct,direct,direct,0,FU04,P3C::FU04::draft_hard_benign::direct,draft_hard_benign,0,0.5405206338864011,1
draft_hard_candidate,word_tfidf,direct_to_direct,direct,direct,0,FU16,P3C::FU16::harmful_anchor::direct,harmful_anchor,1,0.5091325035354782,1
draft_hard_candidate,word_tfidf,direct_to_direct,direct,direct,0,FU16,P3C::FU16::draft_hard_benign::direct,draft_hard_benign,0,0.47322848387426025,0
draft_hard_candidate,word_tfidf,direct_to_direct,direct,direct,0,FU17,P3C::FU17::harmful_anchor::direct,harmful_anchor,1,0.46748391916224946,0
draft_hard_candidate,word_tfidf,direct_to_direct,direct,direct,0,FU17,P3C::FU17::draft_hard_benign::direct,draft_hard_benign,0,0.46431887723834786,0
draft_hard_candidate,word_tfidf,direct_to_direct,direct,direct,0,FU19,P3C::FU19::harmful_anchor::direct,harmful_anchor,1,0.513262137011261,1
draft_hard_candidate,word_tfidf,direct_to_direct,direct,direct,0,FU19,P3C::FU19::draft_hard_benign::direct,draft_hard_benign,0,0.4949172170789556,0
draft_hard_candidate,word_tfidf,direct_to_direct,direct,direct,0,FU27,P3C::FU27::harmful_anchor::direct,harmful_anchor,1,0.5077178302362911,1
draft_hard_candidate,word_tfidf,direct_to_direct,direct,direct,0,FU27,P3C::FU27::draft_hard_benign::direct,draft_hard_benign,0,0.5012159933438408,1
draft_hard_candidate,word_tfidf,direct_to_direct,direct,direct,0,FU28,P3C::FU28::harmful_anchor::direct,harmful_anchor,1,0.5463868743772461,1
draft_hard_candidate,word_tfidf,direct_to_direct,direct,direct,0,FU28,P3C::FU28::draft_hard_benign::direct,draft_hard_benign,0,0.49028196220646586,0
draft_hard_candidate,word_tfidf,direct_to_direct,direct,direct,0,FU32,P3C::FU32::harmful_anchor::direct,harmful_anchor,1,0.511204750348754,1
draft_hard_candidate,word_tfidf,direct_to_direct,direct,direct,0,FU32,P3C::FU32::draft_hard_benign::direct,draft_hard_benign,0,0.4879783536087918,0
draft_hard_candidate,word_tfidf,direct_to_direct,direct,direct,0,FU37,P3C::FU37::harmful_anchor::direct,harmful_anchor,1,0.4918376780584651,0
draft_hard_candidate,word_tfidf,direct_to_direct,direct,direct,0,FU37,P3C::FU37::draft_hard_benign::direct,draft_hard_benign,0,0.4739007247060179,0
draft_hard_candidate,word_tfidf,direct_to_direct,direct,direct,1,FU05,P3C::FU05::harmful_anchor::direct,harmful_anchor,1,0.5114297819670462,1
draft_hard_candidate,word_tfidf,direct_to_direct,direct,direct,1,FU05,P3C::FU05::draft_hard_benign::direct,draft_hard_benign,0,0.4810028830530261,0
draft_hard_candidate,word_tfidf,direct_to_direct,direct,direct,1,FU14,P3C::FU14::harmful_anchor::direct,harmful_anchor,1,0.49641398218565264,0
draft_hard_candidate,word_tfidf,direct_to_direct,direct,direct,1,FU14,P3C::FU14::draft_hard_benign::direct,draft_hard_benign,0,0.47950192808294717,0
draft_hard_candidate,word_tfidf,direct_to_direct,direct,direct,1,FU21,P3C::FU21::harmful_anchor::direct,harmful_anchor,1,0.5156585394295862,1
draft_hard_candidate,word_tfidf,direct_to_direct,direct,direct,1,FU21,P3C::FU21::draft_hard_benign::direct,draft_hard_benign,0,0.46468262694979345,0
draft_hard_candidate,word_tfidf,direct_to_direct,direct,direct,1,FU22,P3C::FU22::harmful_anchor::direct,harmful_anchor,1,0.4962545013194289,0
draft_hard_candidate,word_tfidf,direct_to_direct,direct,direct,1,FU22,P3C::FU22::draft_hard_benign::direct,draft_hard_benign,0,0.5022407793715531,1
draft_hard_candidate,word_tfidf,direct_to_direct,direct,direct,1,FU33,P3C::FU33::harmful_anchor::direct,harmful_anchor,1,0.5027709538105962,1
draft_hard_candidate,word_tfidf,direct_to_direct,direct,direct,1,FU33,P3C::FU33::draft_hard_benign::direct,draft_hard_benign,0,0.5028088980076354,1
draft_hard_candidate,word_tfidf,direct_to_direct,direct,direct,1,FU34,P3C::FU34::harmful_anchor::direct,harmful_anchor,1,0.5096474352161946,1
draft_hard_candidate,word_tfidf,direct_to_direct,direct,direct,1,FU34,P3C::FU34::draft_hard_benign::direct,draft_hard_benign,0,0.5220671339382528,1
draft_hard_candidate,word_tfidf,direct_to_direct,direct,direct,1,FU36,P3C::FU36::harmful_anchor::direct,harmful_anchor,1,0.5139849572572496,1
draft_hard_candidate,word_tfidf,direct_to_direct,direct,direct,1,FU36,P3C::FU36::draft_hard_benign::direct,draft_hard_benign,0,0.48866528061361736,0
draft_hard_candidate,word_tfidf,direct_to_direct,direct,direct,1,FU38,P3C::FU38::harmful_anchor::direct,harmful_anchor,1,0.4825751484396505,0
draft_hard_candidate,word_tfidf,direct_to_direct,direct,direct,1,FU38,P3C::FU38::draft_hard_benign::direct,draft_hard_benign,0,0.45731823860463416,0
draft_hard_candidate,word_tfidf,direct_to_direct,direct,direct,2,FU06,P3C::FU06::harmful_anchor::direct,harmful_anchor,1,0.49215229385250664,0
draft_hard_candidate,word_tfidf,direct_to_direct,direct,direct,2,FU06,P3C::FU06::draft_hard_benign::direct,draft_hard_benign,0,0.49040707630863895,0
draft_hard_candidate,word_tfidf,direct_to_direct,direct,direct,2,FU09,P3C::FU09::harmful_anchor::direct,harmful_anchor,1,0.49338303728501326,0
draft_hard_candidate,word_tfidf,direct_to_direct,direct,direct,2,FU09,P3C::FU09::draft_hard_benign::direct,draft_hard_benign,0,0.48714374044686615,0
draft_hard_candidate,word_tfidf,direct_to_direct,direct,direct,2,FU11,P3C::FU11::harmful_anchor::direct,harmful_anchor,1,0.4693676977761578,0
draft_hard_candidate,word_tfidf,direct_to_direct,direct,direct,2,FU11,P3C::FU11::draft_hard_benign::direct,draft_hard_benign,0,0.4609873721760036,0
draft_hard_candidate,word_tfidf,direct_to_direct,direct,direct,2,FU13,P3C::FU13::harmful_anchor::direct,harmful_anchor,1,0.5148373522933335,1
draft_hard_candidate,word_tfidf,direct_to_direct,direct,direct,2,FU13,P3C::FU13::draft_hard_benign::direct,draft_hard_benign,0,0.5121021316683818,1
draft_hard_candidate,word_tfidf,direct_to_direct,direct,direct,2,FU15,P3C::FU15::harmful_anchor::direct,harmful_anchor,1,0.5359172369527292,1
draft_hard_candidate,word_tfidf,direct_to_direct,direct,direct,2,FU15,P3C::FU15::draft_hard_benign::direct,draft_hard_benign,0,0.5194600257708198,1
draft_hard_candidate,word_tfidf,direct_to_direct,direct,direct,2,FU20,P3C::FU20::harmful_anchor::direct,harmful_anchor,1,0.47470495134441804,0
draft_hard_candidate,word_tfidf,direct_to_direct,direct,direct,2,FU20,P3C::FU20::draft_hard_benign::direct,draft_hard_benign,0,0.46636639561759874,0
draft_hard_candidate,word_tfidf,direct_to_direct,direct,direct,2,FU23,P3C::FU23::harmful_anchor::direct,harmful_anchor,1,0.5419655556925279,1
draft_hard_candidate,word_tfidf,direct_to_direct,direct,direct,2,FU23,P3C::FU23::draft_hard_benign::direct,draft_hard_benign,0,0.4765241202238925,0
draft_hard_candidate,word_tfidf,direct_to_direct,direct,direct,2,FU29,P3C::FU29::harmful_anchor::direct,harmful_anchor,1,0.5219142168944285,1
draft_hard_candidate,word_tfidf,direct_to_direct,direct,direct,2,FU29,P3C::FU29::draft_hard_benign::direct,draft_hard_benign,0,0.4607062865038774,0
draft_hard_candidate,word_tfidf,direct_to_direct,direct,direct,3,FU01,P3C::FU01::harmful_anchor::direct,harmful_anchor,1,0.5119782520655172,1
draft_hard_candidate,word_tfidf,direct_to_direct,direct,direct,3,FU01,P3C::FU01::draft_hard_benign::direct,draft_hard_benign,0,0.49212088248622976,0
draft_hard_candidate,word_tfidf,direct_to_direct,direct,direct,3,FU03,P3C::FU03::harmful_anchor::direct,harmful_anchor,1,0.5195802997062499,1
draft_hard_candidate,word_tfidf,direct_to_direct,direct,direct,3,FU03,P3C::FU03::draft_hard_benign::direct,draft_hard_benign,0,0.48096512379884804,0
draft_hard_candidate,word_tfidf,direct_to_direct,direct,direct,3,FU08,P3C::FU08::harmful_anchor::direct,harmful_anchor,1,0.5067578020464533,1
draft_hard_candidate,word_tfidf,direct_to_direct,direct,direct,3,FU08,P3C::FU08::draft_hard_benign::direct,draft_hard_benign,0,0.4684998238795085,0
draft_hard_candidate,word_tfidf,direct_to_direct,direct,direct,3,FU18,P3C::FU18::harmful_anchor::direct,harmful_anchor,1,0.49547373994081295,0
draft_hard_candidate,word_tfidf,direct_to_direct,direct,direct,3,FU18,P3C::FU18::draft_hard_benign::direct,draft_hard_benign,0,0.5073586891630832,1
draft_hard_candidate,word_tfidf,direct_to_direct,direct,direct,3,FU25,P3C::FU25::harmful_anchor::direct,harmful_anchor,1,0.5378049150263555,1
draft_hard_candidate,word_tfidf,direct_to_direct,direct,direct,3,FU25,P3C::FU25::draft_hard_benign::direct,draft_hard_benign,0,0.5290578376046997,1
draft_hard_candidate,word_tfidf,direct_to_direct,direct,direct,3,FU30,P3C::FU30::harmful_anchor::direct,harmful_anchor,1,0.5347218384094472,1
draft_hard_candidate,word_tfidf,direct_to_direct,direct,direct,3,FU30,P3C::FU30::draft_hard_benign::direct,draft_hard_benign,0,0.4821609601594041,0
draft_hard_candidate,word_tfidf,direct_to_direct,direct,direct,3,FU31,P3C::FU31::harmful_anchor::direct,harmful_anchor,1,0.535006198201345,1
draft_hard_candidate,word_tfidf,direct_to_direct,direct,direct,3,FU31,P3C::FU31::draft_hard_benign::direct,draft_hard_benign,0,0.46630816666877567,0
draft_hard_candidate,word_tfidf,direct_to_direct,direct,direct,4,FU02,P3C::FU02::harmful_anchor::direct,harmful_anchor,1,0.48006788655024657,0
draft_hard_candidate,word_tfidf,direct_to_direct,direct,direct,4,FU02,P3C::FU02::draft_hard_benign::direct,draft_hard_benign,0,0.48017397728140754,0
draft_hard_candidate,word_tfidf,direct_to_direct,direct,direct,4,FU07,P3C::FU07::harmful_anchor::direct,harmful_anchor,1,0.5467143647894405,1
draft_hard_candidate,word_tfidf,direct_to_direct,direct,direct,4,FU07,P3C::FU07::draft_hard_benign::direct,draft_hard_benign,0,0.4978315630980232,0
draft_hard_candidate,word_tfidf,direct_to_direct,direct,direct,4,FU10,P3C::FU10::harmful_anchor::direct,harmful_anchor,1,0.48422478239147576,0
draft_hard_candidate,word_tfidf,direct_to_direct,direct,direct,4,FU10,P3C::FU10::draft_hard_benign::direct,draft_hard_benign,0,0.48422478239147576,0
draft_hard_candidate,word_tfidf,direct_to_direct,direct,direct,4,FU12,P3C::FU12::harmful_anchor::direct,harmful_anchor,1,0.5183230524166262,1
draft_hard_candidate,word_tfidf,direct_to_direct,direct,direct,4,FU12,P3C::FU12::draft_hard_benign::direct,draft_hard_benign,0,0.5174519851055841,1
draft_hard_candidate,word_tfidf,direct_to_direct,direct,direct,4,FU24,P3C::FU24::harmful_anchor::direct,harmful_anchor,1,0.465529890267419,0
draft_hard_candidate,word_tfidf,direct_to_direct,direct,direct,4,FU24,P3C::FU24::draft_hard_benign::direct,draft_hard_benign,0,0.4592176149020622,0
draft_hard_candidate,word_tfidf,direct_to_direct,direct,direct,4,FU26,P3C::FU26::harmful_anchor::direct,harmful_anchor,1,0.4940692827510282,0
draft_hard_candidate,word_tfidf,direct_to_direct,direct,direct,4,FU26,P3C::FU26::draft_hard_benign::direct,draft_hard_benign,0,0.46639217367336183,0
draft_hard_candidate,word_tfidf,direct_to_direct,direct,direct,4,FU35,P3C::FU35::harmful_anchor::direct,harmful_anchor,1,0.48848797161945656,0
draft_hard_candidate,word_tfidf,direct_to_direct,direct,direct,4,FU35,P3C::FU35::draft_hard_benign::direct,draft_hard_benign,0,0.4728470625893324,0
draft_hard_candidate,word_tfidf,direct_to_O2,direct,O2,0,FU04,P3C::FU04::harmful_anchor::O2,harmful_anchor,1,0.5015199832162408,1
draft_hard_candidate,word_tfidf,direct_to_O2,direct,O2,0,FU04,P3C::FU04::draft_hard_benign::O2,draft_hard_benign,0,0.5015199832162408,1
draft_hard_candidate,word_tfidf,direct_to_O2,direct,O2,0,FU16,P3C::FU16::harmful_anchor::O2,harmful_anchor,1,0.5015199832162408,1
draft_hard_candidate,word_tfidf,direct_to_O2,direct,O2,0,FU16,P3C::FU16::draft_hard_benign::O2,draft_hard_benign,0,0.5015199832162408,1
draft_hard_candidate,word_tfidf,direct_to_O2,direct,O2,0,FU17,P3C::FU17::harmful_anchor::O2,harmful_anchor,1,0.5015199832162408,1
draft_hard_candidate,word_tfidf,direct_to_O2,direct,O2,0,FU17,P3C::FU17::draft_hard_benign::O2,draft_hard_benign,0,0.5175794686997546,1
draft_hard_candidate,word_tfidf,direct_to_O2,direct,O2,0,FU19,P3C::FU19::harmful_anchor::O2,harmful_anchor,1,0.5015199832162408,1
draft_hard_candidate,word_tfidf,direct_to_O2,direct,O2,0,FU19,P3C::FU19::draft_hard_benign::O2,draft_hard_benign,0,0.5015199832162408,1
draft_hard_candidate,word_tfidf,direct_to_O2,direct,O2,0,FU27,P3C::FU27::harmful_anchor::O2,harmful_anchor,1,0.5015199832162408,1
draft_hard_candidate,word_tfidf,direct_to_O2,direct,O2,0,FU27,P3C::FU27::draft_hard_benign::O2,draft_hard_benign,0,0.5015199832162408,1
draft_hard_candidate,word_tfidf,direct_to_O2,direct,O2,0,FU28,P3C::FU28::harmful_anchor::O2,harmful_anchor,1,0.5015199832162408,1
draft_hard_candidate,word_tfidf,direct_to_O2,direct,O2,0,FU28,P3C::FU28::draft_hard_benign::O2,draft_hard_benign,0,0.5015199832162408,1
draft_hard_candidate,word_tfidf,direct_to_O2,direct,O2,0,FU32,P3C::FU32::harmful_anchor::O2,harmful_anchor,1,0.5510822021185176,1
draft_hard_candidate,word_tfidf,direct_to_O2,direct,O2,0,FU32,P3C::FU32::draft_hard_benign::O2,draft_hard_benign,0,0.5015199832162408,1
draft_hard_candidate,word_tfidf,direct_to_O2,direct,O2,0,FU37,P3C::FU37::harmful_anchor::O2,harmful_anchor,1,0.5015199832162408,1
draft_hard_candidate,word_tfidf,direct_to_O2,direct,O2,0,FU37,P3C::FU37::draft_hard_benign::O2,draft_hard_benign,0,0.5015199832162408,1
draft_hard_candidate,word_tfidf,direct_to_O2,direct,O2,1,FU05,P3C::FU05::harmful_anchor::O2,harmful_anchor,1,0.503531034693202,1
draft_hard_candidate,word_tfidf,direct_to_O2,direct,O2,1,FU05,P3C::FU05::draft_hard_benign::O2,draft_hard_benign,0,0.503531034693202,1
draft_hard_candidate,word_tfidf,direct_to_O2,direct,O2,1,FU14,P3C::FU14::harmful_anchor::O2,harmful_anchor,1,0.503531034693202,1
draft_hard_candidate,word_tfidf,direct_to_O2,direct,O2,1,FU14,P3C::FU14::draft_hard_benign::O2,draft_hard_benign,0,0.503531034693202,1
draft_hard_candidate,word_tfidf,direct_to_O2,direct,O2,1,FU21,P3C::FU21::harmful_anchor::O2,harmful_anchor,1,0.503531034693202,1
draft_hard_candidate,word_tfidf,direct_to_O2,direct,O2,1,FU21,P3C::FU21::draft_hard_benign::O2,draft_hard_benign,0,0.503531034693202,1
draft_hard_candidate,word_tfidf,direct_to_O2,direct,O2,1,FU22,P3C::FU22::harmful_anchor::O2,harmful_anchor,1,0.503531034693202,1
draft_hard_candidate,word_tfidf,direct_to_O2,direct,O2,1,FU22,P3C::FU22::draft_hard_benign::O2,draft_hard_benign,0,0.503531034693202,1
draft_hard_candidate,word_tfidf,direct_to_O2,direct,O2,1,FU33,P3C::FU33::harmful_anchor::O2,harmful_anchor,1,0.4918642239955735,0
draft_hard_candidate,word_tfidf,direct_to_O2,direct,O2,1,FU33,P3C::FU33::draft_hard_benign::O2,draft_hard_benign,0,0.503531034693202,1
draft_hard_candidate,word_tfidf,direct_to_O2,direct,O2,1,FU34,P3C::FU34::harmful_anchor::O2,harmful_anchor,1,0.503531034693202,1
draft_hard_candidate,word_tfidf,direct_to_O2,direct,O2,1,FU34,P3C::FU34::draft_hard_benign::O2,draft_hard_benign,0,0.503531034693202,1
draft_hard_candidate,word_tfidf,direct_to_O2,direct,O2,1,FU36,P3C::FU36::harmful_anchor::O2,harmful_anchor,1,0.503531034693202,1
draft_hard_candidate,word_tfidf,direct_to_O2,direct,O2,1,FU36,P3C::FU36::draft_hard_benign::O2,draft_hard_benign,0,0.503531034693202,1
draft_hard_candidate,word_tfidf,direct_to_O2,direct,O2,1,FU38,P3C::FU38::harmful_anchor::O2,harmful_anchor,1,0.503531034693202,1
draft_hard_candidate,word_tfidf,direct_to_O2,direct,O2,1,FU38,P3C::FU38::draft_hard_benign::O2,draft_hard_benign,0,0.503531034693202,1
draft_hard_candidate,word_tfidf,direct_to_O2,direct,O2,2,FU06,P3C::FU06::harmful_anchor::O2,harmful_anchor,1,0.500803048192533,1
draft_hard_candidate,word_tfidf,direct_to_O2,direct,O2,2,FU06,P3C::FU06::draft_hard_benign::O2,draft_hard_benign,0,0.500803048192533,1
draft_hard_candidate,word_tfidf,direct_to_O2,direct,O2,2,FU09,P3C::FU09::harmful_anchor::O2,harmful_anchor,1,0.500803048192533,1
draft_hard_candidate,word_tfidf,direct_to_O2,direct,O2,2,FU09,P3C::FU09::draft_hard_benign::O2,draft_hard_benign,0,0.500803048192533,1
draft_hard_candidate,word_tfidf,direct_to_O2,direct,O2,2,FU11,P3C::FU11::harmful_anchor::O2,harmful_anchor,1,0.500803048192533,1
draft_hard_candidate,word_tfidf,direct_to_O2,direct,O2,2,FU11,P3C::FU11::draft_hard_benign::O2,draft_hard_benign,0,0.500803048192533,1
draft_hard_candidate,word_tfidf,direct_to_O2,direct,O2,2,FU13,P3C::FU13::harmful_anchor::O2,harmful_anchor,1,0.500803048192533,1
draft_hard_candidate,word_tfidf,direct_to_O2,direct,O2,2,FU13,P3C::FU13::draft_hard_benign::O2,draft_hard_benign,0,0.5180632408760956,1
draft_hard_candidate,word_tfidf,direct_to_O2,direct,O2,2,FU15,P3C::FU15::harmful_anchor::O2,harmful_anchor,1,0.500803048192533,1
draft_hard_candidate,word_tfidf,direct_to_O2,direct,O2,2,FU15,P3C::FU15::draft_hard_benign::O2,draft_hard_benign,0,0.500803048192533,1
draft_hard_candidate,word_tfidf,direct_to_O2,direct,O2,2,FU20,P3C::FU20::harmful_anchor::O2,harmful_anchor,1,0.500803048192533,1
draft_hard_candidate,word_tfidf,direct_to_O2,direct,O2,2,FU20,P3C::FU20::draft_hard_benign::O2,draft_hard_benign,0,0.500803048192533,1
draft_hard_candidate,word_tfidf,direct_to_O2,direct,O2,2,FU23,P3C::FU23::harmful_anchor::O2,harmful_anchor,1,0.5345458362042191,1
draft_hard_candidate,word_tfidf,direct_to_O2,direct,O2,2,FU23,P3C::FU23::draft_hard_benign::O2,draft_hard_benign,0,0.500803048192533,1
draft_hard_candidate,word_tfidf,direct_to_O2,direct,O2,2,FU29,P3C::FU29::harmful_anchor::O2,harmful_anchor,1,0.5345458362042191,1
draft_hard_candidate,word_tfidf,direct_to_O2,direct,O2,2,FU29,P3C::FU29::draft_hard_benign::O2,draft_hard_benign,0,0.500803048192533,1
draft_hard_candidate,word_tfidf,direct_to_O2,direct,O2,3,FU01,P3C::FU01::harmful_anchor::O2,harmful_anchor,1,0.5006397165097797,1
draft_hard_candidate,word_tfidf,direct_to_O2,direct,O2,3,FU01,P3C::FU01::draft_hard_benign::O2,draft_hard_benign,0,0.5006397165097797,1
draft_hard_candidate,word_tfidf,direct_to_O2,direct,O2,3,FU03,P3C::FU03::harmful_anchor::O2,harmful_anchor,1,0.5006397165097797,1
draft_hard_candidate,word_tfidf,direct_to_O2,direct,O2,3,FU03,P3C::FU03::draft_hard_benign::O2,draft_hard_benign,0,0.5006397165097797,1
draft_hard_candidate,word_tfidf,direct_to_O2,direct,O2,3,FU08,P3C::FU08::harmful_anchor::O2,harmful_anchor,1,0.5006397165097797,1
draft_hard_candidate,word_tfidf,direct_to_O2,direct,O2,3,FU08,P3C::FU08::draft_hard_benign::O2,draft_hard_benign,0,0.5006397165097797,1
draft_hard_candidate,word_tfidf,direct_to_O2,direct,O2,3,FU18,P3C::FU18::harmful_anchor::O2,harmful_anchor,1,0.5006397165097797,1
draft_hard_candidate,word_tfidf,direct_to_O2,direct,O2,3,FU18,P3C::FU18::draft_hard_benign::O2,draft_hard_benign,0,0.5006397165097797,1
draft_hard_candidate,word_tfidf,direct_to_O2,direct,O2,3,FU25,P3C::FU25::harmful_anchor::O2,harmful_anchor,1,0.5023067817410126,1
draft_hard_candidate,word_tfidf,direct_to_O2,direct,O2,3,FU25,P3C::FU25::draft_hard_benign::O2,draft_hard_benign,0,0.5023067817410126,1
draft_hard_candidate,word_tfidf,direct_to_O2,direct,O2,3,FU30,P3C::FU30::harmful_anchor::O2,harmful_anchor,1,0.5514901622761748,1
draft_hard_candidate,word_tfidf,direct_to_O2,direct,O2,3,FU30,P3C::FU30::draft_hard_benign::O2,draft_hard_benign,0,0.5006397165097797,1
draft_hard_candidate,word_tfidf,direct_to_O2,direct,O2,3,FU31,P3C::FU31::harmful_anchor::O2,harmful_anchor,1,0.5006397165097797,1
draft_hard_candidate,word_tfidf,direct_to_O2,direct,O2,3,FU31,P3C::FU31::draft_hard_benign::O2,draft_hard_benign,0,0.5006397165097797,1
draft_hard_candidate,word_tfidf,direct_to_O2,direct,O2,4,FU02,P3C::FU02::harmful_anchor::O2,harmful_anchor,1,0.47998604437710013,0
draft_hard_candidate,word_tfidf,direct_to_O2,direct,O2,4,FU02,P3C::FU02::draft_hard_benign::O2,draft_hard_benign,0,0.49972104433159503,0
draft_hard_candidate,word_tfidf,direct_to_O2,direct,O2,4,FU07,P3C::FU07::harmful_anchor::O2,harmful_anchor,1,0.5338025073927164,1
draft_hard_candidate,word_tfidf,direct_to_O2,direct,O2,4,FU07,P3C::FU07::draft_hard_benign::O2,draft_hard_benign,0,0.5338025073927164,1
draft_hard_candidate,word_tfidf,direct_to_O2,direct,O2,4,FU10,P3C::FU10::harmful_anchor::O2,harmful_anchor,1,0.49972104433159503,0
draft_hard_candidate,word_tfidf,direct_to_O2,direct,O2,4,FU10,P3C::FU10::draft_hard_benign::O2,draft_hard_benign,0,0.49972104433159503,0
draft_hard_candidate,word_tfidf,direct_to_O2,direct,O2,4,FU12,P3C::FU12::harmful_anchor::O2,harmful_anchor,1,0.49972104433159503,0
draft_hard_candidate,word_tfidf,direct_to_O2,direct,O2,4,FU12,P3C::FU12::draft_hard_benign::O2,draft_hard_benign,0,0.49972104433159503,0
draft_hard_candidate,word_tfidf,direct_to_O2,direct,O2,4,FU24,P3C::FU24::harmful_anchor::O2,harmful_anchor,1,0.49972104433159503,0
draft_hard_candidate,word_tfidf,direct_to_O2,direct,O2,4,FU24,P3C::FU24::draft_hard_benign::O2,draft_hard_benign,0,0.49972104433159503,0
draft_hard_candidate,word_tfidf,direct_to_O2,direct,O2,4,FU26,P3C::FU26::harmful_anchor::O2,harmful_anchor,1,0.49972104433159503,0
draft_hard_candidate,word_tfidf,direct_to_O2,direct,O2,4,FU26,P3C::FU26::draft_hard_benign::O2,draft_hard_benign,0,0.49972104433159503,0
draft_hard_candidate,word_tfidf,direct_to_O2,direct,O2,4,FU35,P3C::FU35::harmful_anchor::O2,harmful_anchor,1,0.49972104433159503,0
draft_hard_candidate,word_tfidf,direct_to_O2,direct,O2,4,FU35,P3C::FU35::draft_hard_benign::O2,draft_hard_benign,0,0.49972104433159503,0
draft_hard_candidate,word_tfidf,O2_to_O2,O2,O2,0,FU04,P3C::FU04::harmful_anchor::O2,harmful_anchor,1,0.5356481317347869,1
draft_hard_candidate,word_tfidf,O2_to_O2,O2,O2,0,FU04,P3C::FU04::draft_hard_benign::O2,draft_hard_benign,0,0.5405206338864011,1
draft_hard_candidate,word_tfidf,O2_to_O2,O2,O2,0,FU16,P3C::FU16::harmful_anchor::O2,harmful_anchor,1,0.5091325035354781,1
draft_hard_candidate,word_tfidf,O2_to_O2,O2,O2,0,FU16,P3C::FU16::draft_hard_benign::O2,draft_hard_benign,0,0.4732284838742602,0
draft_hard_candidate,word_tfidf,O2_to_O2,O2,O2,0,FU17,P3C::FU17::harmful_anchor::O2,harmful_anchor,1,0.46748391916224935,0
draft_hard_candidate,word_tfidf,O2_to_O2,O2,O2,0,FU17,P3C::FU17::draft_hard_benign::O2,draft_hard_benign,0,0.4643188772383478,0
draft_hard_candidate,word_tfidf,O2_to_O2,O2,O2,0,FU19,P3C::FU19::harmful_anchor::O2,harmful_anchor,1,0.5132621370112609,1
draft_hard_candidate,word_tfidf,O2_to_O2,O2,O2,0,FU19,P3C::FU19::draft_hard_benign::O2,draft_hard_benign,0,0.4949172170789556,0
draft_hard_candidate,word_tfidf,O2_to_O2,O2,O2,0,FU27,P3C::FU27::harmful_anchor::O2,harmful_anchor,1,0.507717830236291,1
draft_hard_candidate,word_tfidf,O2_to_O2,O2,O2,0,FU27,P3C::FU27::draft_hard_benign::O2,draft_hard_benign,0,0.5012159933438408,1
draft_hard_candidate,word_tfidf,O2_to_O2,O2,O2,0,FU28,P3C::FU28::harmful_anchor::O2,harmful_anchor,1,0.546386874377246,1
draft_hard_candidate,word_tfidf,O2_to_O2,O2,O2,0,FU28,P3C::FU28::draft_hard_benign::O2,draft_hard_benign,0,0.49028196220646586,0
draft_hard_candidate,word_tfidf,O2_to_O2,O2,O2,0,FU32,P3C::FU32::harmful_anchor::O2,harmful_anchor,1,0.511204750348754,1
draft_hard_candidate,word_tfidf,O2_to_O2,O2,O2,0,FU32,P3C::FU32::draft_hard_benign::O2,draft_hard_benign,0,0.4879783536087917,0
draft_hard_candidate,word_tfidf,O2_to_O2,O2,O2,0,FU37,P3C::FU37::harmful_anchor::O2,harmful_anchor,1,0.491837678058465,0
draft_hard_candidate,word_tfidf,O2_to_O2,O2,O2,0,FU37,P3C::FU37::draft_hard_benign::O2,draft_hard_benign,0,0.4739007247060178,0
draft_hard_candidate,word_tfidf,O2_to_O2,O2,O2,1,FU05,P3C::FU05::harmful_anchor::O2,harmful_anchor,1,0.5114297819670461,1
draft_hard_candidate,word_tfidf,O2_to_O2,O2,O2,1,FU05,P3C::FU05::draft_hard_benign::O2,draft_hard_benign,0,0.48100288305302596,0
draft_hard_candidate,word_tfidf,O2_to_O2,O2,O2,1,FU14,P3C::FU14::harmful_anchor::O2,harmful_anchor,1,0.49641398218565264,0
draft_hard_candidate,word_tfidf,O2_to_O2,O2,O2,1,FU14,P3C::FU14::draft_hard_benign::O2,draft_hard_benign,0,0.4795019280829471,0
draft_hard_candidate,word_tfidf,O2_to_O2,O2,O2,1,FU21,P3C::FU21::harmful_anchor::O2,harmful_anchor,1,0.5156585394295861,1
draft_hard_candidate,word_tfidf,O2_to_O2,O2,O2,1,FU21,P3C::FU21::draft_hard_benign::O2,draft_hard_benign,0,0.46468262694979334,0
draft_hard_candidate,word_tfidf,O2_to_O2,O2,O2,1,FU22,P3C::FU22::harmful_anchor::O2,harmful_anchor,1,0.4962545013194288,0
draft_hard_candidate,word_tfidf,O2_to_O2,O2,O2,1,FU22,P3C::FU22::draft_hard_benign::O2,draft_hard_benign,0,0.5022407793715531,1
draft_hard_candidate,word_tfidf,O2_to_O2,O2,O2,1,FU33,P3C::FU33::harmful_anchor::O2,harmful_anchor,1,0.5027709538105961,1
draft_hard_candidate,word_tfidf,O2_to_O2,O2,O2,1,FU33,P3C::FU33::draft_hard_benign::O2,draft_hard_benign,0,0.5028088980076353,1
draft_hard_candidate,word_tfidf,O2_to_O2,O2,O2,1,FU34,P3C::FU34::harmful_anchor::O2,harmful_anchor,1,0.5096474352161945,1
draft_hard_candidate,word_tfidf,O2_to_O2,O2,O2,1,FU34,P3C::FU34::draft_hard_benign::O2,draft_hard_benign,0,0.5220671339382527,1
draft_hard_candidate,word_tfidf,O2_to_O2,O2,O2,1,FU36,P3C::FU36::harmful_anchor::O2,harmful_anchor,1,0.5139849572572496,1
draft_hard_candidate,word_tfidf,O2_to_O2,O2,O2,1,FU36,P3C::FU36::draft_hard_benign::O2,draft_hard_benign,0,0.48866528061361736,0
draft_hard_candidate,word_tfidf,O2_to_O2,O2,O2,1,FU38,P3C::FU38::harmful_anchor::O2,harmful_anchor,1,0.4825751484396504,0
draft_hard_candidate,word_tfidf,O2_to_O2,O2,O2,1,FU38,P3C::FU38::draft_hard_benign::O2,draft_hard_benign,0,0.45731823860463405,0
draft_hard_candidate,word_tfidf,O2_to_O2,O2,O2,2,FU06,P3C::FU06::harmful_anchor::O2,harmful_anchor,1,0.49215229385250664,0
draft_hard_candidate,word_tfidf,O2_to_O2,O2,O2,2,FU06,P3C::FU06::draft_hard_benign::O2,draft_hard_benign,0,0.49040707630863895,0
draft_hard_candidate,word_tfidf,O2_to_O2,O2,O2,2,FU09,P3C::FU09::harmful_anchor::O2,harmful_anchor,1,0.49338303728501326,0
draft_hard_candidate,word_tfidf,O2_to_O2,O2,O2,2,FU09,P3C::FU09::draft_hard_benign::O2,draft_hard_benign,0,0.48714374044686615,0
draft_hard_candidate,word_tfidf,O2_to_O2,O2,O2,2,FU11,P3C::FU11::harmful_anchor::O2,harmful_anchor,1,0.4693676977761578,0
draft_hard_candidate,word_tfidf,O2_to_O2,O2,O2,2,FU11,P3C::FU11::draft_hard_benign::O2,draft_hard_benign,0,0.4609873721760036,0
draft_hard_candidate,word_tfidf,O2_to_O2,O2,O2,2,FU13,P3C::FU13::harmful_anchor::O2,harmful_anchor,1,0.5148373522933335,1
draft_hard_candidate,word_tfidf,O2_to_O2,O2,O2,2,FU13,P3C::FU13::draft_hard_benign::O2,draft_hard_benign,0,0.5121021316683818,1
draft_hard_candidate,word_tfidf,O2_to_O2,O2,O2,2,FU15,P3C::FU15::harmful_anchor::O2,harmful_anchor,1,0.5359172369527292,1
draft_hard_candidate,word_tfidf,O2_to_O2,O2,O2,2,FU15,P3C::FU15::draft_hard_benign::O2,draft_hard_benign,0,0.5194600257708198,1
draft_hard_candidate,word_tfidf,O2_to_O2,O2,O2,2,FU20,P3C::FU20::harmful_anchor::O2,harmful_anchor,1,0.47470495134441804,0
draft_hard_candidate,word_tfidf,O2_to_O2,O2,O2,2,FU20,P3C::FU20::draft_hard_benign::O2,draft_hard_benign,0,0.46636639561759874,0
draft_hard_candidate,word_tfidf,O2_to_O2,O2,O2,2,FU23,P3C::FU23::harmful_anchor::O2,harmful_anchor,1,0.5419655556925279,1
draft_hard_candidate,word_tfidf,O2_to_O2,O2,O2,2,FU23,P3C::FU23::draft_hard_benign::O2,draft_hard_benign,0,0.4765241202238924,0
draft_hard_candidate,word_tfidf,O2_to_O2,O2,O2,2,FU29,P3C::FU29::harmful_anchor::O2,harmful_anchor,1,0.5219142168944285,1
draft_hard_candidate,word_tfidf,O2_to_O2,O2,O2,2,FU29,P3C::FU29::draft_hard_benign::O2,draft_hard_benign,0,0.4607062865038774,0
draft_hard_candidate,word_tfidf,O2_to_O2,O2,O2,3,FU01,P3C::FU01::harmful_anchor::O2,harmful_anchor,1,0.5119782520655172,1
draft_hard_candidate,word_tfidf,O2_to_O2,O2,O2,3,FU01,P3C::FU01::draft_hard_benign::O2,draft_hard_benign,0,0.49212088248622976,0
draft_hard_candidate,word_tfidf,O2_to_O2,O2,O2,3,FU03,P3C::FU03::harmful_anchor::O2,harmful_anchor,1,0.5195802997062499,1
draft_hard_candidate,word_tfidf,O2_to_O2,O2,O2,3,FU03,P3C::FU03::draft_hard_benign::O2,draft_hard_benign,0,0.4809651237988479,0
draft_hard_candidate,word_tfidf,O2_to_O2,O2,O2,3,FU08,P3C::FU08::harmful_anchor::O2,harmful_anchor,1,0.5067578020464533,1
draft_hard_candidate,word_tfidf,O2_to_O2,O2,O2,3,FU08,P3C::FU08::draft_hard_benign::O2,draft_hard_benign,0,0.4684998238795085,0
draft_hard_candidate,word_tfidf,O2_to_O2,O2,O2,3,FU18,P3C::FU18::harmful_anchor::O2,harmful_anchor,1,0.49547373994081295,0
draft_hard_candidate,word_tfidf,O2_to_O2,O2,O2,3,FU18,P3C::FU18::draft_hard_benign::O2,draft_hard_benign,0,0.5073586891630832,1
draft_hard_candidate,word_tfidf,O2_to_O2,O2,O2,3,FU25,P3C::FU25::harmful_anchor::O2,harmful_anchor,1,0.5378049150263555,1
draft_hard_candidate,word_tfidf,O2_to_O2,O2,O2,3,FU25,P3C::FU25::draft_hard_benign::O2,draft_hard_benign,0,0.5290578376046997,1
draft_hard_candidate,word_tfidf,O2_to_O2,O2,O2,3,FU30,P3C::FU30::harmful_anchor::O2,harmful_anchor,1,0.5347218384094472,1
draft_hard_candidate,word_tfidf,O2_to_O2,O2,O2,3,FU30,P3C::FU30::draft_hard_benign::O2,draft_hard_benign,0,0.4821609601594042,0
draft_hard_candidate,word_tfidf,O2_to_O2,O2,O2,3,FU31,P3C::FU31::harmful_anchor::O2,harmful_anchor,1,0.535006198201345,1
draft_hard_candidate,word_tfidf,O2_to_O2,O2,O2,3,FU31,P3C::FU31::draft_hard_benign::O2,draft_hard_benign,0,0.46630816666877567,0
draft_hard_candidate,word_tfidf,O2_to_O2,O2,O2,4,FU02,P3C::FU02::harmful_anchor::O2,harmful_anchor,1,0.48006788655024657,0
draft_hard_candidate,word_tfidf,O2_to_O2,O2,O2,4,FU02,P3C::FU02::draft_hard_benign::O2,draft_hard_benign,0,0.48017397728140754,0
draft_hard_candidate,word_tfidf,O2_to_O2,O2,O2,4,FU07,P3C::FU07::harmful_anchor::O2,harmful_anchor,1,0.5467143647894405,1
draft_hard_candidate,word_tfidf,O2_to_O2,O2,O2,4,FU07,P3C::FU07::draft_hard_benign::O2,draft_hard_benign,0,0.4978315630980232,0
draft_hard_candidate,word_tfidf,O2_to_O2,O2,O2,4,FU10,P3C::FU10::harmful_anchor::O2,harmful_anchor,1,0.48422478239147576,0
draft_hard_candidate,word_tfidf,O2_to_O2,O2,O2,4,FU10,P3C::FU10::draft_hard_benign::O2,draft_hard_benign,0,0.48422478239147576,0
draft_hard_candidate,word_tfidf,O2_to_O2,O2,O2,4,FU12,P3C::FU12::harmful_anchor::O2,harmful_anchor,1,0.5183230524166262,1
draft_hard_candidate,word_tfidf,O2_to_O2,O2,O2,4,FU12,P3C::FU12::draft_hard_benign::O2,draft_hard_benign,0,0.5174519851055841,1
draft_hard_candidate,word_tfidf,O2_to_O2,O2,O2,4,FU24,P3C::FU24::harmful_anchor::O2,harmful_anchor,1,0.465529890267419,0
draft_hard_candidate,word_tfidf,O2_to_O2,O2,O2,4,FU24,P3C::FU24::draft_hard_benign::O2,draft_hard_benign,0,0.4592176149020622,0
draft_hard_candidate,word_tfidf,O2_to_O2,O2,O2,4,FU26,P3C::FU26::harmful_anchor::O2,harmful_anchor,1,0.4940692827510282,0
draft_hard_candidate,word_tfidf,O2_to_O2,O2,O2,4,FU26,P3C::FU26::draft_hard_benign::O2,draft_hard_benign,0,0.46639217367336183,0
draft_hard_candidate,word_tfidf,O2_to_O2,O2,O2,4,FU35,P3C::FU35::harmful_anchor::O2,harmful_anchor,1,0.48848797161945656,0
draft_hard_candidate,word_tfidf,O2_to_O2,O2,O2,4,FU35,P3C::FU35::draft_hard_benign::O2,draft_hard_benign,0,0.4728470625893324,0
draft_hard_candidate,char_tfidf,direct_to_direct,direct,direct,0,FU04,P3C::FU04::harmful_anchor::direct,harmful_anchor,1,0.5152957215740759,1
draft_hard_candidate,char_tfidf,direct_to_direct,direct,direct,0,FU04,P3C::FU04::draft_hard_benign::direct,draft_hard_benign,0,0.5034138189370262,1
draft_hard_candidate,char_tfidf,direct_to_direct,direct,direct,0,FU16,P3C::FU16::harmful_anchor::direct,harmful_anchor,1,0.47794319758068116,0
draft_hard_candidate,char_tfidf,direct_to_direct,direct,direct,0,FU16,P3C::FU16::draft_hard_benign::direct,draft_hard_benign,0,0.4385364351649682,0
draft_hard_candidate,char_tfidf,direct_to_direct,direct,direct,0,FU17,P3C::FU17::harmful_anchor::direct,harmful_anchor,1,0.4723586446919845,0
draft_hard_candidate,char_tfidf,direct_to_direct,direct,direct,0,FU17,P3C::FU17::draft_hard_benign::direct,draft_hard_benign,0,0.45739250287081507,0
draft_hard_candidate,char_tfidf,direct_to_direct,direct,direct,0,FU19,P3C::FU19::harmful_anchor::direct,harmful_anchor,1,0.5278410966564602,1
draft_hard_candidate,char_tfidf,direct_to_direct,direct,direct,0,FU19,P3C::FU19::draft_hard_benign::direct,draft_hard_benign,0,0.49862623464415007,0
draft_hard_candidate,char_tfidf,direct_to_direct,direct,direct,0,FU27,P3C::FU27::harmful_anchor::direct,harmful_anchor,1,0.507962051673267,1
draft_hard_candidate,char_tfidf,direct_to_direct,direct,direct,0,FU27,P3C::FU27::draft_hard_benign::direct,draft_hard_benign,0,0.5008417460063214,1
draft_hard_candidate,char_tfidf,direct_to_direct,direct,direct,0,FU28,P3C::FU28::harmful_anchor::direct,harmful_anchor,1,0.5357787053723684,1
draft_hard_candidate,char_tfidf,direct_to_direct,direct,direct,0,FU28,P3C::FU28::draft_hard_benign::direct,draft_hard_benign,0,0.46793369209815294,0
draft_hard_candidate,char_tfidf,direct_to_direct,direct,direct,0,FU32,P3C::FU32::harmful_anchor::direct,harmful_anchor,1,0.5156506258583521,1
draft_hard_candidate,char_tfidf,direct_to_direct,direct,direct,0,FU32,P3C::FU32::draft_hard_benign::direct,draft_hard_benign,0,0.4730537314092691,0
draft_hard_candidate,char_tfidf,direct_to_direct,direct,direct,0,FU37,P3C::FU37::harmful_anchor::direct,harmful_anchor,1,0.49931347200164583,0
draft_hard_candidate,char_tfidf,direct_to_direct,direct,direct,0,FU37,P3C::FU37::draft_hard_benign::direct,draft_hard_benign,0,0.46950505414475513,0
draft_hard_candidate,char_tfidf,direct_to_direct,direct,direct,1,FU05,P3C::FU05::harmful_anchor::direct,harmful_anchor,1,0.48799312653880456,0
draft_hard_candidate,char_tfidf,direct_to_direct,direct,direct,1,FU05,P3C::FU05::draft_hard_benign::direct,draft_hard_benign,0,0.44946675097258426,0
draft_hard_candidate,char_tfidf,direct_to_direct,direct,direct,1,FU14,P3C::FU14::harmful_anchor::direct,harmful_anchor,1,0.496802494511829,0
draft_hard_candidate,char_tfidf,direct_to_direct,direct,direct,1,FU14,P3C::FU14::draft_hard_benign::direct,draft_hard_benign,0,0.47804600191478236,0
draft_hard_candidate,char_tfidf,direct_to_direct,direct,direct,1,FU21,P3C::FU21::harmful_anchor::direct,harmful_anchor,1,0.488124129568706,0
draft_hard_candidate,char_tfidf,direct_to_direct,direct,direct,1,FU21,P3C::FU21::draft_hard_benign::direct,draft_hard_benign,0,0.4557657323768052,0
draft_hard_candidate,char_tfidf,direct_to_direct,direct,direct,1,FU22,P3C::FU22::harmful_anchor::direct,harmful_anchor,1,0.5002047184011569,1
draft_hard_candidate,char_tfidf,direct_to_direct,direct,direct,1,FU22,P3C::FU22::draft_hard_benign::direct,draft_hard_benign,0,0.4658693581581736,0
draft_hard_candidate,char_tfidf,direct_to_direct,direct,direct,1,FU33,P3C::FU33::harmful_anchor::direct,harmful_anchor,1,0.49057159603611933,0
draft_hard_candidate,char_tfidf,direct_to_direct,direct,direct,1,FU33,P3C::FU33::draft_hard_benign::direct,draft_hard_benign,0,0.49225712945073535,0
draft_hard_candidate,char_tfidf,direct_to_direct,direct,direct,1,FU34,P3C::FU34::harmful_anchor::direct,harmful_anchor,1,0.5193317181535585,1
draft_hard_candidate,char_tfidf,direct_to_direct,direct,direct,1,FU34,P3C::FU34::draft_hard_benign::direct,draft_hard_benign,0,0.5063371701745545,1
draft_hard_candidate,char_tfidf,direct_to_direct,direct,direct,1,FU36,P3C::FU36::harmful_anchor::direct,harmful_anchor,1,0.5282607377885149,1
draft_hard_candidate,char_tfidf,direct_to_direct,direct,direct,1,FU36,P3C::FU36::draft_hard_benign::direct,draft_hard_benign,0,0.48321447029416653,0
draft_hard_candidate,char_tfidf,direct_to_direct,direct,direct,1,FU38,P3C::FU38::harmful_anchor::direct,harmful_anchor,1,0.4743576769730604,0
draft_hard_candidate,char_tfidf,direct_to_direct,direct,direct,1,FU38,P3C::FU38::draft_hard_benign::direct,draft_hard_benign,0,0.4373531615610131,0
draft_hard_candidate,char_tfidf,direct_to_direct,direct,direct,2,FU06,P3C::FU06::harmful_anchor::direct,harmful_anchor,1,0.47093971712422694,0
draft_hard_candidate,char_tfidf,direct_to_direct,direct,direct,2,FU06,P3C::FU06::draft_hard_benign::direct,draft_hard_benign,0,0.4267428962679389,0
draft_hard_candidate,char_tfidf,direct_to_direct,direct,direct,2,FU09,P3C::FU09::harmful_anchor::direct,harmful_anchor,1,0.5001963090401575,1
draft_hard_candidate,char_tfidf,direct_to_direct,direct,direct,2,FU09,P3C::FU09::draft_hard_benign::direct,draft_hard_benign,0,0.45759067863100805,0
draft_hard_candidate,char_tfidf,direct_to_direct,direct,direct,2,FU11,P3C::FU11::harmful_anchor::direct,harmful_anchor,1,0.4552147841961049,0
draft_hard_candidate,char_tfidf,direct_to_direct,direct,direct,2,FU11,P3C::FU11::draft_hard_benign::direct,draft_hard_benign,0,0.4470736534225551,0
draft_hard_candidate,char_tfidf,direct_to_direct,direct,direct,2,FU13,P3C::FU13::harmful_anchor::direct,harmful_anchor,1,0.5050879204771251,1
draft_hard_candidate,char_tfidf,direct_to_direct,direct,direct,2,FU13,P3C::FU13::draft_hard_benign::direct,draft_hard_benign,0,0.4784358824112098,0
draft_hard_candidate,char_tfidf,direct_to_direct,direct,direct,2,FU15,P3C::FU15::harmful_anchor::direct,harmful_anchor,1,0.5146842905036606,1
draft_hard_candidate,char_tfidf,direct_to_direct,direct,direct,2,FU15,P3C::FU15::draft_hard_benign::direct,draft_hard_benign,0,0.49059821019330435,0
draft_hard_candidate,char_tfidf,direct_to_direct,direct,direct,2,FU20,P3C::FU20::harmful_anchor::direct,harmful_anchor,1,0.4807577406666118,0
draft_hard_candidate,char_tfidf,direct_to_direct,direct,direct,2,FU20,P3C::FU20::draft_hard_benign::direct,draft_hard_benign,0,0.45017406630458734,0
draft_hard_candidate,char_tfidf,direct_to_direct,direct,direct,2,FU23,P3C::FU23::harmful_anchor::direct,harmful_anchor,1,0.5253683094816298,1
draft_hard_candidate,char_tfidf,direct_to_direct,direct,direct,2,FU23,P3C::FU23::draft_hard_benign::direct,draft_hard_benign,0,0.473852356872576,0
draft_hard_candidate,char_tfidf,direct_to_direct,direct,direct,2,FU29,P3C::FU29::harmful_anchor::direct,harmful_anchor,1,0.5013119440092685,1
draft_hard_candidate,char_tfidf,direct_to_direct,direct,direct,2,FU29,P3C::FU29::draft_hard_benign::direct,draft_hard_benign,0,0.47130197393833184,0
draft_hard_candidate,char_tfidf,direct_to_direct,direct,direct,3,FU01,P3C::FU01::harmful_anchor::direct,harmful_anchor,1,0.5267728574607506,1
draft_hard_candidate,char_tfidf,direct_to_direct,direct,direct,3,FU01,P3C::FU01::draft_hard_benign::direct,draft_hard_benign,0,0.4926921852945853,0
draft_hard_candidate,char_tfidf,direct_to_direct,direct,direct,3,FU03,P3C::FU03::harmful_anchor::direct,harmful_anchor,1,0.5446919806241688,1
draft_hard_candidate,char_tfidf,direct_to_direct,direct,direct,3,FU03,P3C::FU03::draft_hard_benign::direct,draft_hard_benign,0,0.49370947161956813,0
draft_hard_candidate,char_tfidf,direct_to_direct,direct,direct,3,FU08,P3C::FU08::harmful_anchor::direct,harmful_anchor,1,0.5254388381045053,1
draft_hard_candidate,char_tfidf,direct_to_direct,direct,direct,3,FU08,P3C::FU08::draft_hard_benign::direct,draft_hard_benign,0,0.4418834806764874,0
draft_hard_candidate,char_tfidf,direct_to_direct,direct,direct,3,FU18,P3C::FU18::harmful_anchor::direct,harmful_anchor,1,0.5050448460290982,1
draft_hard_candidate,char_tfidf,direct_to_direct,direct,direct,3,FU18,P3C::FU18::draft_hard_benign::direct,draft_hard_benign,0,0.520708053231963,1
draft_hard_candidate,char_tfidf,direct_to_direct,direct,direct,3,FU25,P3C::FU25::harmful_anchor::direct,harmful_anchor,1,0.5627701375503187,1
draft_hard_candidate,char_tfidf,direct_to_direct,direct,direct,3,FU25,P3C::FU25::draft_hard_benign::direct,draft_hard_benign,0,0.5316263879888172,1
draft_hard_candidate,char_tfidf,direct_to_direct,direct,direct,3,FU30,P3C::FU30::harmful_anchor::direct,harmful_anchor,1,0.5249764781372591,1
draft_hard_candidate,char_tfidf,direct_to_direct,direct,direct,3,FU30,P3C::FU30::draft_hard_benign::direct,draft_hard_benign,0,0.4639478749687292,0
draft_hard_candidate,char_tfidf,direct_to_direct,direct,direct,3,FU31,P3C::FU31::harmful_anchor::direct,harmful_anchor,1,0.5316712936055872,1
draft_hard_candidate,char_tfidf,direct_to_direct,direct,direct,3,FU31,P3C::FU31::draft_hard_benign::direct,draft_hard_benign,0,0.4671094129936693,0
draft_hard_candidate,char_tfidf,direct_to_direct,direct,direct,4,FU02,P3C::FU02::harmful_anchor::direct,harmful_anchor,1,0.521777645862504,1
draft_hard_candidate,char_tfidf,direct_to_direct,direct,direct,4,FU02,P3C::FU02::draft_hard_benign::direct,draft_hard_benign,0,0.5011305637387459,1
draft_hard_candidate,char_tfidf,direct_to_direct,direct,direct,4,FU07,P3C::FU07::harmful_anchor::direct,harmful_anchor,1,0.5216778074049173,1
draft_hard_candidate,char_tfidf,direct_to_direct,direct,direct,4,FU07,P3C::FU07::draft_hard_benign::direct,draft_hard_benign,0,0.49926331135606516,0
draft_hard_candidate,char_tfidf,direct_to_direct,direct,direct,4,FU10,P3C::FU10::harmful_anchor::direct,harmful_anchor,1,0.4915157491836014,0
draft_hard_candidate,char_tfidf,direct_to_direct,direct,direct,4,FU10,P3C::FU10::draft_hard_benign::direct,draft_hard_benign,0,0.471142156510051,0
draft_hard_candidate,char_tfidf,direct_to_direct,direct,direct,4,FU12,P3C::FU12::harmful_anchor::direct,harmful_anchor,1,0.5061437509971981,1
draft_hard_candidate,char_tfidf,direct_to_direct,direct,direct,4,FU12,P3C::FU12::draft_hard_benign::direct,draft_hard_benign,0,0.5099463153904035,1
draft_hard_candidate,char_tfidf,direct_to_direct,direct,direct,4,FU24,P3C::FU24::harmful_anchor::direct,harmful_anchor,1,0.4982002998731747,0
draft_hard_candidate,char_tfidf,direct_to_direct,direct,direct,4,FU24,P3C::FU24::draft_hard_benign::direct,draft_hard_benign,0,0.4700616788798777,0
draft_hard_candidate,char_tfidf,direct_to_direct,direct,direct,4,FU26,P3C::FU26::harmful_anchor::direct,harmful_anchor,1,0.5141647803544467,1
draft_hard_candidate,char_tfidf,direct_to_direct,direct,direct,4,FU26,P3C::FU26::draft_hard_benign::direct,draft_hard_benign,0,0.4505606890881434,0
draft_hard_candidate,char_tfidf,direct_to_direct,direct,direct,4,FU35,P3C::FU35::harmful_anchor::direct,harmful_anchor,1,0.4738845618094286,0
draft_hard_candidate,char_tfidf,direct_to_direct,direct,direct,4,FU35,P3C::FU35::draft_hard_benign::direct,draft_hard_benign,0,0.4791045969427643,0
draft_hard_candidate,char_tfidf,direct_to_O2,direct,O2,0,FU04,P3C::FU04::harmful_anchor::O2,harmful_anchor,1,0.523937261184584,1
draft_hard_candidate,char_tfidf,direct_to_O2,direct,O2,0,FU04,P3C::FU04::draft_hard_benign::O2,draft_hard_benign,0,0.5205729649491647,1
draft_hard_candidate,char_tfidf,direct_to_O2,direct,O2,0,FU16,P3C::FU16::harmful_anchor::O2,harmful_anchor,1,0.5168108118237783,1
draft_hard_candidate,char_tfidf,direct_to_O2,direct,O2,0,FU16,P3C::FU16::draft_hard_benign::O2,draft_hard_benign,0,0.5052688653070823,1
draft_hard_candidate,char_tfidf,direct_to_O2,direct,O2,0,FU17,P3C::FU17::harmful_anchor::O2,harmful_anchor,1,0.5168504443515582,1
draft_hard_candidate,char_tfidf,direct_to_O2,direct,O2,0,FU17,P3C::FU17::draft_hard_benign::O2,draft_hard_benign,0,0.5114841685345476,1
draft_hard_candidate,char_tfidf,direct_to_O2,direct,O2,0,FU19,P3C::FU19::harmful_anchor::O2,harmful_anchor,1,0.527673505035395,1
draft_hard_candidate,char_tfidf,direct_to_O2,direct,O2,0,FU19,P3C::FU19::draft_hard_benign::O2,draft_hard_benign,0,0.5180905845778521,1
draft_hard_candidate,char_tfidf,direct_to_O2,direct,O2,0,FU27,P3C::FU27::harmful_anchor::O2,harmful_anchor,1,0.5114775483844097,1
draft_hard_candidate,char_tfidf,direct_to_O2,direct,O2,0,FU27,P3C::FU27::draft_hard_benign::O2,draft_hard_benign,0,0.5180214109525576,1
draft_hard_candidate,char_tfidf,direct_to_O2,direct,O2,0,FU28,P3C::FU28::harmful_anchor::O2,harmful_anchor,1,0.5387709359531907,1
draft_hard_candidate,char_tfidf,direct_to_O2,direct,O2,0,FU28,P3C::FU28::draft_hard_benign::O2,draft_hard_benign,0,0.49494209728454713,0
draft_hard_candidate,char_tfidf,direct_to_O2,direct,O2,0,FU32,P3C::FU32::harmful_anchor::O2,harmful_anchor,1,0.5429908633251141,1
draft_hard_candidate,char_tfidf,direct_to_O2,direct,O2,0,FU32,P3C::FU32::draft_hard_benign::O2,draft_hard_benign,0,0.49794658366371597,0
draft_hard_candidate,char_tfidf,direct_to_O2,direct,O2,0,FU37,P3C::FU37::harmful_anchor::O2,harmful_anchor,1,0.5214973650394853,1
draft_hard_candidate,char_tfidf,direct_to_O2,direct,O2,0,FU37,P3C::FU37::draft_hard_benign::O2,draft_hard_benign,0,0.51273617425145,1
draft_hard_candidate,char_tfidf,direct_to_O2,direct,O2,1,FU05,P3C::FU05::harmful_anchor::O2,harmful_anchor,1,0.5021277960817467,1
draft_hard_candidate,char_tfidf,direct_to_O2,direct,O2,1,FU05,P3C::FU05::draft_hard_benign::O2,draft_hard_benign,0,0.4972471579699422,0
draft_hard_candidate,char_tfidf,direct_to_O2,direct,O2,1,FU14,P3C::FU14::harmful_anchor::O2,harmful_anchor,1,0.5226161651446742,1
draft_hard_candidate,char_tfidf,direct_to_O2,direct,O2,1,FU14,P3C::FU14::draft_hard_benign::O2,draft_hard_benign,0,0.5062262961318756,1
draft_hard_candidate,char_tfidf,direct_to_O2,direct,O2,1,FU21,P3C::FU21::harmful_anchor::O2,harmful_anchor,1,0.5092520596637987,1
draft_hard_candidate,char_tfidf,direct_to_O2,direct,O2,1,FU21,P3C::FU21::draft_hard_benign::O2,draft_hard_benign,0,0.5042076422499214,1
draft_hard_candidate,char_tfidf,direct_to_O2,direct,O2,1,FU22,P3C::FU22::harmful_anchor::O2,harmful_anchor,1,0.5137497227733907,1
draft_hard_candidate,char_tfidf,direct_to_O2,direct,O2,1,FU22,P3C::FU22::draft_hard_benign::O2,draft_hard_benign,0,0.5042786247087981,1
draft_hard_candidate,char_tfidf,direct_to_O2,direct,O2,1,FU33,P3C::FU33::harmful_anchor::O2,harmful_anchor,1,0.49949382157591554,0
draft_hard_candidate,char_tfidf,direct_to_O2,direct,O2,1,FU33,P3C::FU33::draft_hard_benign::O2,draft_hard_benign,0,0.5088283883786903,1
draft_hard_candidate,char_tfidf,direct_to_O2,direct,O2,1,FU34,P3C::FU34::harmful_anchor::O2,harmful_anchor,1,0.5126583841569027,1
draft_hard_candidate,char_tfidf,direct_to_O2,direct,O2,1,FU34,P3C::FU34::draft_hard_benign::O2,draft_hard_benign,0,0.5019328777499172,1
draft_hard_candidate,char_tfidf,direct_to_O2,direct,O2,1,FU36,P3C::FU36::harmful_anchor::O2,harmful_anchor,1,0.5293155211933379,1
draft_hard_candidate,char_tfidf,direct_to_O2,direct,O2,1,FU36,P3C::FU36::draft_hard_benign::O2,draft_hard_benign,0,0.5069285405700749,1
draft_hard_candidate,char_tfidf,direct_to_O2,direct,O2,1,FU38,P3C::FU38::harmful_anchor::O2,harmful_anchor,1,0.49459298872179086,0
draft_hard_candidate,char_tfidf,direct_to_O2,direct,O2,1,FU38,P3C::FU38::draft_hard_benign::O2,draft_hard_benign,0,0.47733768590281017,0
draft_hard_candidate,char_tfidf,direct_to_O2,direct,O2,2,FU06,P3C::FU06::harmful_anchor::O2,harmful_anchor,1,0.5035127617426634,1
draft_hard_candidate,char_tfidf,direct_to_O2,direct,O2,2,FU06,P3C::FU06::draft_hard_benign::O2,draft_hard_benign,0,0.4804293457711836,0
draft_hard_candidate,char_tfidf,direct_to_O2,direct,O2,2,FU09,P3C::FU09::harmful_anchor::O2,harmful_anchor,1,0.49001763760424943,0
draft_hard_candidate,char_tfidf,direct_to_O2,direct,O2,2,FU09,P3C::FU09::draft_hard_benign::O2,draft_hard_benign,0,0.5025144797262368,1
draft_hard_candidate,char_tfidf,direct_to_O2,direct,O2,2,FU11,P3C::FU11::harmful_anchor::O2,harmful_anchor,1,0.47736115999151535,0
draft_hard_candidate,char_tfidf,direct_to_O2,direct,O2,2,FU11,P3C::FU11::draft_hard_benign::O2,draft_hard_benign,0,0.48580011355729846,0
draft_hard_candidate,char_tfidf,direct_to_O2,direct,O2,2,FU13,P3C::FU13::harmful_anchor::O2,harmful_anchor,1,0.5070760346115739,1
draft_hard_candidate,char_tfidf,direct_to_O2,direct,O2,2,FU13,P3C::FU13::draft_hard_benign::O2,draft_hard_benign,0,0.5061969366970824,1
draft_hard_candidate,char_tfidf,direct_to_O2,direct,O2,2,FU15,P3C::FU15::harmful_anchor::O2,harmful_anchor,1,0.5200643228261536,1
draft_hard_candidate,char_tfidf,direct_to_O2,direct,O2,2,FU15,P3C::FU15::draft_hard_benign::O2,draft_hard_benign,0,0.5071801397198052,1
draft_hard_candidate,char_tfidf,direct_to_O2,direct,O2,2,FU20,P3C::FU20::harmful_anchor::O2,harmful_anchor,1,0.49847560375276495,0
draft_hard_candidate,char_tfidf,direct_to_O2,direct,O2,2,FU20,P3C::FU20::draft_hard_benign::O2,draft_hard_benign,0,0.4908475758955413,0
draft_hard_candidate,char_tfidf,direct_to_O2,direct,O2,2,FU23,P3C::FU23::harmful_anchor::O2,harmful_anchor,1,0.5362295812759209,1
draft_hard_candidate,char_tfidf,direct_to_O2,direct,O2,2,FU23,P3C::FU23::draft_hard_benign::O2,draft_hard_benign,0,0.5183375063490269,1
draft_hard_candidate,char_tfidf,direct_to_O2,direct,O2,2,FU29,P3C::FU29::harmful_anchor::O2,harmful_anchor,1,0.5121173417164858,1
draft_hard_candidate,char_tfidf,direct_to_O2,direct,O2,2,FU29,P3C::FU29::draft_hard_benign::O2,draft_hard_benign,0,0.5046378175152584,1
draft_hard_candidate,char_tfidf,direct_to_O2,direct,O2,3,FU01,P3C::FU01::harmful_anchor::O2,harmful_anchor,1,0.5185184149490701,1
draft_hard_candidate,char_tfidf,direct_to_O2,direct,O2,3,FU01,P3C::FU01::draft_hard_benign::O2,draft_hard_benign,0,0.5137585453158768,1
draft_hard_candidate,char_tfidf,direct_to_O2,direct,O2,3,FU03,P3C::FU03::harmful_anchor::O2,harmful_anchor,1,0.5278828862346046,1
draft_hard_candidate,char_tfidf,direct_to_O2,direct,O2,3,FU03,P3C::FU03::draft_hard_benign::O2,draft_hard_benign,0,0.4942427796072523,0
draft_hard_candidate,char_tfidf,direct_to_O2,direct,O2,3,FU08,P3C::FU08::harmful_anchor::O2,harmful_anchor,1,0.5199339728806351,1
draft_hard_candidate,char_tfidf,direct_to_O2,direct,O2,3,FU08,P3C::FU08::draft_hard_benign::O2,draft_hard_benign,0,0.5071400590697884,1
draft_hard_candidate,char_tfidf,direct_to_O2,direct,O2,3,FU18,P3C::FU18::harmful_anchor::O2,harmful_anchor,1,0.5110422179935437,1
draft_hard_candidate,char_tfidf,direct_to_O2,direct,O2,3,FU18,P3C::FU18::draft_hard_benign::O2,draft_hard_benign,0,0.5200937691301498,1
draft_hard_candidate,char_tfidf,direct_to_O2,direct,O2,3,FU25,P3C::FU25::harmful_anchor::O2,harmful_anchor,1,0.5470934218329583,1
draft_hard_candidate,char_tfidf,direct_to_O2,direct,O2,3,FU25,P3C::FU25::draft_hard_benign::O2,draft_hard_benign,0,0.5279437837470594,1
draft_hard_candidate,char_tfidf,direct_to_O2,direct,O2,3,FU30,P3C::FU30::harmful_anchor::O2,harmful_anchor,1,0.5299256848895533,1
draft_hard_candidate,char_tfidf,direct_to_O2,direct,O2,3,FU30,P3C::FU30::draft_hard_benign::O2,draft_hard_benign,0,0.49509700115361344,0
draft_hard_candidate,char_tfidf,direct_to_O2,direct,O2,3,FU31,P3C::FU31::harmful_anchor::O2,harmful_anchor,1,0.5240118109009597,1
draft_hard_candidate,char_tfidf,direct_to_O2,direct,O2,3,FU31,P3C::FU31::draft_hard_benign::O2,draft_hard_benign,0,0.49634915007229374,0
draft_hard_candidate,char_tfidf,direct_to_O2,direct,O2,4,FU02,P3C::FU02::harmful_anchor::O2,harmful_anchor,1,0.5288169424941969,1
draft_hard_candidate,char_tfidf,direct_to_O2,direct,O2,4,FU02,P3C::FU02::draft_hard_benign::O2,draft_hard_benign,0,0.5155513457164248,1
draft_hard_candidate,char_tfidf,direct_to_O2,direct,O2,4,FU07,P3C::FU07::harmful_anchor::O2,harmful_anchor,1,0.5298471759478076,1
draft_hard_candidate,char_tfidf,direct_to_O2,direct,O2,4,FU07,P3C::FU07::draft_hard_benign::O2,draft_hard_benign,0,0.5331603880758657,1
draft_hard_candidate,char_tfidf,direct_to_O2,direct,O2,4,FU10,P3C::FU10::harmful_anchor::O2,harmful_anchor,1,0.516937148360855,1
draft_hard_candidate,char_tfidf,direct_to_O2,direct,O2,4,FU10,P3C::FU10::draft_hard_benign::O2,draft_hard_benign,0,0.4980203908345377,0
draft_hard_candidate,char_tfidf,direct_to_O2,direct,O2,4,FU12,P3C::FU12::harmful_anchor::O2,harmful_anchor,1,0.5273473435999352,1
draft_hard_candidate,char_tfidf,direct_to_O2,direct,O2,4,FU12,P3C::FU12::draft_hard_benign::O2,draft_hard_benign,0,0.5237905327038095,1
draft_hard_candidate,char_tfidf,direct_to_O2,direct,O2,4,FU24,P3C::FU24::harmful_anchor::O2,harmful_anchor,1,0.521277841918026,1
draft_hard_candidate,char_tfidf,direct_to_O2,direct,O2,4,FU24,P3C::FU24::draft_hard_benign::O2,draft_hard_benign,0,0.5103113941216134,1
draft_hard_candidate,char_tfidf,direct_to_O2,direct,O2,4,FU26,P3C::FU26::harmful_anchor::O2,harmful_anchor,1,0.5144217352783551,1
draft_hard_candidate,char_tfidf,direct_to_O2,direct,O2,4,FU26,P3C::FU26::draft_hard_benign::O2,draft_hard_benign,0,0.4892750849711921,0
draft_hard_candidate,char_tfidf,direct_to_O2,direct,O2,4,FU35,P3C::FU35::harmful_anchor::O2,harmful_anchor,1,0.5133789942778535,1
draft_hard_candidate,char_tfidf,direct_to_O2,direct,O2,4,FU35,P3C::FU35::draft_hard_benign::O2,draft_hard_benign,0,0.5237336417185762,1
draft_hard_candidate,char_tfidf,O2_to_O2,O2,O2,0,FU04,P3C::FU04::harmful_anchor::O2,harmful_anchor,1,0.5157222941867358,1
draft_hard_candidate,char_tfidf,O2_to_O2,O2,O2,0,FU04,P3C::FU04::draft_hard_benign::O2,draft_hard_benign,0,0.5037886398296589,1
draft_hard_candidate,char_tfidf,O2_to_O2,O2,O2,0,FU16,P3C::FU16::harmful_anchor::O2,harmful_anchor,1,0.47813642093088055,0
draft_hard_candidate,char_tfidf,O2_to_O2,O2,O2,0,FU16,P3C::FU16::draft_hard_benign::O2,draft_hard_benign,0,0.4386365549314528,0
draft_hard_candidate,char_tfidf,O2_to_O2,O2,O2,0,FU17,P3C::FU17::harmful_anchor::O2,harmful_anchor,1,0.4724863512429542,0
draft_hard_candidate,char_tfidf,O2_to_O2,O2,O2,0,FU17,P3C::FU17::draft_hard_benign::O2,draft_hard_benign,0,0.45741312617716817,0
draft_hard_candidate,char_tfidf,O2_to_O2,O2,O2,0,FU19,P3C::FU19::harmful_anchor::O2,harmful_anchor,1,0.5278718492002107,1
draft_hard_candidate,char_tfidf,O2_to_O2,O2,O2,0,FU19,P3C::FU19::draft_hard_benign::O2,draft_hard_benign,0,0.498646777291068,0
draft_hard_candidate,char_tfidf,O2_to_O2,O2,O2,0,FU27,P3C::FU27::harmful_anchor::O2,harmful_anchor,1,0.508073537617814,1
draft_hard_candidate,char_tfidf,O2_to_O2,O2,O2,0,FU27,P3C::FU27::draft_hard_benign::O2,draft_hard_benign,0,0.500890589826945,1
draft_hard_candidate,char_tfidf,O2_to_O2,O2,O2,0,FU28,P3C::FU28::harmful_anchor::O2,harmful_anchor,1,0.535794052714123,1
draft_hard_candidate,char_tfidf,O2_to_O2,O2,O2,0,FU28,P3C::FU28::draft_hard_benign::O2,draft_hard_benign,0,0.4680359649884329,0
draft_hard_candidate,char_tfidf,O2_to_O2,O2,O2,0,FU32,P3C::FU32::harmful_anchor::O2,harmful_anchor,1,0.5156915932508299,1
draft_hard_candidate,char_tfidf,O2_to_O2,O2,O2,0,FU32,P3C::FU32::draft_hard_benign::O2,draft_hard_benign,0,0.4733003085903174,0
draft_hard_candidate,char_tfidf,O2_to_O2,O2,O2,0,FU37,P3C::FU37::harmful_anchor::O2,harmful_anchor,1,0.49947218515862984,0
draft_hard_candidate,char_tfidf,O2_to_O2,O2,O2,0,FU37,P3C::FU37::draft_hard_benign::O2,draft_hard_benign,0,0.46949205101983715,0
draft_hard_candidate,char_tfidf,O2_to_O2,O2,O2,1,FU05,P3C::FU05::harmful_anchor::O2,harmful_anchor,1,0.4879983072633111,0
draft_hard_candidate,char_tfidf,O2_to_O2,O2,O2,1,FU05,P3C::FU05::draft_hard_benign::O2,draft_hard_benign,0,0.4495394022192633,0
draft_hard_candidate,char_tfidf,O2_to_O2,O2,O2,1,FU14,P3C::FU14::harmful_anchor::O2,harmful_anchor,1,0.49681441959397826,0
draft_hard_candidate,char_tfidf,O2_to_O2,O2,O2,1,FU14,P3C::FU14::draft_hard_benign::O2,draft_hard_benign,0,0.47806800397804994,0
draft_hard_candidate,char_tfidf,O2_to_O2,O2,O2,1,FU21,P3C::FU21::harmful_anchor::O2,harmful_anchor,1,0.4882088194551419,0
draft_hard_candidate,char_tfidf,O2_to_O2,O2,O2,1,FU21,P3C::FU21::draft_hard_benign::O2,draft_hard_benign,0,0.45603492191961614,0
draft_hard_candidate,char_tfidf,O2_to_O2,O2,O2,1,FU22,P3C::FU22::harmful_anchor::O2,harmful_anchor,1,0.5003212752837786,1
draft_hard_candidate,char_tfidf,O2_to_O2,O2,O2,1,FU22,P3C::FU22::draft_hard_benign::O2,draft_hard_benign,0,0.4659280929044673,0
draft_hard_candidate,char_tfidf,O2_to_O2,O2,O2,1,FU33,P3C::FU33::harmful_anchor::O2,harmful_anchor,1,0.4906487283300358,0
draft_hard_candidate,char_tfidf,O2_to_O2,O2,O2,1,FU33,P3C::FU33::draft_hard_benign::O2,draft_hard_benign,0,0.49236348065228197,0
draft_hard_candidate,char_tfidf,O2_to_O2,O2,O2,1,FU34,P3C::FU34::harmful_anchor::O2,harmful_anchor,1,0.5193801312692612,1
draft_hard_candidate,char_tfidf,O2_to_O2,O2,O2,1,FU34,P3C::FU34::draft_hard_benign::O2,draft_hard_benign,0,0.5063828435270336,1
draft_hard_candidate,char_tfidf,O2_to_O2,O2,O2,1,FU36,P3C::FU36::harmful_anchor::O2,harmful_anchor,1,0.5285296079912079,1
draft_hard_candidate,char_tfidf,O2_to_O2,O2,O2,1,FU36,P3C::FU36::draft_hard_benign::O2,draft_hard_benign,0,0.4835597464446383,0
draft_hard_candidate,char_tfidf,O2_to_O2,O2,O2,1,FU38,P3C::FU38::harmful_anchor::O2,harmful_anchor,1,0.47455380890282106,0
draft_hard_candidate,char_tfidf,O2_to_O2,O2,O2,1,FU38,P3C::FU38::draft_hard_benign::O2,draft_hard_benign,0,0.4376344670228024,0
draft_hard_candidate,char_tfidf,O2_to_O2,O2,O2,2,FU06,P3C::FU06::harmful_anchor::O2,harmful_anchor,1,0.470925701098279,0
draft_hard_candidate,char_tfidf,O2_to_O2,O2,O2,2,FU06,P3C::FU06::draft_hard_benign::O2,draft_hard_benign,0,0.42675650083805905,0
draft_hard_candidate,char_tfidf,O2_to_O2,O2,O2,2,FU09,P3C::FU09::harmful_anchor::O2,harmful_anchor,1,0.5002291782677094,1
draft_hard_candidate,char_tfidf,O2_to_O2,O2,O2,2,FU09,P3C::FU09::draft_hard_benign::O2,draft_hard_benign,0,0.4576279125585371,0
draft_hard_candidate,char_tfidf,O2_to_O2,O2,O2,2,FU11,P3C::FU11::harmful_anchor::O2,harmful_anchor,1,0.4551869071817278,0
draft_hard_candidate,char_tfidf,O2_to_O2,O2,O2,2,FU11,P3C::FU11::draft_hard_benign::O2,draft_hard_benign,0,0.4472447455405505,0
draft_hard_candidate,char_tfidf,O2_to_O2,O2,O2,2,FU13,P3C::FU13::harmful_anchor::O2,harmful_anchor,1,0.5051264330418775,1
draft_hard_candidate,char_tfidf,O2_to_O2,O2,O2,2,FU13,P3C::FU13::draft_hard_benign::O2,draft_hard_benign,0,0.4784666621849044,0
draft_hard_candidate,char_tfidf,O2_to_O2,O2,O2,2,FU15,P3C::FU15::harmful_anchor::O2,harmful_anchor,1,0.5147926470574675,1
draft_hard_candidate,char_tfidf,O2_to_O2,O2,O2,2,FU15,P3C::FU15::draft_hard_benign::O2,draft_hard_benign,0,0.49062255297918766,0
draft_hard_candidate,char_tfidf,O2_to_O2,O2,O2,2,FU20,P3C::FU20::harmful_anchor::O2,harmful_anchor,1,0.4807570984574757,0
draft_hard_candidate,char_tfidf,O2_to_O2,O2,O2,2,FU20,P3C::FU20::draft_hard_benign::O2,draft_hard_benign,0,0.4502153188598765,0
draft_hard_candidate,char_tfidf,O2_to_O2,O2,O2,2,FU23,P3C::FU23::harmful_anchor::O2,harmful_anchor,1,0.5254198829316984,1
draft_hard_candidate,char_tfidf,O2_to_O2,O2,O2,2,FU23,P3C::FU23::draft_hard_benign::O2,draft_hard_benign,0,0.4738930887089849,0
draft_hard_candidate,char_tfidf,O2_to_O2,O2,O2,2,FU29,P3C::FU29::harmful_anchor::O2,harmful_anchor,1,0.5013339902035665,1
draft_hard_candidate,char_tfidf,O2_to_O2,O2,O2,2,FU29,P3C::FU29::draft_hard_benign::O2,draft_hard_benign,0,0.4713851594991403,0
draft_hard_candidate,char_tfidf,O2_to_O2,O2,O2,3,FU01,P3C::FU01::harmful_anchor::O2,harmful_anchor,1,0.5239217095100143,1
draft_hard_candidate,char_tfidf,O2_to_O2,O2,O2,3,FU01,P3C::FU01::draft_hard_benign::O2,draft_hard_benign,0,0.4911358160902983,0
draft_hard_candidate,char_tfidf,O2_to_O2,O2,O2,3,FU03,P3C::FU03::harmful_anchor::O2,harmful_anchor,1,0.5446919806241688,1
draft_hard_candidate,char_tfidf,O2_to_O2,O2,O2,3,FU03,P3C::FU03::draft_hard_benign::O2,draft_hard_benign,0,0.49370947161956813,0
draft_hard_candidate,char_tfidf,O2_to_O2,O2,O2,3,FU08,P3C::FU08::harmful_anchor::O2,harmful_anchor,1,0.5254388381045053,1
draft_hard_candidate,char_tfidf,O2_to_O2,O2,O2,3,FU08,P3C::FU08::draft_hard_benign::O2,draft_hard_benign,0,0.4418834806764874,0
draft_hard_candidate,char_tfidf,O2_to_O2,O2,O2,3,FU18,P3C::FU18::harmful_anchor::O2,harmful_anchor,1,0.5050448460290982,1
draft_hard_candidate,char_tfidf,O2_to_O2,O2,O2,3,FU18,P3C::FU18::draft_hard_benign::O2,draft_hard_benign,0,0.520708053231963,1
draft_hard_candidate,char_tfidf,O2_to_O2,O2,O2,3,FU25,P3C::FU25::harmful_anchor::O2,harmful_anchor,1,0.5627701375503187,1
draft_hard_candidate,char_tfidf,O2_to_O2,O2,O2,3,FU25,P3C::FU25::draft_hard_benign::O2,draft_hard_benign,0,0.5316263879888172,1
draft_hard_candidate,char_tfidf,O2_to_O2,O2,O2,3,FU30,P3C::FU30::harmful_anchor::O2,harmful_anchor,1,0.5249764781372591,1
draft_hard_candidate,char_tfidf,O2_to_O2,O2,O2,3,FU30,P3C::FU30::draft_hard_benign::O2,draft_hard_benign,0,0.46394787496872925,0
draft_hard_candidate,char_tfidf,O2_to_O2,O2,O2,3,FU31,P3C::FU31::harmful_anchor::O2,harmful_anchor,1,0.5316712936055872,1
draft_hard_candidate,char_tfidf,O2_to_O2,O2,O2,3,FU31,P3C::FU31::draft_hard_benign::O2,draft_hard_benign,0,0.46710941299366926,0
draft_hard_candidate,char_tfidf,O2_to_O2,O2,O2,4,FU02,P3C::FU02::harmful_anchor::O2,harmful_anchor,1,0.5217539110465946,1
draft_hard_candidate,char_tfidf,O2_to_O2,O2,O2,4,FU02,P3C::FU02::draft_hard_benign::O2,draft_hard_benign,0,0.5011426827147291,1
draft_hard_candidate,char_tfidf,O2_to_O2,O2,O2,4,FU07,P3C::FU07::harmful_anchor::O2,harmful_anchor,1,0.5216756281994999,1
draft_hard_candidate,char_tfidf,O2_to_O2,O2,O2,4,FU07,P3C::FU07::draft_hard_benign::O2,draft_hard_benign,0,0.49929658454395104,0
draft_hard_candidate,char_tfidf,O2_to_O2,O2,O2,4,FU10,P3C::FU10::harmful_anchor::O2,harmful_anchor,1,0.4918508025387162,0
draft_hard_candidate,char_tfidf,O2_to_O2,O2,O2,4,FU10,P3C::FU10::draft_hard_benign::O2,draft_hard_benign,0,0.4714367989761485,0
draft_hard_candidate,char_tfidf,O2_to_O2,O2,O2,4,FU12,P3C::FU12::harmful_anchor::O2,harmful_anchor,1,0.5061538251500592,1
draft_hard_candidate,char_tfidf,O2_to_O2,O2,O2,4,FU12,P3C::FU12::draft_hard_benign::O2,draft_hard_benign,0,0.5099439859745877,1
draft_hard_candidate,char_tfidf,O2_to_O2,O2,O2,4,FU24,P3C::FU24::harmful_anchor::O2,harmful_anchor,1,0.4982183616524169,0
draft_hard_candidate,char_tfidf,O2_to_O2,O2,O2,4,FU24,P3C::FU24::draft_hard_benign::O2,draft_hard_benign,0,0.4701325477148077,0
draft_hard_candidate,char_tfidf,O2_to_O2,O2,O2,4,FU26,P3C::FU26::harmful_anchor::O2,harmful_anchor,1,0.5141367884786621,1
draft_hard_candidate,char_tfidf,O2_to_O2,O2,O2,4,FU26,P3C::FU26::draft_hard_benign::O2,draft_hard_benign,0,0.45055082912805405,0
draft_hard_candidate,char_tfidf,O2_to_O2,O2,O2,4,FU35,P3C::FU35::harmful_anchor::O2,harmful_anchor,1,0.473859980602065,0
draft_hard_candidate,char_tfidf,O2_to_O2,O2,O2,4,FU35,P3C::FU35::draft_hard_benign::O2,draft_hard_benign,0,0.4791018151103512,0
