policy,requested_budget,acquired_n,acquisition_rate,decision_loss,accuracy,total_risk_with_cost,fpr,recall,fnr,decision_loss_reduction_vs_never,context_a_acquisition_rate,context_b_acquisition_rate,oracle_value_captured_per_example,seed
random,0.0,0,0.0,0.20441666666666666,0.7955833333333333,0.20441666666666666,0.20276422764227642,0.7938461538461539,0.20615384615384613,0.0,0.0,0.0,0.0,0
uncertainty,0.0,0,0.0,0.20441666666666666,0.7955833333333333,0.20441666666666666,0.20276422764227642,0.7938461538461539,0.20615384615384613,0.0,0.0,0.0,0.0,0
oracle_decision_value,0.0,0,0.0,0.20441666666666666,0.7955833333333333,0.20441666666666666,0.20276422764227642,0.7938461538461539,0.20615384615384613,0.0,0.0,0.0,0.0,0
learned_value,0.0,0,0.0,0.20441666666666666,0.7955833333333333,0.20441666666666666,0.20276422764227642,0.7938461538461539,0.20615384615384613,0.0,0.0,0.0,0.0,0
random,0.05,600,0.05,0.2,0.8,0.201,0.19772357723577236,0.7976068376068376,0.2023931623931624,0.004416666666666652,0.04800268546492111,0.05196954650777888,0.004594915250458898,0
uncertainty,0.05,600,0.05,0.19275,0.80725,0.19375,0.1902439024390244,0.8046153846153846,0.19538461538461538,0.011666666666666659,0.050016784155756965,0.04998344918901026,0.011429608211597629,0
oracle_decision_value,0.05,600,0.05,0.18175,0.81825,0.18275,0.17853658536585365,0.8148717948717948,0.18512820512820516,0.02266666666666667,0.10070493454179255,0.0,0.022091020278090946,0
learned_value,0.05,600,0.05,0.183,0.817,0.184,0.16959349593495934,0.8029059829059829,0.19709401709401708,0.021416666666666667,0.10070493454179255,0.0,0.020498094715959377,0
random,0.1,1200,0.1,0.19583333333333333,0.8041666666666667,0.19783333333333333,0.19317073170731708,0.8013675213675213,0.19863247863247868,0.008583333333333332,0.09701242027526015,0.10294604435617345,0.009363759163216604,0
uncertainty,0.1,1200,0.1,0.18183333333333335,0.8181666666666667,0.18383333333333335,0.17853658536585365,0.8147008547008547,0.18529914529914526,0.022583333333333316,0.10003356831151393,0.09996689837802052,0.021955159402395424,0
oracle_decision_value,0.1,1200,0.1,0.16325,0.83675,0.16525,0.1588617886178862,0.8321367521367521,0.1678632478632479,0.04116666666666666,0.2014098690835851,0.0,0.04083268164138519,0
learned_value,0.1,1200,0.1,0.1655,0.8345,0.1675,0.16065040650406504,0.8294017094017094,0.17059829059829057,0.038916666666666655,0.2014098690835851,0.0,0.039528426180913165,0
random,0.2,2400,0.2,0.1855,0.8145,0.1895,0.183739837398374,0.8126495726495726,0.1873504273504274,0.018916666666666665,0.1992279288351796,0.20076133730552798,0.01934222584051707,0
uncertainty,0.2,2400,0.2,0.16325,0.83675,0.16725,0.1588617886178862,0.8321367521367521,0.1678632478632479,0.04116666666666666,0.20124202752601544,0.19877523998675936,0.040804008606100096,0
oracle_decision_value,0.2,2400,0.2,0.13641666666666666,0.8635833333333334,0.14041666666666666,0.13317073170731708,0.8601709401709402,0.1398290598290598,0.068,0.4028197381671702,0.0,0.06880838723515975,0
learned_value,0.2,2400,0.2,0.13725,0.86275,0.14125000000000001,0.13105691056910568,0.8562393162393163,0.14376068376068374,0.06716666666666665,0.4028197381671702,0.0,0.06701926016084442,0
random,0.25,3000,0.25,0.18066666666666667,0.8193333333333334,0.18566666666666667,0.1795121951219512,0.8181196581196581,0.18188034188034186,0.023749999999999993,0.24773413897280966,0.2522343594836147,0.024317906375863535,0
uncertainty,0.25,3000,0.25,0.15533333333333332,0.8446666666666667,0.16033333333333333,0.15089430894308944,0.84,0.16000000000000003,0.04908333333333334,0.2484055052030883,0.25157232704402516,0.04847133545767345,0
oracle_decision_value,0.25,3000,0.25,0.12741666666666668,0.8725833333333333,0.13241666666666668,0.12390243902439024,0.8688888888888889,0.13111111111111107,0.07699999999999999,0.5035246727089627,0.0,0.07853066174426053,0
learned_value,0.25,3000,0.25,0.12766666666666668,0.8723333333333333,0.13266666666666668,0.1216260162601626,0.865982905982906,0.13401709401709405,0.07674999999999998,0.5035246727089627,0.0,0.07698078629074598,0
random,0.3,3600,0.3,0.1755,0.8245,0.1815,0.1743089430894309,0.8232478632478633,0.17675213675213675,0.028916666666666674,0.2985901309164149,0.301390268123138,0.029182703990596415,0
uncertainty,0.3,3600,0.3,0.14933333333333335,0.8506666666666667,0.15533333333333335,0.1461788617886179,0.8473504273504273,0.15264957264957268,0.05508333333333332,0.2959046659953004,0.30403839788149617,0.055482360681403844,0
oracle_decision_value,0.3,3600,0.3,0.11975,0.88025,0.12575,0.11642276422764228,0.8767521367521367,0.1232478632478633,0.08466666666666667,0.6042296072507553,0.0,0.08596143380504971,0
learned_value,0.3,3600,0.3,0.12125,0.87875,0.12725,0.11707317073170732,0.8743589743589744,0.12564102564102564,0.08316666666666667,0.6042296072507553,0.0,0.08483350140289272,0
random,0.4,4800,0.4,0.16625,0.83375,0.17425000000000002,0.16552845528455284,0.8329914529914529,0.16700854700854706,0.038166666666666654,0.3994629070157771,0.40052962595167163,0.038890472492462795,0
uncertainty,0.4,4800,0.4,0.13741666666666666,0.8625833333333334,0.14541666666666667,0.13398373983739836,0.8589743589743589,0.14102564102564108,0.067,0.39543470963410543,0.40450182058920886,0.06799263269184293,0
oracle_decision_value,0.4,4800,0.4,0.11258333333333333,0.8874166666666666,0.12058333333333332,0.10975609756097561,0.8844444444444445,0.11555555555555552,0.09183333333333334,0.8056394763343404,0.0,0.09488438092443274,0
learned_value,0.4,4800,0.4,0.11358333333333333,0.8864166666666666,0.12158333333333332,0.11219512195121951,0.884957264957265,0.11504273504273499,0.09083333333333334,0.8056394763343404,0.0,0.09384261154913094,0
random,0.5,6000,0.5,0.15641666666666668,0.8435833333333334,0.16641666666666668,0.15544715447154472,0.8425641025641025,0.15743589743589748,0.04799999999999999,0.5026854649211144,0.49735187024164185,0.04877566693904434,0
uncertainty,0.5,6000,0.5,0.1275,0.8725,0.1375,0.12406504065040651,0.8688888888888889,0.13111111111111107,0.07691666666666666,0.4973145350788855,0.5026481297583582,0.07800310068188841,0
oracle_decision_value,0.5,6000,0.5,0.10958333333333334,0.8904166666666666,0.11958333333333333,0.10682926829268292,0.8875213675213676,0.11247863247863243,0.09483333333333333,1.0,0.006951340615690168,0.09753733435899824,0
learned_value,0.5,6000,0.5,0.11,0.89,0.12,0.10764227642276422,0.8875213675213676,0.11247863247863243,0.09441666666666666,0.963074857334676,0.04336312479311486,0.09727707996503172,0
random,0.6,7200,0.6,0.14566666666666667,0.8543333333333334,0.15766666666666668,0.14504065040650407,0.8536752136752137,0.1463247863247863,0.05875,0.6067472306143001,0.5933465739821251,0.05930606328821459,0
uncertainty,0.6,7200,0.6,0.12,0.88,0.132,0.11658536585365854,0.8764102564102564,0.12358974358974362,0.08441666666666667,0.6010406176569318,0.5989738497186362,0.08575722519332189,0
oracle_decision_value,0.6,7200,0.6,0.10958333333333334,0.8904166666666666,0.12158333333333333,0.10682926829268292,0.8875213675213676,0.11247863247863243,0.09483333333333333,1.0,0.20556107249255212,0.09753733435899824,0
learned_value,0.6,7200,0.6,0.11,0.89,0.122,0.10764227642276422,0.8875213675213676,0.11247863247863243,0.09441666666666666,0.963074857334676,0.24197285666997684,0.09727707996503172,0
random,0.75,9000,0.75,0.13266666666666665,0.8673333333333333,0.14766666666666667,0.13008130081300814,0.8646153846153846,0.13538461538461544,0.07175000000000001,0.7519301779120511,0.7480966567361801,0.0733432006231908,0
uncertainty,0.75,9000,0.75,0.11391666666666667,0.8860833333333333,0.12891666666666668,0.11105691056910569,0.8830769230769231,0.11692307692307691,0.0905,0.7457200402819738,0.7542204568023834,0.09296672972462634,0
oracle_decision_value,0.75,9000,0.75,0.10958333333333334,0.8904166666666666,0.12458333333333334,0.10682926829268292,0.8875213675213676,0.11247863247863243,0.09483333333333333,1.0,0.5034756703078451,0.09753733435899824,0
learned_value,0.75,9000,0.75,0.11,0.89,0.125,0.10764227642276422,0.8875213675213676,0.11247863247863243,0.09441666666666666,0.963074857334676,0.5398874544852698,0.09727707996503172,0
random,1.0,12000,1.0,0.10958333333333334,0.8904166666666666,0.12958333333333333,0.10682926829268292,0.8875213675213676,0.11247863247863243,0.09483333333333333,1.0,1.0,0.09753733435899824,0
uncertainty,1.0,12000,1.0,0.10958333333333334,0.8904166666666666,0.12958333333333333,0.10682926829268292,0.8875213675213676,0.11247863247863243,0.09483333333333333,1.0,1.0,0.09753733435899824,0
oracle_decision_value,1.0,12000,1.0,0.10958333333333334,0.8904166666666666,0.12958333333333333,0.10682926829268292,0.8875213675213676,0.11247863247863243,0.09483333333333333,1.0,1.0,0.09753733435899824,0
learned_value,1.0,12000,1.0,0.10958333333333334,0.8904166666666666,0.12958333333333333,0.10682926829268292,0.8875213675213676,0.11247863247863243,0.09483333333333333,1.0,1.0,0.09753733435899824,0
random,0.0,0,0.0,0.21233333333333335,0.7876666666666666,0.21233333333333335,0.21433344470431007,0.78965746591287,0.21034253408713,0.0,0.0,0.0,0.0,1
uncertainty,0.0,0,0.0,0.21233333333333335,0.7876666666666666,0.21233333333333335,0.21433344470431007,0.78965746591287,0.21034253408713,0.0,0.0,0.0,0.0,1
oracle_decision_value,0.0,0,0.0,0.21233333333333335,0.7876666666666666,0.21233333333333335,0.21433344470431007,0.78965746591287,0.21034253408713,0.0,0.0,0.0,0.0,1
learned_value,0.0,0,0.0,0.21233333333333335,0.7876666666666666,0.21233333333333335,0.21433344470431007,0.78965746591287,0.21034253408713,0.0,0.0,0.0,0.0,1
random,0.05,600,0.05,0.20725,0.7927500000000001,0.20825,0.2089876378215837,0.794479547721982,0.20552045227801796,0.005083333333333356,0.049892968878643175,0.050109667622743374,0.00494223111410407,1
uncertainty,0.05,600,0.05,0.20158333333333334,0.7984166666666667,0.20258333333333334,0.20197126628800535,0.7988027934818757,0.20119720651812434,0.01075000000000001,0.048904989296887864,0.051121984140374555,0.01139637735331916,1
oracle_decision_value,0.05,600,0.05,0.19108333333333333,0.8089166666666667,0.19208333333333333,0.18994320080187102,0.8077818423678085,0.19221815763219152,0.02125000000000002,0.09879795817553104,0.0,0.022132558246618507,1
learned_value,0.05,600,0.05,0.19191666666666668,0.8080833333333333,0.19291666666666668,0.18743735382559304,0.8036248752909877,0.1963751247090123,0.020416666666666666,0.09879795817553104,0.0,0.020407272848621445,1
random,0.1,1200,0.1,0.20175,0.79825,0.20375000000000001,0.20330771800868694,0.7998004655803126,0.2001995344196874,0.010583333333333333,0.10126790712991932,0.09870086046903999,0.01001535535617818,1
uncertainty,0.1,1200,0.1,0.19175,0.80825,0.19375,0.19061142666221184,0.8071167276355171,0.19288327236448288,0.020583333333333342,0.09599868269389099,0.10409988189640627,0.021553144243739785,1
oracle_decision_value,0.1,1200,0.1,0.1725,0.8275,0.1745,0.17139993317741398,0.8264050548719654,0.17359494512803464,0.03983333333333336,0.19759591635106208,0.0,0.040775956284677346,1
learned_value,0.1,1200,0.1,0.17325,0.82675,0.17525,0.17173404610758436,0.8252411040904556,0.1747588959095444,0.03908333333333336,0.19759591635106208,0.0,0.03923768321658823,1
random,0.2,2400,0.2,0.19133333333333333,0.8086666666666666,0.19533333333333333,0.194119612429001,0.8114399733954107,0.18856002660458926,0.02100000000000002,0.20121850815083156,0.19875147629492154,0.019963152755126123,1
uncertainty,0.2,2400,0.2,0.17308333333333334,0.8269166666666666,0.17708333333333334,0.17173404610758436,0.8255736614566013,0.17442633854339873,0.03925000000000001,0.1918327021241561,0.20836848321241774,0.039774343727938276,1
oracle_decision_value,0.2,2400,0.2,0.14441666666666667,0.8555833333333334,0.14841666666666667,0.14366855997327097,0.8548387096774194,0.14516129032258063,0.06791666666666668,0.39519183270212416,0.0,0.06892399214950143,1
learned_value,0.2,2400,0.2,0.14541666666666667,0.8545833333333334,0.14941666666666667,0.14851319746074174,0.8576654472896574,0.14233455271034257,0.06691666666666668,0.39519183270212416,0.0,0.06750443606697104,1
random,0.25,3000,0.25,0.18625,0.81375,0.19125,0.18910791847644504,0.8165946125706685,0.18340538742933155,0.026083333333333347,0.2501234974477194,0.2498734604352961,0.024624457037200224,1
uncertainty,0.25,3000,0.25,0.16658333333333333,0.8334166666666667,0.17158333333333334,0.165552956899432,0.8323910874625873,0.16760891253741272,0.04575000000000001,0.24287831384818048,0.25729711489792473,0.048302148635519626,1
oracle_decision_value,0.25,3000,0.25,0.134,0.866,0.139,0.13331105913798863,0.8653142667110076,0.13468573328899236,0.07833333333333334,0.4939897908776552,0.0,0.07889760214774626,1
learned_value,0.25,3000,0.25,0.1355,0.8645,0.1405,0.13715335783494823,0.8661456601263718,0.13385433987362816,0.07683333333333334,0.4939897908776552,0.0,0.0772611587492146,1
random,0.3,3600,0.3,0.18066666666666667,0.8193333333333334,0.18666666666666668,0.18292682926829268,0.8215829730628533,0.17841702693714667,0.031666666666666676,0.30034579285361435,0.2996456892188291,0.02988020865471512,1
uncertainty,0.3,3600,0.3,0.15975,0.8402499999999999,0.16575,0.15836952890076847,0.8388759561024277,0.1611240438975723,0.05258333333333334,0.2921126296723201,0.3080816601990889,0.05573176383069903,1
oracle_decision_value,0.3,3600,0.3,0.12633333333333333,0.8736666666666667,0.13233333333333333,0.12646174406949548,0.8737944795477219,0.12620552045227806,0.08600000000000002,0.5927877490531862,0.0,0.08647035350273355,1
learned_value,0.3,3600,0.3,0.12733333333333333,0.8726666666666667,0.13333333333333333,0.12930170397594387,0.8746258729630861,0.12537412703691386,0.08500000000000002,0.5927877490531862,0.0,0.08541231159124166,1
random,0.4,4800,0.4,0.17116666666666666,0.8288333333333333,0.17916666666666667,0.17223521550283996,0.8298969072164949,0.1701030927835051,0.041166666666666685,0.4016136999835337,0.3983465496878691,0.039990218164746356,1
uncertainty,0.4,4800,0.4,0.14508333333333334,0.8549166666666667,0.15308333333333335,0.14467089876378217,0.8545061523112737,0.1454938476887263,0.06725,0.3914045776387288,0.40880715370339127,0.06849146524412279,1
oracle_decision_value,0.4,4800,0.4,0.118,0.882,0.126,0.11760775141997995,0.881609577652145,0.11839042234785502,0.09433333333333335,0.7903836654042483,0.0,0.09575320068978155,1
learned_value,0.4,4800,0.4,0.11908333333333333,0.8809166666666667,0.12708333333333333,0.11744069495489476,0.8792816760891253,0.12071832391087467,0.09325000000000001,0.7903836654042483,0.0,0.09537022739635562,1
random,0.5,6000,0.5,0.16141666666666668,0.8385833333333333,0.1714166666666667,0.16137654527230202,0.838543398736282,0.16145660126371797,0.050916666666666666,0.5020582907953236,0.49789100725493507,0.04997233556468761,1
uncertainty,0.5,6000,0.5,0.13425,0.86575,0.14425000000000002,0.13364517206815904,0.8651479880279348,0.1348520119720652,0.07808333333333334,0.48855590317800096,0.5117259996625612,0.07841396861479076,1
oracle_decision_value,0.5,6000,0.5,0.11458333333333333,0.8854166666666666,0.12458333333333332,0.11409956565319078,0.8849351513136016,0.11506484868639844,0.09775000000000002,0.9879795817553104,0.0,0.09879404349276229,1
learned_value,0.5,6000,0.5,0.11475,0.88525,0.12475,0.11460073504844638,0.8851014299966744,0.1148985700033256,0.09758333333333334,0.9706899390745924,0.01771553905854564,0.09857754846173704,1
random,0.6,7200,0.6,0.15241666666666667,0.8475833333333334,0.16441666666666668,0.1523554961577013,0.8475224476222148,0.15247755237778515,0.059916666666666674,0.6020088918162358,0.5979416230808166,0.059685662708686776,1
uncertainty,0.6,7200,0.6,0.12641666666666668,0.8735833333333334,0.1384166666666667,0.12646174406949548,0.8736282008646492,0.1263717991353508,0.08591666666666667,0.5896591470442945,0.6105955795512064,0.0862636225811547,1
oracle_decision_value,0.6,7200,0.6,0.11458333333333333,0.8854166666666666,0.12658333333333333,0.11409956565319078,0.8849351513136016,0.11506484868639844,0.09775000000000002,1.0,0.1901467858950565,0.0988152613187835,1
learned_value,0.6,7200,0.6,0.11458333333333333,0.8854166666666666,0.12658333333333333,0.11409956565319078,0.8849351513136016,0.11506484868639844,0.09775000000000002,1.0,0.1901467858950565,0.0988152613187835,1
random,0.75,9000,0.75,0.13766666666666666,0.8623333333333334,0.15266666666666667,0.13732041430003342,0.8619886930495511,0.13801130695044894,0.07466666666666669,0.7562983698336901,0.7435464822001012,0.07490580864436223,1
uncertainty,0.75,9000,0.75,0.12008333333333333,0.8799166666666667,0.13508333333333333,0.12028065486134314,0.8801130695044895,0.11988693049551047,0.09225000000000001,0.7441132883253746,0.7560317192508857,0.09422028137324977,1
oracle_decision_value,0.75,9000,0.75,0.11458333333333333,0.8854166666666666,0.12958333333333333,0.11409956565319078,0.8849351513136016,0.11506484868639844,0.09775000000000002,1.0,0.4938417411844103,0.0988152613187835,1
learned_value,0.75,9000,0.75,0.11458333333333333,0.8854166666666666,0.12958333333333333,0.11409956565319078,0.8849351513136016,0.11506484868639844,0.09775000000000002,1.0,0.4938417411844103,0.0988152613187835,1
random,1.0,12000,1.0,0.11458333333333333,0.8854166666666666,0.13458333333333333,0.11409956565319078,0.8849351513136016,0.11506484868639844,0.09775000000000002,1.0,1.0,0.0988152613187835,1
uncertainty,1.0,12000,1.0,0.11458333333333333,0.8854166666666666,0.13458333333333333,0.11409956565319078,0.8849351513136016,0.11506484868639844,0.09775000000000002,1.0,1.0,0.0988152613187835,1
oracle_decision_value,1.0,12000,1.0,0.11458333333333333,0.8854166666666666,0.13458333333333333,0.11409956565319078,0.8849351513136016,0.11506484868639844,0.09775000000000002,1.0,1.0,0.0988152613187835,1
learned_value,1.0,12000,1.0,0.11458333333333333,0.8854166666666666,0.13458333333333333,0.11409956565319078,0.8849351513136016,0.11506484868639844,0.09775000000000002,1.0,1.0,0.0988152613187835,1
random,0.0,0,0.0,0.20283333333333334,0.7971666666666667,0.20283333333333334,0.2037439411666388,0.7980721289679242,0.20192787103207577,0.0,0.0,0.0,0.0,2
uncertainty,0.0,0,0.0,0.20283333333333334,0.7971666666666667,0.20283333333333334,0.2037439411666388,0.7980721289679242,0.20192787103207577,0.0,0.0,0.0,0.0,2
oracle_decision_value,0.0,0,0.0,0.20283333333333334,0.7971666666666667,0.20283333333333334,0.2037439411666388,0.7980721289679242,0.20192787103207577,0.0,0.0,0.0,0.0,2
learned_value,0.0,0,0.0,0.20283333333333334,0.7971666666666667,0.20283333333333334,0.2037439411666388,0.7980721289679242,0.20192787103207577,0.0,0.0,0.0,0.0,2
random,0.05,600,0.05,0.199,0.8009999999999999,0.2,0.1990640147083403,0.8010636529832142,0.19893634701678575,0.0038333333333333275,0.049019607843137254,0.05098629220996322,0.004869064772833263,2
uncertainty,0.05,600,0.05,0.19116666666666668,0.8088333333333333,0.19216666666666668,0.19170984455958548,0.8093734419145754,0.1906265580854246,0.011666666666666659,0.0518444666001994,0.048144433299899696,0.011941785554267056,2
oracle_decision_value,0.05,600,0.05,0.18183333333333335,0.8181666666666667,0.18283333333333335,0.1816814307203744,0.8180156224031909,0.18198437759680908,0.02099999999999999,0.09970089730807577,0.0,0.02212412770536997,2
learned_value,0.05,600,0.05,0.18333333333333332,0.8166666666666667,0.18433333333333332,0.18619421694801938,0.8195113844108359,0.18048861558916407,0.019500000000000017,0.09970089730807577,0.0,0.020335306997824768,2
random,0.1,1200,0.1,0.19458333333333333,0.8054166666666667,0.19658333333333333,0.19371552732742772,0.8045537643343859,0.19544623566561414,0.008250000000000007,0.09704220671319375,0.10297559344700769,0.00954172096471671,2
uncertainty,0.1,1200,0.1,0.18183333333333335,0.8181666666666667,0.18383333333333335,0.1816814307203744,0.8180156224031909,0.18198437759680908,0.02099999999999999,0.0998670654702559,0.10013373453694417,0.02215788481972644,2
oracle_decision_value,0.1,1200,0.1,0.16416666666666666,0.8358333333333333,0.16616666666666666,0.16329600534848737,0.8349675918231677,0.1650324081768323,0.03866666666666668,0.19940179461615154,0.0,0.040711686914867436,2
learned_value,0.1,1200,0.1,0.16633333333333333,0.8336666666666667,0.16833333333333333,0.16262744442587332,0.829981718464351,0.17001828153564902,0.036500000000000005,0.19940179461615154,0.0,0.03707794727448063,2
random,0.2,2400,0.2,0.18541666666666667,0.8145833333333333,0.18941666666666668,0.1845228146414842,0.8136945321588832,0.1863054678411168,0.017416666666666664,0.19923562645397142,0.20076897358742896,0.01918812625334689,2
uncertainty,0.2,2400,0.2,0.16433333333333333,0.8356666666666667,0.16833333333333333,0.1636302858097944,0.8349675918231677,0.1650324081768323,0.038500000000000006,0.1984047856430708,0.20160481444332998,0.04054194854441815,2
oracle_decision_value,0.2,2400,0.2,0.13725,0.86275,0.14125000000000001,0.13722212936653852,0.8627222868539139,0.13727771314608606,0.06558333333333333,0.3988035892323031,0.0,0.06860546161152864,2
learned_value,0.2,2400,0.2,0.13908333333333334,0.8609166666666667,0.14308333333333334,0.14574628112986796,0.8675419644341034,0.13245803556589664,0.06375,0.3988035892323031,0.0,0.0661009245481148,2
random,0.25,3000,0.25,0.18083333333333335,0.8191666666666666,0.18583333333333335,0.17934146749122515,0.8176832308459365,0.18231676915406347,0.021999999999999992,0.2495845795945497,0.2504179204279505,0.024089382072282357,2
uncertainty,0.25,3000,0.25,0.1555,0.8445,0.1605,0.15477185358515794,0.8437759680904106,0.15622403190958944,0.04733333333333334,0.2502492522432702,0.24974924774322968,0.048967936058621625,2
oracle_decision_value,0.25,3000,0.25,0.12841666666666668,0.8715833333333334,0.13341666666666668,0.12802941668059503,0.8711982715639023,0.12880172843609772,0.07441666666666666,0.4985044865403789,0.0,0.07846798209768141,2
learned_value,0.25,3000,0.25,0.12808333333333333,0.8719166666666667,0.13308333333333333,0.13020223967909075,0.8740235998005651,0.1259764001994349,0.07475000000000001,0.4985044865403789,0.0,0.07705828101980824,2
random,0.3,3600,0.3,0.17641666666666667,0.8235833333333333,0.18241666666666667,0.17499582149423365,0.8221705168688715,0.17782948313112845,0.02641666666666667,0.29843801927550684,0.30157138080909396,0.02863672814538734,2
uncertainty,0.3,3600,0.3,0.14825,0.85175,0.15425,0.1479191041283637,0.8514209739072628,0.1485790260927372,0.054583333333333345,0.29843801927550684,0.30157138080909396,0.056032751037246344,2
oracle_decision_value,0.3,3600,0.3,0.12108333333333333,0.8789166666666667,0.12708333333333333,0.1196724051479191,0.8775137111517367,0.12248628884826329,0.08175,0.5982053838484547,0.0,0.08602763324727306,2
learned_value,0.3,3600,0.3,0.1205,0.8795,0.1265,0.12100952699314725,0.8800066478311451,0.11999335216885487,0.08233333333333334,0.5982053838484547,0.0,0.08532586519601928,2
random,0.4,4800,0.4,0.16716666666666666,0.8328333333333333,0.17516666666666666,0.1671402306535183,0.8328070467010138,0.1671929532989862,0.03566666666666668,0.39647723496178133,0.4035439652290204,0.03847847873157125,2
uncertainty,0.4,4800,0.4,0.13708333333333333,0.8629166666666667,0.14508333333333334,0.137054989135885,0.8628884826325411,0.13711151736745886,0.06575,0.401296111665005,0.39869608826479436,0.0688832564593844,2
oracle_decision_value,0.4,4800,0.4,0.11175,0.88825,0.11975,0.11181681430720375,0.8883164367625063,0.11168356323749373,0.09108333333333334,0.7976071784646062,0.0,0.09509982348588746,2
learned_value,0.4,4800,0.4,0.11133333333333334,0.8886666666666667,0.11933333333333335,0.1123182349991643,0.889646002991524,0.11035399700847603,0.0915,0.7976071784646062,0.0,0.09477330203180194,2
random,0.5,6000,0.5,0.157,0.843,0.167,0.15493899381581147,0.8409506398537477,0.15904936014625226,0.04583333333333334,0.4956796277833167,0.5043463724506854,0.048686310419841325,2
uncertainty,0.5,6000,0.5,0.12783333333333333,0.8721666666666666,0.13783333333333334,0.12736085575798095,0.871696858899784,0.128303141100216,0.07500000000000001,0.5034895314057827,0.49648946840521563,0.0788998142386536,2
oracle_decision_value,0.5,6000,0.5,0.10875,0.89125,0.11875,0.10897543038609393,0.8914741565564235,0.10852584344357652,0.09408333333333334,0.9970089730807578,0.0,0.09797199192531499,2
learned_value,0.5,6000,0.5,0.10908333333333334,0.8909166666666667,0.11908333333333333,0.10981113153936152,0.8916403523350507,0.10835964766494932,0.09375,0.9669325357261549,0.03025743898361752,0.0977890588843453,2
random,0.6,7200,0.6,0.14808333333333334,0.8519166666666667,0.16008333333333336,0.14541200066856091,0.8492604287851089,0.15073957121489112,0.05474999999999999,0.596045197740113,0.603978602474089,0.05877387040217762,2
uncertainty,0.6,7200,0.6,0.12075,0.87925,0.13275,0.11933812468661206,0.8778461027089912,0.12215389729100878,0.08208333333333334,0.601362578929877,0.5986292209963223,0.08622981317001256,2
oracle_decision_value,0.6,7200,0.6,0.10875,0.89125,0.12075,0.10897543038609393,0.8914741565564235,0.10852584344357652,0.09408333333333334,1.0,0.19759277833500502,0.09797434024876167,2
learned_value,0.6,7200,0.6,0.10875,0.89125,0.12075,0.10897543038609393,0.8914741565564235,0.10852584344357652,0.09408333333333334,1.0,0.19759277833500502,0.09797434024876167,2
random,0.75,9000,0.75,0.13175,0.86825,0.14675,0.12869797760320908,0.8652152235333223,0.13478477646667775,0.07108333333333333,0.7475905616483882,0.752423938482113,0.07376245145691519,2
uncertainty,0.75,9000,0.75,0.11308333333333333,0.8869166666666667,0.12808333333333333,0.11281965569112486,0.886654478976234,0.11334552102376605,0.08975000000000001,0.74991691591891,0.7500835840855901,0.09356549056810078,2
oracle_decision_value,0.75,9000,0.75,0.10875,0.89125,0.12375,0.10897543038609393,0.8914741565564235,0.10852584344357652,0.09408333333333334,1.0,0.49849548645937813,0.09797434024876167,2
learned_value,0.75,9000,0.75,0.10875,0.89125,0.12375,0.10897543038609393,0.8914741565564235,0.10852584344357652,0.09408333333333334,1.0,0.49849548645937813,0.09797434024876167,2
random,1.0,12000,1.0,0.10875,0.89125,0.12875,0.10897543038609393,0.8914741565564235,0.10852584344357652,0.09408333333333334,1.0,1.0,0.09797434024876167,2
uncertainty,1.0,12000,1.0,0.10875,0.89125,0.12875,0.10897543038609393,0.8914741565564235,0.10852584344357652,0.09408333333333334,1.0,1.0,0.09797434024876167,2
oracle_decision_value,1.0,12000,1.0,0.10875,0.89125,0.12875,0.10897543038609393,0.8914741565564235,0.10852584344357652,0.09408333333333334,1.0,1.0,0.09797434024876167,2
learned_value,1.0,12000,1.0,0.10875,0.89125,0.12875,0.10897543038609393,0.8914741565564235,0.10852584344357652,0.09408333333333334,1.0,1.0,0.09797434024876167,2
random,0.0,0,0.0,0.21025,0.78975,0.21025,0.21403212172442942,0.7934264585045193,0.20657354149548068,0.0,0.0,0.0,0.0,3
uncertainty,0.0,0,0.0,0.21025,0.78975,0.21025,0.21403212172442942,0.7934264585045193,0.20657354149548068,0.0,0.0,0.0,0.0,3
oracle_decision_value,0.0,0,0.0,0.21025,0.78975,0.21025,0.21403212172442942,0.7934264585045193,0.20657354149548068,0.0,0.0,0.0,0.0,3
learned_value,0.0,0,0.0,0.21025,0.78975,0.21025,0.21403212172442942,0.7934264585045193,0.20657354149548068,0.0,0.0,0.0,0.0,3
random,0.05,600,0.05,0.205,0.795,0.206,0.20743871513102283,0.7973705834018078,0.20262941659819222,0.005250000000000005,0.05355648535564853,0.046473029045643155,0.005222303661123872,3
uncertainty,0.05,600,0.05,0.19808333333333333,0.8019166666666666,0.19908333333333333,0.20169061707523245,0.8054231717337715,0.19457682826622846,0.012166666666666659,0.05104602510460251,0.04896265560165975,0.011673419819715609,3
oracle_decision_value,0.05,600,0.05,0.18825,0.81175,0.18925,0.19087066779374473,0.8142974527526705,0.18570254724732949,0.021999999999999992,0.100418410041841,0.0,0.02213170354556985,3
learned_value,0.05,600,0.05,0.18966666666666668,0.8103333333333333,0.19066666666666668,0.2,0.8203779786359902,0.17962202136400984,0.020583333333333315,0.100418410041841,0.0,0.02086827297892602,3
random,0.1,1200,0.1,0.19958333333333333,0.8004166666666667,0.20158333333333334,0.20202874049027894,0.8027937551355793,0.19720624486442073,0.010666666666666658,0.10242677824267782,0.09759336099585063,0.010110266658889295,3
uncertainty,0.1,1200,0.1,0.18766666666666668,0.8123333333333334,0.18966666666666668,0.19070160608622147,0.8152834839769926,0.18471651602300743,0.022583333333333316,0.10225941422594143,0.09775933609958506,0.022506720505851473,3
oracle_decision_value,0.1,1200,0.1,0.16833333333333333,0.8316666666666667,0.17033333333333334,0.16923076923076924,0.8325390304026294,0.16746096959737056,0.04191666666666666,0.200836820083682,0.0,0.040918042843691056,3
learned_value,0.1,1200,0.1,0.17333333333333334,0.8266666666666667,0.17533333333333334,0.17565511411665258,0.828923582580115,0.171076417419885,0.03691666666666665,0.200836820083682,0.0,0.0377250035639004,3
random,0.2,2400,0.2,0.19066666666666668,0.8093333333333333,0.19466666666666668,0.1934065934065934,0.8119967132292523,0.18800328677074774,0.019583333333333314,0.20317991631799162,0.19684647302904565,0.019577307275017983,3
uncertainty,0.2,2400,0.2,0.16775,0.8322499999999999,0.17175,0.1687235841081995,0.8331963845521775,0.16680361544782252,0.04249999999999998,0.20535564853556484,0.19468879668049793,0.04168792855677967,3
oracle_decision_value,0.2,2400,0.2,0.1415,0.8585,0.1455,0.14032121724429417,0.857354149548069,0.142645850451931,0.06875,0.401673640167364,0.0,0.06882457701287072,3
learned_value,0.2,2400,0.2,0.14458333333333334,0.8554166666666667,0.14858333333333335,0.14234995773457312,0.8532456861133936,0.14675431388660642,0.06566666666666665,0.401673640167364,0.0,0.06627855734903805,3
random,0.25,3000,0.25,0.18583333333333332,0.8141666666666667,0.19083333333333333,0.18833474218089602,0.8165981922760888,0.18340180772391124,0.02441666666666667,0.25389121338912135,0.24614107883817427,0.024658537037598283,3
uncertainty,0.25,3000,0.25,0.15966666666666668,0.8403333333333334,0.16466666666666668,0.1595942519019442,0.8402629416598192,0.15973705834018082,0.050583333333333313,0.25255230125523015,0.24746887966804978,0.04931011012349416,3
oracle_decision_value,0.25,3000,0.25,0.13175,0.86825,0.13675,0.13153000845308538,0.8680361544782251,0.13196384552177487,0.07849999999999999,0.502092050209205,0.0,0.07853303865670451,3
learned_value,0.25,3000,0.25,0.13275,0.86725,0.13775,0.1355874894336433,0.8700082169268694,0.12999178307313064,0.07749999999999999,0.502092050209205,0.0,0.07769362704438909,3
random,0.3,3600,0.3,0.1805,0.8195,0.1865,0.18360101437024515,0.8225143796220213,0.17748562037797866,0.02975,0.30728033472803346,0.29278008298755187,0.030070667315609357,3
uncertainty,0.3,3600,0.3,0.153,0.847,0.159,0.1521555367709214,0.8461791290057519,0.15382087099424813,0.057249999999999995,0.30426778242677827,0.2957676348547718,0.05685534989667162,3
oracle_decision_value,0.3,3600,0.3,0.12383333333333334,0.8761666666666666,0.12983333333333333,0.12307692307692308,0.875431388660641,0.12456861133935904,0.08641666666666666,0.602510460251046,0.0,0.08601020736432169,3
learned_value,0.3,3600,0.3,0.12591666666666668,0.8740833333333333,0.13191666666666668,0.12645815722738799,0.8746096959737059,0.12539030402629414,0.08433333333333332,0.602510460251046,0.0,0.08475605625286337,3
random,0.4,4800,0.4,0.17158333333333334,0.8284166666666667,0.17958333333333334,0.17362637362637362,0.8304026294165981,0.16959737058340185,0.038666666666666655,0.40719665271966526,0.3928630705394191,0.040057494316726804,3
uncertainty,0.4,4800,0.4,0.14133333333333334,0.8586666666666667,0.14933333333333335,0.14015215553677093,0.857518488085456,0.14248151191454395,0.06891666666666665,0.4028451882845188,0.39717842323651453,0.06895222851629534,3
oracle_decision_value,0.4,4800,0.4,0.11566666666666667,0.8843333333333333,0.12366666666666667,0.11445477599323753,0.8831552999178307,0.1168447000821693,0.09458333333333332,0.803347280334728,0.0,0.09498947280020681,3
learned_value,0.4,4800,0.4,0.11625,0.88375,0.12425,0.11766694843617921,0.8851273623664749,0.11487263763352507,0.09399999999999999,0.803347280334728,0.0,0.09423930251264043,3
random,0.5,6000,0.5,0.16283333333333333,0.8371666666666666,0.17283333333333334,0.16669484361792053,0.8409202958093673,0.15907970419063266,0.04741666666666666,0.5077824267782427,0.49228215767634853,0.049427031086412325,3
uncertainty,0.5,6000,0.5,0.13158333333333333,0.8684166666666666,0.14158333333333334,0.13119188503803889,0.8680361544782251,0.13196384552177487,0.07866666666666666,0.5034309623430963,0.49659751037344396,0.07864684369593833,3
oracle_decision_value,0.5,6000,0.5,0.113,0.887,0.123,0.11208791208791209,0.886113393590797,0.113886606409203,0.09724999999999999,1.0,0.004149377593360996,0.09781061487354903,3
learned_value,0.5,6000,0.5,0.113,0.887,0.123,0.11208791208791209,0.886113393590797,0.113886606409203,0.09724999999999999,0.9919665271966527,0.012116182572614109,0.09771410709307615,3
random,0.6,7200,0.6,0.15316666666666667,0.8468333333333333,0.16516666666666668,0.15604395604395604,0.8496302382908792,0.15036976170912075,0.05708333333333332,0.6015062761506276,0.5985062240663901,0.05890151603078986,3
uncertainty,0.6,7200,0.6,0.12366666666666666,0.8763333333333333,0.13566666666666666,0.12273879966187659,0.875431388660641,0.12456861133935904,0.08658333333333333,0.6051882845188284,0.5948547717842324,0.08617923724266152,3
oracle_decision_value,0.6,7200,0.6,0.113,0.887,0.125,0.11208791208791209,0.886113393590797,0.113886606409203,0.09724999999999999,1.0,0.2033195020746888,0.09781061487354903,3
learned_value,0.6,7200,0.6,0.113,0.887,0.125,0.11208791208791209,0.886113393590797,0.113886606409203,0.09724999999999999,0.9966527196652719,0.20663900414937758,0.0977679760337334,3
random,0.75,9000,0.75,0.13808333333333334,0.8619166666666667,0.15308333333333335,0.1389687235841082,0.8627773212818406,0.1372226787181594,0.07216666666666666,0.7511297071129707,0.7488796680497926,0.07345065841589707,3
uncertainty,0.75,9000,0.75,0.117,0.883,0.132,0.11597633136094675,0.8820049301561216,0.11799506984387842,0.09324999999999999,0.7544769874476988,0.7455601659751038,0.09343581903960692,3
oracle_decision_value,0.75,9000,0.75,0.113,0.887,0.128,0.11208791208791209,0.886113393590797,0.113886606409203,0.09724999999999999,1.0,0.5020746887966805,0.09781061487354903,3
learned_value,0.75,9000,0.75,0.113,0.887,0.128,0.11208791208791209,0.886113393590797,0.113886606409203,0.09724999999999999,0.9966527196652719,0.5053941908713693,0.0977679760337334,3
random,1.0,12000,1.0,0.113,0.887,0.133,0.11208791208791209,0.886113393590797,0.113886606409203,0.09724999999999999,1.0,1.0,0.09781061487354903,3
uncertainty,1.0,12000,1.0,0.113,0.887,0.133,0.11208791208791209,0.886113393590797,0.113886606409203,0.09724999999999999,1.0,1.0,0.09781061487354903,3
oracle_decision_value,1.0,12000,1.0,0.113,0.887,0.133,0.11208791208791209,0.886113393590797,0.113886606409203,0.09724999999999999,1.0,1.0,0.09781061487354903,3
learned_value,1.0,12000,1.0,0.113,0.887,0.133,0.11208791208791209,0.886113393590797,0.113886606409203,0.09724999999999999,1.0,1.0,0.09781061487354903,3
random,0.0,0,0.0,0.21341666666666667,0.7865833333333333,0.21341666666666667,0.21576077977862218,0.7889692281822768,0.21103077181772323,0.0,0.0,0.0,0.0,4
uncertainty,0.0,0,0.0,0.21341666666666667,0.7865833333333333,0.21341666666666667,0.21576077977862218,0.7889692281822768,0.21103077181772323,0.0,0.0,0.0,0.0,4
oracle_decision_value,0.0,0,0.0,0.21341666666666667,0.7865833333333333,0.21341666666666667,0.21576077977862218,0.7889692281822768,0.21103077181772323,0.0,0.0,0.0,0.0,4
learned_value,0.0,0,0.0,0.21341666666666667,0.7865833333333333,0.21341666666666667,0.21576077977862218,0.7889692281822768,0.21103077181772323,0.0,0.0,0.0,0.0,4
random,0.05,600,0.05,0.20741666666666667,0.7925833333333333,0.20841666666666667,0.20931769370560052,0.7945182444930217,0.20548175550697834,0.006000000000000005,0.048945286750164796,0.05107889413351315,0.005001726028438845,4
uncertainty,0.05,600,0.05,0.20116666666666666,0.7988333333333333,0.20216666666666666,0.20353543697340162,0.8012443248696822,0.19875567513031778,0.012250000000000011,0.05207646671061305,0.04787592717464599,0.012137810282774221,4
oracle_decision_value,0.05,600,0.05,0.19175,0.80825,0.19275,0.19510986287791177,0.811669749453506,0.188330250546494,0.021666666666666667,0.09887936717205009,0.0,0.02230039114356482,4
learned_value,0.05,600,0.05,0.191,0.8089999999999999,0.192,0.19246654551462086,0.8104926853875903,0.18950731461240966,0.022416666666666668,0.09887936717205009,0.0,0.020913309432374197,4
random,0.1,1200,0.1,0.20191666666666666,0.7980833333333334,0.20391666666666666,0.20452668098463572,0.8007398688414327,0.19926013115856733,0.01150000000000001,0.10003295978905735,0.09996628455832772,0.010066737253962333,4
uncertainty,0.1,1200,0.1,0.191,0.8089999999999999,0.193,0.19444903353708903,0.8125105095005886,0.18748949049941144,0.022416666666666668,0.1021753460777851,0.09777478084962914,0.022989889493205514,4
oracle_decision_value,0.1,1200,0.1,0.17208333333333334,0.8279166666666666,0.17408333333333334,0.1761110193292582,0.832016142592904,0.16798385740709598,0.04133333333333333,0.19775873434410018,0.0,0.041342319662344675,4
learned_value,0.1,1200,0.1,0.17275,0.82725,0.17475,0.1771022633404923,0.8316798385740709,0.1683201614259291,0.040666666666666684,0.19775873434410018,0.0,0.03936313508038891,4
random,0.2,2400,0.2,0.19133333333333333,0.8086666666666666,0.19533333333333333,0.193953411531472,0.8113334454346729,0.1886665545653271,0.022083333333333344,0.19990112063282794,0.20010114632501685,0.02015755477338564,4
uncertainty,0.2,2400,0.2,0.171,0.829,0.17500000000000002,0.1752849826532298,0.8333613586682361,0.16663864133176387,0.04241666666666666,0.20319709953856296,0.19672960215778826,0.04228952453221193,4
oracle_decision_value,0.2,2400,0.2,0.14291666666666666,0.8570833333333333,0.14691666666666667,0.14819097967949776,0.8624516562972927,0.1375483437027073,0.07050000000000001,0.39551746868820037,0.0,0.0697955362304572,4
learned_value,0.2,2400,0.2,0.14725,0.85275,0.15125,0.14951263836114323,0.8550529678829663,0.14494703211703375,0.06616666666666668,0.39551746868820037,0.0,0.06841213025192108,4
random,0.25,3000,0.25,0.18625,0.81375,0.19125,0.1889971914753015,0.8165461577265848,0.1834538422734152,0.027166666666666672,0.25181278839815424,0.24814565070802427,0.025555843998306717,4
uncertainty,0.25,3000,0.25,0.164,0.836,0.169,0.16884189658020815,0.8409281990919791,0.15907180090802087,0.049416666666666664,0.2529663810151615,0.24696561024949426,0.05049738565313008,4
oracle_decision_value,0.25,3000,0.25,0.13416666666666666,0.8658333333333333,0.13916666666666666,0.1389393689079795,0.8706911047587018,0.12930889524129818,0.07925000000000001,0.4943968358602505,0.0,0.07990680989634272,4
learned_value,0.25,3000,0.25,0.13433333333333333,0.8656666666666667,0.13933333333333334,0.14373038162894433,0.8752312090129477,0.12476879098705229,0.07908333333333334,0.4943968358602505,0.0,0.07939087265458954,4
random,0.3,3600,0.3,0.18033333333333335,0.8196666666666667,0.18633333333333335,0.1832149347431026,0.8225996300655792,0.17740036993442077,0.033083333333333326,0.3015820698747528,0.2983816587997303,0.03064995735775271,4
uncertainty,0.3,3600,0.3,0.15625,0.84375,0.16225,0.16008590781430695,0.8476542794686397,0.1523457205313603,0.05716666666666667,0.29812129202373105,0.3019217801753203,0.057254892551124016,4
oracle_decision_value,0.3,3600,0.3,0.12641666666666668,0.8735833333333334,0.13241666666666668,0.1310094168181067,0.8782579451824449,0.12174205481755507,0.087,0.5932762030323006,0.0,0.08764530821124474,4
learned_value,0.3,3600,0.3,0.12766666666666668,0.8723333333333333,0.13366666666666668,0.13348752684619197,0.8782579451824449,0.12174205481755507,0.08574999999999999,0.5932762030323006,0.0,0.08583350969468567,4
random,0.4,4800,0.4,0.172,0.8280000000000001,0.18,0.17644143399966958,0.8325205986211536,0.16747940137884643,0.041416666666666685,0.40359261700725113,0.3963250168577208,0.040669069015747863,4
uncertainty,0.4,4800,0.4,0.14291666666666666,0.8570833333333333,0.15091666666666667,0.14819097967949776,0.8624516562972927,0.1375483437027073,0.07050000000000001,0.3978246539222149,0.40222521915037085,0.07006013035109171,4
oracle_decision_value,0.4,4800,0.4,0.11716666666666667,0.8828333333333334,0.12516666666666668,0.12225342805220552,0.8880107617286026,0.1119892382713974,0.09625,0.7910349373764007,0.0,0.09723281074600602,4
learned_value,0.4,4800,0.4,0.11816666666666667,0.8818333333333334,0.12616666666666668,0.1234098793986453,0.88717000168152,0.11282999831847995,0.09525,0.7910349373764007,0.0,0.09617260735497231,4
random,0.5,6000,0.5,0.16433333333333333,0.8356666666666667,0.17433333333333334,0.16950272592103088,0.8409281990919791,0.15907180090802087,0.04908333333333334,0.5014831905075807,0.49848280512474713,0.05045886039767654,4
uncertainty,0.5,6000,0.5,0.13366666666666666,0.8663333333333334,0.14366666666666666,0.13844374690236247,0.8711955607869514,0.12880443921304863,0.07975000000000002,0.5008239947264338,0.49915711395819284,0.08047806539160969,4
oracle_decision_value,0.5,6000,0.5,0.115,0.885,0.125,0.11977531802412027,0.8898604338321843,0.11013956616781573,0.09841666666666667,0.988793671720501,0.0,0.1004972655569395,4
learned_value,0.5,6000,0.5,0.11516666666666667,0.8848333333333334,0.12516666666666668,0.11961011068891458,0.8893559778039347,0.11064402219606528,0.09825,0.9688529993408043,0.020397842211732974,0.09999264355247207,4
random,0.6,7200,0.6,0.15441666666666667,0.8455833333333334,0.16641666666666668,0.15925987113827855,0.8505128636287204,0.14948713637127964,0.059,0.5980553724456164,0.6019892110586649,0.06020137910676869,4
uncertainty,0.6,7200,0.6,0.12591666666666668,0.8740833333333333,0.1379166666666667,0.13051379481248968,0.8787624012106945,0.12123759878930551,0.0875,0.6028345418589321,0.5971004720161834,0.08827611235352133,4
oracle_decision_value,0.6,7200,0.6,0.11491666666666667,0.8850833333333333,0.12691666666666668,0.11977531802412027,0.8900285858416008,0.10997141415839917,0.0985,1.0,0.19082939986513822,0.10051577548320027,4
learned_value,0.6,7200,0.6,0.11491666666666667,0.8850833333333333,0.12691666666666668,0.11977531802412027,0.8900285858416008,0.10997141415839917,0.0985,1.0,0.19082939986513822,0.10051577548320027,4
random,0.75,9000,0.75,0.139,0.861,0.15400000000000003,0.14339996695853297,0.8654783924667899,0.13452160753321007,0.07441666666666666,0.7516479894528675,0.7483142279163857,0.07562365921429218,4
uncertainty,0.75,9000,0.75,0.11833333333333333,0.8816666666666667,0.13333333333333333,0.12357508673385098,0.8870018496721036,0.1129981503278964,0.09508333333333334,0.755932762030323,0.7439312204989885,0.09603104823089109,4
oracle_decision_value,0.75,9000,0.75,0.11491666666666667,0.8850833333333333,0.12991666666666668,0.11977531802412027,0.8900285858416008,0.10997141415839917,0.0985,1.0,0.4942683749157114,0.10051577548320027,4
learned_value,0.75,9000,0.75,0.11491666666666667,0.8850833333333333,0.12991666666666668,0.11977531802412027,0.8900285858416008,0.10997141415839917,0.0985,1.0,0.4942683749157114,0.10051577548320027,4
random,1.0,12000,1.0,0.11491666666666667,0.8850833333333333,0.13491666666666666,0.11977531802412027,0.8900285858416008,0.10997141415839917,0.0985,1.0,1.0,0.10051577548320027,4
uncertainty,1.0,12000,1.0,0.11491666666666667,0.8850833333333333,0.13491666666666666,0.11977531802412027,0.8900285858416008,0.10997141415839917,0.0985,1.0,1.0,0.10051577548320027,4
oracle_decision_value,1.0,12000,1.0,0.11491666666666667,0.8850833333333333,0.13491666666666666,0.11977531802412027,0.8900285858416008,0.10997141415839917,0.0985,1.0,1.0,0.10051577548320027,4
learned_value,1.0,12000,1.0,0.11491666666666667,0.8850833333333333,0.13491666666666666,0.11977531802412027,0.8900285858416008,0.10997141415839917,0.0985,1.0,1.0,0.10051577548320027,4
random,0.0,0,0.0,0.21,0.79,0.21,0.21163139476753876,0.7916319386564428,0.20836806134355723,0.0,0.0,0.0,0.0,5
uncertainty,0.0,0,0.0,0.21,0.79,0.21,0.21163139476753876,0.7916319386564428,0.20836806134355723,0.0,0.0,0.0,0.0,5
oracle_decision_value,0.0,0,0.0,0.21,0.79,0.21,0.21163139476753876,0.7916319386564428,0.20836806134355723,0.0,0.0,0.0,0.0,5
learned_value,0.0,0,0.0,0.21,0.79,0.21,0.21163139476753876,0.7916319386564428,0.20836806134355723,0.0,0.0,0.0,0.0,5
random,0.05,600,0.05,0.20291666666666666,0.7970833333333334,0.20391666666666666,0.2036327278786869,0.797799633272212,0.20220036672778796,0.00708333333333333,0.051647811116576486,0.04829689883070666,0.005444620007119828,5
uncertainty,0.05,600,0.05,0.19841666666666666,0.8015833333333333,0.19941666666666666,0.1998000333277787,0.8029671611935323,0.1970328388064677,0.011583333333333334,0.050336120675520575,0.04965260125402474,0.011770187299912256,5
oracle_decision_value,0.05,600,0.05,0.18833333333333332,0.8116666666666666,0.18933333333333333,0.18746875520746542,0.81080180030005,0.18919819969995,0.021666666666666667,0.09837678307919331,0.0,0.0221523834038936,5
learned_value,0.05,600,0.05,0.19175,0.80825,0.19275,0.18930178303616063,0.8058009668278047,0.19419903317219533,0.01824999999999999,0.09837678307919331,0.0,0.02063115024312049,5
random,0.1,1200,0.1,0.19783333333333333,0.8021666666666667,0.19983333333333334,0.19830028328611898,0.8026337722953826,0.19736622770461743,0.012166666666666659,0.10165600918183308,0.09828842569056093,0.010423877250470791,5
uncertainty,0.1,1200,0.1,0.18833333333333332,0.8116666666666666,0.19033333333333333,0.18746875520746542,0.81080180030005,0.18919819969995,0.021666666666666667,0.09739301524840138,0.10269445856634468,0.021947982393681897,5
oracle_decision_value,0.1,1200,0.1,0.17208333333333334,0.8279166666666666,0.17408333333333334,0.17047158806865523,0.8263043840640106,0.17369561593598937,0.037916666666666654,0.19675356615838663,0.0,0.040863894793053315,5
learned_value,0.1,1200,0.1,0.17425,0.82575,0.17625,0.17347108815197468,0.8249708284714119,0.1750291715285881,0.035750000000000004,0.19675356615838663,0.0,0.03874443200729236,5
random,0.2,2400,0.2,0.18841666666666668,0.8115833333333333,0.19241666666666668,0.18930178303616063,0.8124687447907984,0.18753125520920155,0.021583333333333315,0.20101656009181834,0.1989493306219285,0.020185624733116934,5
uncertainty,0.2,2400,0.2,0.17175,0.8282499999999999,0.17575000000000002,0.17030494917513747,0.8268044674112353,0.17319553258876474,0.03824999999999998,0.19806525659944252,0.20199966107439418,0.04109168574017853,5
oracle_decision_value,0.2,2400,0.2,0.14233333333333334,0.8576666666666667,0.14633333333333334,0.1399766705549075,0.8553092182030338,0.14469078179696615,0.06766666666666665,0.39350713231677326,0.0,0.06909860319675656,5
learned_value,0.2,2400,0.2,0.14633333333333334,0.8536666666666667,0.15033333333333335,0.14330944842526247,0.8506417736289381,0.1493582263710619,0.06366666666666665,0.39350713231677326,0.0,0.06650455079215467,5
random,0.25,3000,0.25,0.1835,0.8165,0.1885,0.1834694217630395,0.8164694115685948,0.18353058843140524,0.026499999999999996,0.2520085259878669,0.2479240806642942,0.025564293928481027,5
uncertainty,0.25,3000,0.25,0.16325,0.83675,0.16825,0.16263956007332112,0.8361393565594266,0.16386064344057338,0.046749999999999986,0.2472536481390392,0.25283850194882224,0.04926237987772289,5
oracle_decision_value,0.25,3000,0.25,0.131,0.869,0.136,0.1268121979670055,0.8648108018003,0.1351891981997,0.07899999999999999,0.49188391539596654,0.0,0.07926187102408798,5
learned_value,0.25,3000,0.25,0.13491666666666666,0.8650833333333333,0.13991666666666666,0.1324779203466089,0.862643773962327,0.13735622603767295,0.07508333333333334,0.49188391539596654,0.0,0.07644197148731201,5
random,0.3,3600,0.3,0.17875,0.82125,0.18475,0.1789701716380603,0.8214702450408401,0.1785297549591599,0.03125,0.30267256927365144,0.2972377563124894,0.030423285466638684,5
uncertainty,0.3,3600,0.3,0.15583333333333332,0.8441666666666667,0.16183333333333333,0.15497417097150476,0.8433072178696449,0.1566927821303551,0.05416666666666667,0.2957861944581079,0.30435519403490935,0.05656836614236816,5
oracle_decision_value,0.3,3600,0.3,0.12375,0.87625,0.12975,0.12031328111981336,0.8728121353558926,0.12718786464410736,0.08625,0.5902606984751598,0.0,0.08695159160070746,5
learned_value,0.3,3600,0.3,0.12558333333333332,0.8744166666666666,0.13158333333333333,0.12181303116147309,0.8706451075179197,0.12935489248208032,0.08441666666666667,0.5902606984751598,0.0,0.08540403348416616,5
random,0.4,4800,0.4,0.16958333333333334,0.8304166666666667,0.17758333333333334,0.169305115814031,0.8301383563927321,0.16986164360726785,0.040416666666666656,0.4015412362682407,0.39840704965260126,0.04037006569630677,5
uncertainty,0.4,4800,0.4,0.14166666666666666,0.8583333333333334,0.14966666666666667,0.13914347608731878,0.8558093015502584,0.14419069844974164,0.06833333333333333,0.40055746843744877,0.39942382647008984,0.06990732627681598,5
oracle_decision_value,0.4,4800,0.4,0.11533333333333333,0.8846666666666667,0.12333333333333332,0.11114814197633728,0.8804800800133356,0.11951991998666445,0.09466666666666666,0.7870142646335465,0.0,0.09619456606505866,5
learned_value,0.4,4800,0.4,0.11583333333333333,0.8841666666666667,0.12383333333333332,0.11298116980503249,0.8813135522587098,0.11868644774129022,0.09416666666666666,0.7870142646335465,0.0,0.0954571679016346,5
random,0.5,6000,0.5,0.159,0.841,0.169,0.15714047658723546,0.8391398566427738,0.1608601433572262,0.05099999999999999,0.500901787178226,0.4990679545839688,0.05048103102518695,5
uncertainty,0.5,6000,0.5,0.13008333333333333,0.8699166666666667,0.14008333333333334,0.12631228128645225,0.8661443573928989,0.13385564260710114,0.07991666666666666,0.500081980652566,0.49991526859854263,0.07999503545947681,5
oracle_decision_value,0.5,6000,0.5,0.11225,0.88775,0.12225,0.10814864189301783,0.8836472745457576,0.11635272545424236,0.09774999999999999,0.9837678307919331,0.0,0.09929970739154932,5
learned_value,0.5,6000,0.5,0.11225,0.88775,0.12225,0.10831528078653557,0.8838139689948324,0.11618603100516756,0.09774999999999999,0.9739301524840138,0.010167768174885612,0.09918718182450899,5
random,0.6,7200,0.6,0.14983333333333335,0.8501666666666666,0.16183333333333336,0.14864189301783037,0.8489748291381897,0.15102517086181033,0.060166666666666646,0.6004262993933431,0.5995593967124216,0.06044988850833603,5
uncertainty,0.6,7200,0.6,0.12358333333333334,0.8764166666666666,0.13558333333333333,0.12014664222629562,0.8729788298049675,0.12702117019503245,0.08641666666666666,0.5933759632726676,0.6068462972377563,0.0871586348775281,5
oracle_decision_value,0.6,7200,0.6,0.11225,0.88775,0.12425,0.10814864189301783,0.8836472745457576,0.11635272545424236,0.09774999999999999,1.0,0.186578546009151,0.0993277436534764,5
learned_value,0.6,7200,0.6,0.11225,0.88775,0.12425,0.10831528078653557,0.8838139689948324,0.11618603100516756,0.09774999999999999,0.9795048368585014,0.20776139637349603,0.0992320306084935,5
random,0.75,9000,0.75,0.13541666666666666,0.8645833333333334,0.15041666666666664,0.13331111481419763,0.8624770795132523,0.13752292048674775,0.07458333333333333,0.750122970978849,0.7498729028978139,0.07477707765565299,5
uncertainty,0.75,9000,0.75,0.11666666666666667,0.8833333333333333,0.13166666666666665,0.11214797533744376,0.8788131355225871,0.12118686447741289,0.09333333333333332,0.7445482866043613,0.7556346381969158,0.09479095348529838,5
oracle_decision_value,0.75,9000,0.75,0.11225,0.88775,0.12725,0.10814864189301783,0.8836472745457576,0.11635272545424236,0.09774999999999999,1.0,0.49161159125571935,0.0993277436534764,5
learned_value,0.75,9000,0.75,0.11225,0.88775,0.12725,0.10831528078653557,0.8838139689948324,0.11618603100516756,0.09774999999999999,0.9795048368585014,0.5127944416200644,0.0992320306084935,5
random,1.0,12000,1.0,0.11225,0.88775,0.13225,0.10814864189301783,0.8836472745457576,0.11635272545424236,0.09774999999999999,1.0,1.0,0.0993277436534764,5
uncertainty,1.0,12000,1.0,0.11225,0.88775,0.13225,0.10814864189301783,0.8836472745457576,0.11635272545424236,0.09774999999999999,1.0,1.0,0.0993277436534764,5
oracle_decision_value,1.0,12000,1.0,0.11225,0.88775,0.13225,0.10814864189301783,0.8836472745457576,0.11635272545424236,0.09774999999999999,1.0,1.0,0.0993277436534764,5
learned_value,1.0,12000,1.0,0.11225,0.88775,0.13225,0.10814864189301783,0.8836472745457576,0.11635272545424236,0.09774999999999999,1.0,1.0,0.0993277436534764,5
random,0.0,0,0.0,0.21416666666666667,0.7858333333333334,0.21416666666666667,0.21182920750955309,0.7834810232402608,0.2165189767597392,0.0,0.0,0.0,0.0,6
uncertainty,0.0,0,0.0,0.21416666666666667,0.7858333333333334,0.21416666666666667,0.21182920750955309,0.7834810232402608,0.2165189767597392,0.0,0.0,0.0,0.0,6
oracle_decision_value,0.0,0,0.0,0.21416666666666667,0.7858333333333334,0.21416666666666667,0.21182920750955309,0.7834810232402608,0.2165189767597392,0.0,0.0,0.0,0.0,6
learned_value,0.0,0,0.0,0.21416666666666667,0.7858333333333334,0.21416666666666667,0.21182920750955309,0.7834810232402608,0.2165189767597392,0.0,0.0,0.0,0.0,6
random,0.05,600,0.05,0.20841666666666667,0.7915833333333333,0.20941666666666667,0.20618042864263167,0.7893328874770106,0.21066711252298942,0.005750000000000005,0.047862683611156955,0.05217976771587275,0.005215532406547662,6
uncertainty,0.05,600,0.05,0.20325,0.7967500000000001,0.20425,0.20136235255025753,0.7948503594716603,0.20514964052833973,0.010916666666666686,0.05017329592341971,0.049823262077091396,0.011642720045622848,6
oracle_decision_value,0.05,600,0.05,0.19258333333333333,0.8074166666666667,0.19358333333333333,0.19056321648114305,0.8053837150978097,0.1946162849021903,0.021583333333333343,0.09902624195411784,0.0,0.022118873583304045,6
learned_value,0.05,600,0.05,0.19525,0.80475,0.19625,0.1857451403887689,0.7951847517137602,0.20481524828623976,0.018916666666666665,0.09902624195411784,0.0,0.020936133861134684,6
random,0.1,1200,0.1,0.20458333333333334,0.7954166666666667,0.20658333333333334,0.20219305532480478,0.7930112021401103,0.20698879785988966,0.009583333333333333,0.09737580458821588,0.10267631711833025,0.009847434409430901,6
uncertainty,0.1,1200,0.1,0.19258333333333333,0.8074166666666667,0.19458333333333333,0.19056321648114305,0.8053837150978097,0.1946162849021903,0.021583333333333343,0.09902624195411784,0.100993098804915,0.022118873583304045,6
oracle_decision_value,0.1,1200,0.1,0.17466666666666666,0.8253333333333334,0.17666666666666667,0.1707924904469181,0.8214345427186089,0.17856545728139106,0.03950000000000001,0.19805248390823568,0.0,0.04086779004410851,6
learned_value,0.1,1200,0.1,0.17466666666666666,0.8253333333333334,0.17666666666666667,0.16879880378800466,0.819428189266009,0.18057181073399098,0.03950000000000001,0.19805248390823568,0.0,0.04033633343372222,6
random,0.2,2400,0.2,0.19533333333333333,0.8046666666666666,0.19933333333333333,0.19205848147532814,0.80137100819261,0.19862899180739002,0.01883333333333334,0.1965670902789239,0.20350109409190373,0.01981191107318706,6
uncertainty,0.2,2400,0.2,0.17433333333333334,0.8256666666666667,0.17833333333333334,0.17046020933709918,0.8217689349607089,0.1782310650392911,0.03983333333333333,0.19920779006436706,0.2008079447904393,0.041067451685832576,6
oracle_decision_value,0.2,2400,0.2,0.14475,0.8552500000000001,0.14875,0.1393919255690314,0.8498578832971075,0.15014211670289246,0.06941666666666668,0.39610496781647136,0.0,0.06897704481916896,6
learned_value,0.2,2400,0.2,0.1465,0.8535,0.1505,0.13706595780029907,0.8440060190603578,0.15599398093964223,0.06766666666666668,0.39610496781647136,0.0,0.06687483849420568,6
random,0.25,3000,0.25,0.19066666666666668,0.8093333333333333,0.19566666666666668,0.18740654593786343,0.8060524995820098,0.19394750041799025,0.023499999999999993,0.24806073609506518,0.25197778151826294,0.024946596497071934,6
uncertainty,0.25,3000,0.25,0.16575,0.8342499999999999,0.17075,0.16198704103671707,0.8304631332553085,0.16953686674469148,0.04841666666666666,0.24905099851460638,0.25096785053021375,0.04926870183343076,6
oracle_decision_value,0.25,3000,0.25,0.13358333333333333,0.8664166666666666,0.13858333333333334,0.13008805449410202,0.8628991807390068,0.13710081926099316,0.08058333333333334,0.4951312097705892,0.0,0.07890694825769767,6
learned_value,0.25,3000,0.25,0.13733333333333334,0.8626666666666667,0.14233333333333334,0.13008805449410202,0.8553753552917572,0.14462464470824277,0.07683333333333334,0.4951312097705892,0.0,0.07651313983856155,6
random,0.3,3600,0.3,0.18575,0.81425,0.19175,0.18142548596112312,0.8098980103661595,0.1901019896338405,0.028416666666666673,0.29839907575507507,0.3016327217640128,0.029612072166633488,6
uncertainty,0.3,3600,0.3,0.15741666666666668,0.8425833333333334,0.16341666666666668,0.15284931051669712,0.8379869587025581,0.16201304129744187,0.056749999999999995,0.2990592507014359,0.3009594344386467,0.05669430829847812,6
oracle_decision_value,0.3,3600,0.3,0.12641666666666668,0.8735833333333334,0.13241666666666668,0.12344243229772388,0.8705902023073064,0.12940979769269356,0.08775,0.594157451724707,0.0,0.0864813248317654,6
learned_value,0.3,3600,0.3,0.1275,0.8725,0.1335,0.12311015118790497,0.8680822604915566,0.13191773950844343,0.08666666666666667,0.594157451724707,0.0,0.08563130651032645,6
random,0.4,4800,0.4,0.17508333333333334,0.8249166666666666,0.18308333333333335,0.1721216148861937,0.8219361310817589,0.1780638689182411,0.03908333333333333,0.39858062386532433,0.4014475677495371,0.03932681688075492,6
uncertainty,0.4,4800,0.4,0.14425,0.85575,0.15225,0.13905964445921248,0.8505266677813075,0.14947333221869252,0.06991666666666668,0.40039610496781647,0.39959602760478036,0.06946179642358746,6
oracle_decision_value,0.4,4800,0.4,0.118,0.882,0.126,0.11663066954643629,0.8806219695703059,0.11937803042969408,0.09616666666666668,0.7922099356329427,0.0,0.0955392202475535,6
learned_value,0.4,4800,0.4,0.118,0.882,0.126,0.11579996677188902,0.879785988965056,0.120214011034944,0.09616666666666668,0.7865984485888761,0.00572294226561185,0.09531590327821797,6
random,0.5,6000,0.5,0.16483333333333333,0.8351666666666666,0.17483333333333334,0.1636484465858116,0.8339742517973583,0.1660257482026417,0.04933333333333334,0.4982670407658029,0.501767379229086,0.04952086683399292,6
uncertainty,0.5,6000,0.5,0.13316666666666666,0.8668333333333333,0.14316666666666666,0.13008805449410202,0.8637351613442568,0.13626483865574324,0.08100000000000002,0.4999174781317049,0.5000841609156708,0.07932527150918421,6
oracle_decision_value,0.5,6000,0.5,0.11583333333333333,0.8841666666666667,0.12583333333333332,0.11413856122279449,0.8824611269018559,0.11753887309814415,0.09833333333333334,0.9902624195411784,0.0,0.09850475021733356,6
learned_value,0.5,6000,0.5,0.11608333333333333,0.8839166666666667,0.12608333333333333,0.11463698288752285,0.8824611269018559,0.11753887309814415,0.09808333333333334,0.9527974913352039,0.03820905571452617,0.09814916730394599,6
random,0.6,7200,0.6,0.15441666666666667,0.8455833333333334,0.16641666666666668,0.1536800132912444,0.8448419996656078,0.1551580003343922,0.05975,0.6014193761346757,0.5985524322504628,0.05945348701298578,6
uncertainty,0.6,7200,0.6,0.12641666666666668,0.8735833333333334,0.1384166666666667,0.12344243229772388,0.8705902023073064,0.12940979769269356,0.08775,0.5997689387687737,0.6002356505638782,0.08684278974111304,6
oracle_decision_value,0.6,7200,0.6,0.11575,0.88425,0.12775,0.11397242066788503,0.8824611269018559,0.11753887309814415,0.09841666666666667,1.0,0.19205520956068,0.09851691520374296,6
learned_value,0.6,7200,0.6,0.11583333333333333,0.8841666666666667,0.12783333333333333,0.11413856122279449,0.8824611269018559,0.11753887309814415,0.09833333333333334,0.9904274632777686,0.20181787577848848,0.09837597545246332,6
random,0.75,9000,0.75,0.13925,0.86075,0.15425,0.13839508223957467,0.859889650560107,0.14011034943989298,0.07491666666666666,0.7570556197392309,0.7428042417101498,0.0749381976125006,6
uncertainty,0.75,9000,0.75,0.1195,0.8805000000000001,0.1345,0.11895663731516863,0.879953185086106,0.12004681491389402,0.09466666666666668,0.7473180392804093,0.7527352297592997,0.09409889847945438,6
oracle_decision_value,0.75,9000,0.75,0.11575,0.88425,0.13075,0.11397242066788503,0.8824611269018559,0.11753887309814415,0.09841666666666667,1.0,0.49503450597542503,0.09851691520374296,6
learned_value,0.75,9000,0.75,0.11583333333333333,0.8841666666666667,0.13083333333333333,0.11413856122279449,0.8824611269018559,0.11753887309814415,0.09833333333333334,0.9904274632777686,0.5047971721932335,0.09837597545246332,6
random,1.0,12000,1.0,0.11575,0.88425,0.13575,0.11397242066788503,0.8824611269018559,0.11753887309814415,0.09841666666666667,1.0,1.0,0.09851691520374296,6
uncertainty,1.0,12000,1.0,0.11575,0.88425,0.13575,0.11397242066788503,0.8824611269018559,0.11753887309814415,0.09841666666666667,1.0,1.0,0.09851691520374296,6
oracle_decision_value,1.0,12000,1.0,0.11575,0.88425,0.13575,0.11397242066788503,0.8824611269018559,0.11753887309814415,0.09841666666666667,1.0,1.0,0.09851691520374296,6
learned_value,1.0,12000,1.0,0.11575,0.88425,0.13575,0.11397242066788503,0.8824611269018559,0.11753887309814415,0.09841666666666667,1.0,1.0,0.09851691520374296,6
random,0.0,0,0.0,0.21425,0.78575,0.21425,0.21543136923856154,0.7869014316274477,0.21309856837255226,0.0,0.0,0.0,0.0,7
uncertainty,0.0,0,0.0,0.21425,0.78575,0.21425,0.21543136923856154,0.7869014316274477,0.21309856837255226,0.0,0.0,0.0,0.0,7
oracle_decision_value,0.0,0,0.0,0.21425,0.78575,0.21425,0.21543136923856154,0.7869014316274477,0.21309856837255226,0.0,0.0,0.0,0.0,7
learned_value,0.0,0,0.0,0.21425,0.78575,0.21425,0.21543136923856154,0.7869014316274477,0.21309856837255226,0.0,0.0,0.0,0.0,7
random,0.05,600,0.05,0.20975,0.79025,0.21075,0.21053520175586696,0.7910153036037518,0.20898469639624817,0.004500000000000004,0.051451859398879266,0.048600883652430045,0.005053702597477623,7
uncertainty,0.05,600,0.05,0.2025,0.7975,0.20350000000000001,0.20530136755022793,0.800230376830673,0.199769623169327,0.011749999999999983,0.05094243504839532,0.049091801669121256,0.01150922611016054,7
oracle_decision_value,0.05,600,0.05,0.19216666666666668,0.8078333333333333,0.19316666666666668,0.1938206989701165,0.8094454500575942,0.19055454994240584,0.022083333333333316,0.10188487009679063,0.0,0.02215832934204061,7
learned_value,0.05,600,0.05,0.1935,0.8065,0.1945,0.19179469863244977,0.8048379134441336,0.19516208655586642,0.02074999999999999,0.10188487009679063,0.0,0.020546170425210102,7
random,0.1,1200,0.1,0.20483333333333334,0.7951666666666667,0.20683333333333334,0.20547020091170015,0.7957873950962646,0.20421260490373538,0.009416666666666657,0.10069621327899474,0.099329078710522,0.009536377645541123,7
uncertainty,0.1,1200,0.1,0.19158333333333333,0.8084166666666667,0.19358333333333333,0.19348303224717203,0.8102682244528551,0.18973177554714493,0.02266666666666667,0.10477160808286635,0.0954017345769923,0.02273752370142622,7
oracle_decision_value,0.1,1200,0.1,0.17575,0.82425,0.17775,0.17744386290731048,0.8259009379628106,0.1740990620371894,0.038500000000000006,0.20376974019358127,0.0,0.040976323868983124,7
learned_value,0.1,1200,0.1,0.176,0.8240000000000001,0.178,0.1676515279419213,0.8158630903406286,0.18413690965937135,0.038250000000000006,0.20376974019358127,0.0,0.038766758019031046,7
random,0.2,2400,0.2,0.1955,0.8045,0.1995,0.1963531993921999,0.8053315780812901,0.19466842191870992,0.01874999999999999,0.20393954831040922,0.19620356733758795,0.01920327295306254,7
uncertainty,0.2,2400,0.2,0.17508333333333334,0.8249166666666666,0.17908333333333334,0.1769373628228938,0.8267237123580714,0.1732762876419286,0.039166666666666655,0.20614705382917303,0.19407625593192604,0.041374801476537194,7
oracle_decision_value,0.2,2400,0.2,0.14725,0.85275,0.15125,0.14891102481850413,0.8543689320388349,0.1456310679611651,0.067,0.40753948038716253,0.0,0.06893941388773137,7
learned_value,0.2,2400,0.2,0.14816666666666667,0.8518333333333333,0.15216666666666667,0.1468850244808374,0.8505841698206352,0.14941583017936477,0.06608333333333333,0.40753948038716253,0.0,0.06786702245933672,7
random,0.25,3000,0.25,0.1905,0.8095,0.1955,0.19128819854803308,0.8102682244528551,0.18973177554714493,0.023749999999999993,0.25505179147563256,0.24513172966781213,0.02448045318105651,7
uncertainty,0.25,3000,0.25,0.16741666666666666,0.8325833333333333,0.17241666666666666,0.16984636164106026,0.8349514563106796,0.16504854368932043,0.04683333333333334,0.2575989132280523,0.24267713958435608,0.04955754974671627,7
oracle_decision_value,0.25,3000,0.25,0.137,0.863,0.14200000000000002,0.1374303562383927,0.863419450386704,0.13658054961329602,0.07724999999999999,0.5094243504839532,0.0,0.07863476830655118,7
learned_value,0.25,3000,0.25,0.1395,0.8605,0.14450000000000002,0.14266419044403175,0.8635840052657562,0.13641599473424382,0.07474999999999998,0.5094243504839532,0.0,0.07777544241172861,7
random,0.3,3600,0.3,0.18591666666666667,0.8140833333333333,0.19191666666666668,0.18622319770386628,0.8143820964291592,0.18561790357084085,0.02833333333333332,0.3007301749023603,0.2992963508427426,0.02873266585097367,7
uncertainty,0.3,3600,0.3,0.16075,0.83925,0.16675,0.1625865270977545,0.8410399868356097,0.15896001316439035,0.05349999999999999,0.3031074885379521,0.2970054000981836,0.05611387925635943,7
oracle_decision_value,0.3,3600,0.3,0.1295,0.8705,0.1355,0.13017052169508694,0.8711535297021556,0.12884647029784435,0.08474999999999999,0.6113092205807438,0.0,0.08590525500934977,7
learned_value,0.3,3600,0.3,0.13108333333333333,0.8689166666666667,0.13708333333333333,0.13456018909336484,0.8723054138555209,0.12769458614447915,0.08316666666666667,0.6113092205807438,0.0,0.08490803058888297,7
random,0.4,4800,0.4,0.17691666666666667,0.8230833333333334,0.18491666666666667,0.17727502954583826,0.8234326147770281,0.17656738522297188,0.03733333333333333,0.4032942774664629,0.3968253968253968,0.03874893284142288,7
uncertainty,0.4,4800,0.4,0.14733333333333334,0.8526666666666667,0.15533333333333335,0.14907985817997638,0.8543689320388349,0.1456310679611651,0.06691666666666665,0.4065206316861946,0.39371624938635247,0.06882840253570023,7
oracle_decision_value,0.4,4800,0.4,0.12141666666666667,0.8785833333333333,0.12941666666666668,0.12257302042883673,0.8797103834128682,0.12028961658713178,0.09283333333333332,0.8150789607743251,0.0,0.09451077504749503,7
learned_value,0.4,4800,0.4,0.1225,0.8775,0.1305,0.12476785412797568,0.8797103834128682,0.12028961658713178,0.09175,0.8064187468160978,0.008345606283750613,0.09370917403778327,7
random,0.5,6000,0.5,0.167,0.833,0.17700000000000002,0.16731386121897687,0.833305907520158,0.16669409247984202,0.047249999999999986,0.5031414501613177,0.4969726722304042,0.048384280181376596,7
uncertainty,0.5,6000,0.5,0.138,0.862,0.14800000000000002,0.13827452304575383,0.8622675662333388,0.13773243376666122,0.07624999999999998,0.5021226014603498,0.4979545082637866,0.07802926149640418,7
oracle_decision_value,0.5,6000,0.5,0.11933333333333333,0.8806666666666667,0.12933333333333333,0.12037818672969779,0.8816850419614941,0.11831495803850589,0.09491666666666666,1.0,0.018163966617574866,0.09688882516738889,7
learned_value,0.5,6000,0.5,0.11933333333333333,0.8806666666666667,0.12933333333333333,0.12037818672969779,0.8816850419614941,0.11831495803850589,0.09491666666666666,1.0,0.018163966617574866,0.09688882516738889,7
random,0.6,7200,0.6,0.1575,0.8425,0.1695,0.15853452642242108,0.8435083100213921,0.15649168997860785,0.056749999999999995,0.6031584309730005,0.5969563082965145,0.05801998095612581,7
uncertainty,0.6,7200,0.6,0.12966666666666668,0.8703333333333333,0.1416666666666667,0.13033935505655916,0.8709889748231036,0.12901102517689644,0.08458333333333332,0.6043470877907964,0.595810832924235,0.08547921360605167,7
oracle_decision_value,0.6,7200,0.6,0.11933333333333333,0.8806666666666667,0.13133333333333333,0.12037818672969779,0.8816850419614941,0.11831495803850589,0.09491666666666666,1.0,0.21453117329405988,0.09688882516738889,7
learned_value,0.6,7200,0.6,0.11933333333333333,0.8806666666666667,0.13133333333333333,0.12037818672969779,0.8816850419614941,0.11831495803850589,0.09491666666666666,1.0,0.21453117329405988,0.09688882516738889,7
random,0.75,9000,0.75,0.14308333333333334,0.8569166666666667,0.15808333333333335,0.14502785750464292,0.8588119137732434,0.1411880862267566,0.07116666666666666,0.7497028357955511,0.7502863688430699,0.07193339695400759,7
uncertainty,0.75,9000,0.75,0.12333333333333334,0.8766666666666667,0.13833333333333334,0.12426135404355901,0.87757116998519,0.12242883001480998,0.09091666666666666,0.7522499575479707,0.7478317787596138,0.09258747056615298,7
oracle_decision_value,0.75,9000,0.75,0.11933333333333333,0.8806666666666667,0.13433333333333333,0.12037818672969779,0.8816850419614941,0.11831495803850589,0.09491666666666666,1.0,0.5090819833087874,0.09688882516738889,7
learned_value,0.75,9000,0.75,0.11933333333333333,0.8806666666666667,0.13433333333333333,0.12037818672969779,0.8816850419614941,0.11831495803850589,0.09491666666666666,1.0,0.5090819833087874,0.09688882516738889,7
random,1.0,12000,1.0,0.11933333333333333,0.8806666666666667,0.13933333333333334,0.12037818672969779,0.8816850419614941,0.11831495803850589,0.09491666666666666,1.0,1.0,0.09688882516738889,7
uncertainty,1.0,12000,1.0,0.11933333333333333,0.8806666666666667,0.13933333333333334,0.12037818672969779,0.8816850419614941,0.11831495803850589,0.09491666666666666,1.0,1.0,0.09688882516738889,7
oracle_decision_value,1.0,12000,1.0,0.11933333333333333,0.8806666666666667,0.13933333333333334,0.12037818672969779,0.8816850419614941,0.11831495803850589,0.09491666666666666,1.0,1.0,0.09688882516738889,7
learned_value,1.0,12000,1.0,0.11933333333333333,0.8806666666666667,0.13933333333333334,0.12037818672969779,0.8816850419614941,0.11831495803850589,0.09491666666666666,1.0,1.0,0.09688882516738889,7
random,0.0,0,0.0,0.20941666666666667,0.7905833333333333,0.20941666666666667,0.2087451834478137,0.7899187531089371,0.2100812468910629,0.0,0.0,0.0,0.0,8
uncertainty,0.0,0,0.0,0.20941666666666667,0.7905833333333333,0.20941666666666667,0.2087451834478137,0.7899187531089371,0.2100812468910629,0.0,0.0,0.0,0.0,8
oracle_decision_value,0.0,0,0.0,0.20941666666666667,0.7905833333333333,0.20941666666666667,0.2087451834478137,0.7899187531089371,0.2100812468910629,0.0,0.0,0.0,0.0,8
learned_value,0.0,0,0.0,0.20941666666666667,0.7905833333333333,0.20941666666666667,0.2087451834478137,0.7899187531089371,0.2100812468910629,0.0,0.0,0.0,0.0,8
random,0.05,600,0.05,0.20566666666666666,0.7943333333333333,0.20666666666666667,0.2038867481990283,0.7925717128171116,0.20742828718288842,0.0037500000000000033,0.051164316169235814,0.04879701796001355,0.005010735626967362,8
uncertainty,0.05,600,0.05,0.19825,0.80175,0.19925,0.19869324845032668,0.8021886917592439,0.1978113082407561,0.011166666666666658,0.048704493276484094,0.05133852931209759,0.01138189306954773,8
oracle_decision_value,0.05,600,0.05,0.18833333333333332,0.8116666666666666,0.18933333333333333,0.1881387167029653,0.8114740507378544,0.1885259492621456,0.021083333333333343,0.09839291571006888,0.0,0.022129387457183677,8
learned_value,0.05,600,0.05,0.19108333333333333,0.8089166666666667,0.19208333333333333,0.18277768470430558,0.8006964019233958,0.19930359807660425,0.01833333333333334,0.09839291571006888,0.0,0.02054686030300964,8
random,0.1,1200,0.1,0.19975,0.80025,0.20175,0.19785558720053611,0.7983750621787432,0.2016249378212568,0.009666666666666657,0.10249262053132174,0.09742460182988817,0.010210312488915147,8
uncertainty,0.1,1200,0.1,0.18875,0.81125,0.19075,0.1888088457027978,0.8113082407560935,0.18869175924390647,0.020666666666666667,0.09576910462446704,0.10437139952558455,0.021583091494702916,8
oracle_decision_value,0.1,1200,0.1,0.17191666666666666,0.8280833333333333,0.17391666666666666,0.17188808845702797,0.8280550489139447,0.17194495108605534,0.037500000000000006,0.19678583142013775,0.0,0.040946681423570205,8
learned_value,0.1,1200,0.1,0.174,0.8260000000000001,0.176,0.1732283464566929,0.8252362792240093,0.17476372077599067,0.03541666666666668,0.19678583142013775,0.0,0.03870989799335227,8
random,0.2,2400,0.2,0.19116666666666668,0.8088333333333333,0.19516666666666668,0.18847378120288155,0.8061681313215056,0.19383186867849445,0.01824999999999999,0.20350934732699247,0.19637411047102676,0.01955901361576702,8
uncertainty,0.2,2400,0.2,0.17225,0.82775,0.17625,0.1720556207069861,0.8275576189686619,0.17244238103133813,0.03716666666666668,0.19416202033453592,0.20603185360894613,0.04048498582116702,8
oracle_decision_value,0.2,2400,0.2,0.14408333333333334,0.8559166666666667,0.14808333333333334,0.14122968671469258,0.8530923561598408,0.1469076438401592,0.06533333333333333,0.3935716628402755,0.0,0.06923267661305411,8
learned_value,0.2,2400,0.2,0.146,0.854,0.15,0.14039202546490198,0.8484496766705356,0.1515503233294644,0.06341666666666668,0.3935716628402755,0.0,0.0668839243601025,8
random,0.25,3000,0.25,0.18583333333333332,0.8141666666666667,0.19083333333333333,0.18244262020438934,0.8108108108108109,0.18918918918918914,0.023583333333333345,0.2563135454247294,0.24347678752965096,0.025392068122618582,8
uncertainty,0.25,3000,0.25,0.16333333333333333,0.8366666666666667,0.16833333333333333,0.16384654045903838,0.8371745979107942,0.16282540208920582,0.04608333333333334,0.2417185962610692,0.25855642155201625,0.048481167619912315,8
oracle_decision_value,0.25,3000,0.25,0.13425,0.86575,0.13925,0.13084268721728934,0.8623777151384513,0.1376222848615487,0.07516666666666666,0.49196457855034437,0.0,0.07937931222658903,8
learned_value,0.25,3000,0.25,0.13691666666666666,0.8630833333333333,0.14191666666666666,0.12983749371754064,0.8560769358315371,0.1439230641684629,0.07250000000000001,0.49196457855034437,0.0,0.07706655957835742,8
random,0.3,3600,0.3,0.18133333333333335,0.8186666666666667,0.18733333333333335,0.17842184620539453,0.8157851102636379,0.18421488973636213,0.02808333333333332,0.3027222040013119,0.29718739410369366,0.029977285117791047,8
uncertainty,0.3,3600,0.3,0.156,0.844,0.162,0.15546992796113251,0.8434753772177085,0.1565246227822915,0.05341666666666667,0.292882912430305,0.3073534395120298,0.05620929849671763,8
oracle_decision_value,0.3,3600,0.3,0.12716666666666668,0.8728333333333333,0.13316666666666668,0.12514659071871334,0.8708340242082573,0.12916597579174272,0.08224999999999999,0.5903574942604133,0.0,0.08714320596594004,8
learned_value,0.3,3600,0.3,0.12666666666666668,0.8733333333333333,0.13266666666666668,0.12397386496900653,0.8706682142264964,0.12933178577350357,0.08274999999999999,0.5903574942604133,0.0,0.0867289714360154,8
random,0.4,4800,0.4,0.17158333333333334,0.8284166666666667,0.17958333333333334,0.16870497570782375,0.825567899187531,0.17443210081246896,0.03783333333333333,0.40160708428993114,0.39833954591663845,0.04035411108768449,8
uncertainty,0.4,4800,0.4,0.14391666666666666,0.8560833333333333,0.15191666666666667,0.14089462221477633,0.8530923561598408,0.1469076438401592,0.0655,0.3955395211544769,0.40460860725177905,0.06945954083271044,8
oracle_decision_value,0.4,4800,0.4,0.11866666666666667,0.8813333333333333,0.12666666666666668,0.11643491372089128,0.8791245232963024,0.12087547670369758,0.09075,0.787143325680551,0.0,0.09662695092249475,8
learned_value,0.4,4800,0.4,0.1185,0.8815,0.1265,0.11542972022114258,0.8784612833692589,0.12153871663074112,0.09091666666666667,0.787143325680551,0.0,0.09625223255891316,8
random,0.5,6000,0.5,0.16208333333333333,0.8379166666666666,0.17208333333333334,0.15865304071033673,0.8345216382026198,0.16547836179738018,0.04733333333333334,0.5009839291571007,0.49898339545916637,0.05013166254039735,8
uncertainty,0.5,6000,0.5,0.13383333333333333,0.8661666666666666,0.14383333333333334,0.1306751549673312,0.8630409550654949,0.13695904493450506,0.07558333333333334,0.4978681534929485,0.5022026431718062,0.07990747505843641,8
oracle_decision_value,0.5,6000,0.5,0.11525,0.88475,0.12525,0.11258167197185458,0.8821091029679987,0.11789089703200129,0.09416666666666666,0.9839291571006887,0.0,0.09983333949973343,8
learned_value,0.5,6000,0.5,0.11525,0.88475,0.12525,0.11258167197185458,0.8821091029679987,0.11789089703200129,0.09416666666666666,0.9612987864873729,0.02338190443917316,0.0995809210708805,8
random,0.6,7200,0.6,0.15283333333333332,0.8471666666666666,0.16483333333333333,0.14860110571284973,0.8429779472724258,0.1570220527275742,0.05658333333333335,0.5982289275172188,0.6018298881735005,0.05944482273815035,8
uncertainty,0.6,7200,0.6,0.12616666666666668,0.8738333333333334,0.1381666666666667,0.12347126821913218,0.8711656441717791,0.1288343558282209,0.08324999999999999,0.6001967858314201,0.5997966790918333,0.08780099575208804,8
oracle_decision_value,0.6,7200,0.6,0.11516666666666667,0.8848333333333334,0.12716666666666668,0.11241413972189647,0.8821091029679987,0.11789089703200129,0.09425,1.0,0.18671636733310742,0.09986505515437016,8
learned_value,0.6,7200,0.6,0.11516666666666667,0.8848333333333334,0.12716666666666668,0.11241413972189647,0.8821091029679987,0.11789089703200129,0.09425,1.0,0.18671636733310742,0.09986505515437016,8
random,0.75,9000,0.75,0.13775,0.86225,0.15275,0.134695928966326,0.8592273254849941,0.14077267451500586,0.07166666666666666,0.7482781239750738,0.7517790579464588,0.07416693041967296,8
uncertainty,0.75,9000,0.75,0.11958333333333333,0.8804166666666666,0.13458333333333333,0.11727257497068186,0.8781296634057371,0.12187033659426294,0.08983333333333333,0.7463102656608724,0.7538122670281261,0.09527508643266704,8
oracle_decision_value,0.75,9000,0.75,0.11516666666666667,0.8848333333333334,0.13016666666666665,0.11241413972189647,0.8821091029679987,0.11789089703200129,0.09425,1.0,0.49169772958319213,0.09986505515437016,8
learned_value,0.75,9000,0.75,0.11516666666666667,0.8848333333333334,0.13016666666666665,0.11241413972189647,0.8821091029679987,0.11789089703200129,0.09425,1.0,0.49169772958319213,0.09986505515437016,8
random,1.0,12000,1.0,0.11516666666666667,0.8848333333333334,0.13516666666666666,0.11241413972189647,0.8821091029679987,0.11789089703200129,0.09425,1.0,1.0,0.09986505515437016,8
uncertainty,1.0,12000,1.0,0.11516666666666667,0.8848333333333334,0.13516666666666666,0.11241413972189647,0.8821091029679987,0.11789089703200129,0.09425,1.0,1.0,0.09986505515437016,8
oracle_decision_value,1.0,12000,1.0,0.11516666666666667,0.8848333333333334,0.13516666666666666,0.11241413972189647,0.8821091029679987,0.11789089703200129,0.09425,1.0,1.0,0.09986505515437016,8
learned_value,1.0,12000,1.0,0.11516666666666667,0.8848333333333334,0.13516666666666666,0.11241413972189647,0.8821091029679987,0.11789089703200129,0.09425,1.0,1.0,0.09986505515437016,8
random,0.0,0,0.0,0.20958333333333334,0.7904166666666667,0.20958333333333334,0.21512688671421462,0.7960140679953107,0.20398593200468929,0.0,0.0,0.0,0.0,9
uncertainty,0.0,0,0.0,0.20958333333333334,0.7904166666666667,0.20958333333333334,0.21512688671421462,0.7960140679953107,0.20398593200468929,0.0,0.0,0.0,0.0,9
oracle_decision_value,0.0,0,0.0,0.20958333333333334,0.7904166666666667,0.20958333333333334,0.21512688671421462,0.7960140679953107,0.20398593200468929,0.0,0.0,0.0,0.0,9
learned_value,0.0,0,0.0,0.20958333333333334,0.7904166666666667,0.20958333333333334,0.21512688671421462,0.7960140679953107,0.20398593200468929,0.0,0.0,0.0,0.0,9
random,0.05,600,0.05,0.20525,0.7947500000000001,0.20625,0.2104826671089733,0.8000334952269301,0.19996650477306988,0.004333333333333356,0.04989117696300017,0.05010784801725568,0.004592907202557339,9
uncertainty,0.05,600,0.05,0.19741666666666666,0.8025833333333333,0.19841666666666666,0.20218941781389949,0.8074024451515659,0.1925975548484341,0.012166666666666687,0.052737317930688095,0.04728720756595321,0.01205370700495595,9
oracle_decision_value,0.05,600,0.05,0.18658333333333332,0.8134166666666667,0.18758333333333332,0.18974954387128878,0.8166136325573605,0.18338636744263948,0.02300000000000002,0.10045203415369161,0.0,0.022182855664651082,9
learned_value,0.05,600,0.05,0.18841666666666668,0.8115833333333333,0.18941666666666668,0.20268701277160392,0.8259922960978061,0.1740077039021939,0.021166666666666667,0.10045203415369161,0.0,0.02113106547474942,9
random,0.1,1200,0.1,0.20083333333333334,0.7991666666666667,0.20283333333333334,0.20534085254602755,0.8037179701892481,0.19628202981075193,0.008750000000000008,0.10279591495061108,0.09722913555666168,0.009736544394227487,9
uncertainty,0.1,1200,0.1,0.18608333333333332,0.8139166666666666,0.18808333333333332,0.18925194891358435,0.8171160609613131,0.18288393903868694,0.02350000000000002,0.10313075506445672,0.09689729550356728,0.022728023957057124,9
oracle_decision_value,0.1,1200,0.1,0.17058333333333334,0.8294166666666667,0.17258333333333334,0.17382650522474705,0.8326913414838385,0.1673086585161615,0.03900000000000001,0.20090406830738322,0.0,0.04080478352097872,9
learned_value,0.1,1200,0.1,0.17,0.83,0.17200000000000001,0.18029523967490463,0.840395243677776,0.15960475632222404,0.03958333333333333,0.20090406830738322,0.0,0.039021244240277926,9
random,0.2,2400,0.2,0.18941666666666668,0.8105833333333333,0.19341666666666668,0.19339857356112125,0.8146039189415508,0.18539608105844918,0.020166666666666666,0.2017411685919973,0.19827443172390907,0.019716910388426184,9
uncertainty,0.2,2400,0.2,0.171,0.829,0.17500000000000002,0.17415823519655002,0.8321889130798861,0.16781108692011393,0.03858333333333333,0.1990624476812322,0.20092915214866433,0.04049529884843782,9
oracle_decision_value,0.2,2400,0.2,0.1415,0.8585,0.1455,0.14397080776248133,0.8609948082398258,0.13900519176017423,0.06808333333333336,0.40180813661476644,0.0,0.06853605134321145,9
learned_value,0.2,2400,0.2,0.14475,0.8552500000000001,0.14875,0.15226405705755516,0.8628370457209847,0.13716295427901526,0.06483333333333335,0.40180813661476644,0.0,0.06691040841454031,9
random,0.25,3000,0.25,0.18466666666666667,0.8153333333333334,0.18966666666666668,0.18974954387128878,0.8204655836543293,0.1795344163456707,0.02491666666666667,0.25062782521346055,0.24937779990044798,0.024444960490046252,9
uncertainty,0.25,3000,0.25,0.16316666666666665,0.8368333333333333,0.16816666666666666,0.16636258085918063,0.8400602914084743,0.15993970859152573,0.04641666666666669,0.24778168424577265,0.25219844035175043,0.048331742454719384,9
oracle_decision_value,0.25,3000,0.25,0.13316666666666666,0.8668333333333333,0.13816666666666666,0.13584342345330902,0.8695360911070172,0.13046390889298276,0.07641666666666669,0.5022601707684581,0.0,0.0782808022420972,9
learned_value,0.25,3000,0.25,0.13475,0.86525,0.13975,0.13783380328412673,0.8683637581644615,0.13163624183553846,0.07483333333333334,0.5022601707684581,0.0,0.07702392056121478,9
random,0.3,3600,0.3,0.18016666666666667,0.8198333333333333,0.18616666666666667,0.18477359429424448,0.8244850108859487,0.17551498911405128,0.029416666666666674,0.29884480160723254,0.3011448481831757,0.029054180144109133,9
uncertainty,0.3,3600,0.3,0.15558333333333332,0.8444166666666667,0.16158333333333333,0.15939625145131864,0.848266622006364,0.15173337799363595,0.05400000000000002,0.29884480160723254,0.3011448481831757,0.05581942637597519,9
oracle_decision_value,0.3,3600,0.3,0.12533333333333332,0.8746666666666667,0.13133333333333333,0.12738430917233373,0.8767375648970022,0.12326243510299784,0.08425000000000002,0.6027122049221497,0.0,0.08565373673760328,9
learned_value,0.3,3600,0.3,0.12583333333333332,0.8741666666666666,0.13183333333333333,0.12987228396085587,0.8782448501088594,0.12175514989114056,0.08375000000000002,0.6027122049221497,0.0,0.0852562994015017,9
random,0.4,4800,0.4,0.16991666666666666,0.8300833333333333,0.17791666666666667,0.17399237021064853,0.8341986266956959,0.1658013733043041,0.03966666666666668,0.39645069479323625,0.4035175045628007,0.038463395244105116,9
uncertainty,0.4,4800,0.4,0.14158333333333334,0.8584166666666666,0.14958333333333335,0.14413667274838282,0.8609948082398258,0.13900519176017423,0.068,0.3992968357609242,0.40069686411149824,0.06826044865022401,9
oracle_decision_value,0.4,4800,0.4,0.1155,0.8845,0.1235,0.11793000497594958,0.8869536091107018,0.11304639088929824,0.09408333333333334,0.8036162732295329,0.0,0.09479683790682378,9
learned_value,0.4,4800,0.4,0.11616666666666667,0.8838333333333334,0.12416666666666668,0.11875932990545696,0.8864511807067493,0.11354881929325067,0.09341666666666668,0.8036162732295329,0.0,0.09407745394004711,9
random,0.5,6000,0.5,0.1605,0.8395,0.1705,0.16387460607065849,0.8429073856975381,0.1570926143024619,0.04908333333333334,0.49606562866231374,0.5038991206238593,0.048079762513536614,9
uncertainty,0.5,6000,0.5,0.13316666666666666,0.8668333333333333,0.14316666666666666,0.13584342345330902,0.8695360911070172,0.13046390889298276,0.07641666666666669,0.5019253306546124,0.4980919196947072,0.07825252392944898,9
oracle_decision_value,0.5,6000,0.5,0.11241666666666666,0.8875833333333334,0.12241666666666666,0.11544203018742744,0.8906380840730196,0.10936191592698041,0.09716666666666668,1.0,0.004479840716774514,0.09759183868298278,9
learned_value,0.5,6000,0.5,0.1125,0.8875,0.1225,0.11560789517332891,0.8906380840730196,0.10936191592698041,0.09708333333333334,0.9810815335677214,0.023228803716608595,0.09741652944307161,9
random,0.6,7200,0.6,0.14975,0.85025,0.16175,0.1525957870293581,0.8531234299112377,0.14687657008876231,0.05983333333333335,0.5961828227021597,0.6037829766052762,0.05798554212135385,9
uncertainty,0.6,7200,0.6,0.125,0.875,0.137,0.12738430917233373,0.8774074694356054,0.12259253056439456,0.08458333333333334,0.6067302862882974,0.5933300149328024,0.0859058084573089,9
oracle_decision_value,0.6,7200,0.6,0.11241666666666666,0.8875833333333334,0.12441666666666666,0.11544203018742744,0.8906380840730196,0.10936191592698041,0.09716666666666668,1.0,0.20358387257341962,0.09759183868298278,9
learned_value,0.6,7200,0.6,0.1125,0.8875,0.1245,0.11560789517332891,0.8906380840730196,0.10936191592698041,0.09708333333333334,0.9810815335677214,0.2223328355732537,0.09741652944307161,9
random,0.75,9000,0.75,0.13575,0.86425,0.15075,0.13683861336871786,0.865349187740747,0.13465081225925302,0.07383333333333333,0.7533902561526871,0.7466401194624191,0.0732144956222028,9
uncertainty,0.75,9000,0.75,0.11691666666666667,0.8830833333333333,0.13191666666666668,0.11925692486316139,0.8854463238988444,0.11455367610115563,0.09266666666666667,0.7572409174619119,0.7428239588518334,0.0932915280263432,9
oracle_decision_value,0.75,9000,0.75,0.11241666666666666,0.8875833333333334,0.12741666666666668,0.11544203018742744,0.8906380840730196,0.10936191592698041,0.09716666666666668,1.0,0.5022399203583873,0.09759183868298278,9
learned_value,0.75,9000,0.75,0.1125,0.8875,0.1275,0.11560789517332891,0.8906380840730196,0.10936191592698041,0.09708333333333334,0.9810815335677214,0.5209888833582214,0.09741652944307161,9
random,1.0,12000,1.0,0.11241666666666666,0.8875833333333334,0.13241666666666665,0.11544203018742744,0.8906380840730196,0.10936191592698041,0.09716666666666668,1.0,1.0,0.09759183868298278,9
uncertainty,1.0,12000,1.0,0.11241666666666666,0.8875833333333334,0.13241666666666665,0.11544203018742744,0.8906380840730196,0.10936191592698041,0.09716666666666668,1.0,1.0,0.09759183868298278,9
oracle_decision_value,1.0,12000,1.0,0.11241666666666666,0.8875833333333334,0.13241666666666665,0.11544203018742744,0.8906380840730196,0.10936191592698041,0.09716666666666668,1.0,1.0,0.09759183868298278,9
learned_value,1.0,12000,1.0,0.11241666666666666,0.8875833333333334,0.13241666666666665,0.11544203018742744,0.8906380840730196,0.10936191592698041,0.09716666666666668,1.0,1.0,0.09759183868298278,9
random,0.0,0,0.0,0.20891666666666667,0.7910833333333334,0.20891666666666667,0.2105527638190955,0.7927031509121062,0.2072968490878938,0.0,0.0,0.0,0.0,10
uncertainty,0.0,0,0.0,0.20891666666666667,0.7910833333333334,0.20891666666666667,0.2105527638190955,0.7927031509121062,0.2072968490878938,0.0,0.0,0.0,0.0,10
oracle_decision_value,0.0,0,0.0,0.20891666666666667,0.7910833333333334,0.20891666666666667,0.2105527638190955,0.7927031509121062,0.2072968490878938,0.0,0.0,0.0,0.0,10
learned_value,0.0,0,0.0,0.20891666666666667,0.7910833333333334,0.20891666666666667,0.2105527638190955,0.7927031509121062,0.2072968490878938,0.0,0.0,0.0,0.0,10
random,0.05,600,0.05,0.20416666666666666,0.7958333333333334,0.20516666666666666,0.2050251256281407,0.7966832504145936,0.20331674958540635,0.004750000000000004,0.05182567726737338,0.048208684167079414,0.005176791583633699,10
uncertainty,0.05,600,0.05,0.19641666666666666,0.8035833333333333,0.19741666666666666,0.19698492462311556,0.8041459369817578,0.19585406301824215,0.012500000000000011,0.05115261652364126,0.04886907710087502,0.011654569157960282,10
oracle_decision_value,0.05,600,0.05,0.1865,0.8135,0.1875,0.18643216080402011,0.8134328358208955,0.18656716417910446,0.022416666666666668,0.10095911155981828,0.0,0.022147141931587528,10
learned_value,0.05,600,0.05,0.18683333333333332,0.8131666666666667,0.18783333333333332,0.17906197654941375,0.8054726368159204,0.1945273631840796,0.022083333333333344,0.10095911155981828,0.0,0.021294550471459023,10
random,0.1,1200,0.1,0.19966666666666666,0.8003333333333333,0.20166666666666666,0.19932998324958123,0.8,0.19999999999999996,0.009250000000000008,0.09994952044422009,0.10004952947003468,0.009736446440589986,10
uncertainty,0.1,1200,0.1,0.18633333333333332,0.8136666666666666,0.18833333333333332,0.18626465661641542,0.8135986733001659,0.1864013266998341,0.022583333333333344,0.10213696786134949,0.09790325243519894,0.02238477960690124,10
oracle_decision_value,0.1,1200,0.1,0.1665,0.8335,0.1685,0.1659966499162479,0.8330016583747927,0.16699834162520732,0.04241666666666666,0.20191822311963656,0.0,0.04085755230183677,10
learned_value,0.1,1200,0.1,0.16941666666666666,0.8305833333333333,0.17141666666666666,0.15678391959798996,0.8180762852404644,0.18192371475953562,0.03950000000000001,0.20191822311963656,0.0,0.03865738781299128,10
random,0.2,2400,0.2,0.18983333333333333,0.8101666666666667,0.19383333333333333,0.1899497487437186,0.8102819237147595,0.1897180762852405,0.01908333333333334,0.19905771495877503,0.20092455010731386,0.019428415856986823,10
uncertainty,0.2,2400,0.2,0.16608333333333333,0.8339166666666666,0.17008333333333334,0.16549413735343382,0.8333333333333334,0.16666666666666663,0.042833333333333334,0.20343260979303382,0.1966319960376424,0.04111248638064329,10
oracle_decision_value,0.2,2400,0.2,0.13716666666666666,0.8628333333333333,0.14116666666666666,0.135678391959799,0.8613598673300166,0.13864013266998343,0.07175000000000001,0.4038364462392731,0.0,0.06893877393806937,10
learned_value,0.2,2400,0.2,0.14091666666666666,0.8590833333333333,0.14491666666666667,0.135678391959799,0.8538971807628524,0.14610281923714763,0.068,0.4038364462392731,0.0,0.06616369574717847,10
random,0.25,3000,0.25,0.18508333333333332,0.8149166666666667,0.19008333333333333,0.18542713567839195,0.815257048092869,0.18474295190713097,0.023833333333333345,0.24650849739188962,0.2534257883440647,0.023967487498141177,10
uncertainty,0.25,3000,0.25,0.15791666666666668,0.8420833333333333,0.16291666666666668,0.15845896147403685,0.842620232172471,0.15737976782752905,0.05099999999999999,0.254080430758876,0.2459963678388641,0.0492399042631929,10
oracle_decision_value,0.25,3000,0.25,0.12833333333333333,0.8716666666666667,0.13333333333333333,0.12646566164154105,0.8698175787728026,0.13018242122719736,0.08058333333333334,0.5047955577990914,0.0,0.07887202335417089,10
learned_value,0.25,3000,0.25,0.12858333333333333,0.8714166666666667,0.13358333333333333,0.1268006700167504,0.8696517412935323,0.1303482587064677,0.08033333333333334,0.5047955577990914,0.0,0.07846962704814187,10
random,0.3,3600,0.3,0.17966666666666667,0.8203333333333334,0.18566666666666667,0.18023450586264655,0.8208955223880597,0.17910447761194026,0.029249999999999998,0.29749284872959786,0.3024599636783886,0.029048222085705466,10
uncertainty,0.3,3600,0.3,0.15025,0.84975,0.15625,0.1489112227805695,0.848424543946932,0.151575456053068,0.05866666666666667,0.3050647820965842,0.29503054317318805,0.05664371776283476,10
oracle_decision_value,0.3,3600,0.3,0.12008333333333333,0.8799166666666667,0.12608333333333333,0.11926298157453936,0.8791044776119403,0.12089552238805967,0.08883333333333333,0.6057546693589096,0.0,0.0864016610965374,10
learned_value,0.3,3600,0.3,0.12083333333333333,0.8791666666666667,0.12683333333333333,0.12093802345058627,0.8792703150912106,0.12072968490878944,0.08808333333333333,0.6057546693589096,0.0,0.08581992705295113,10
random,0.4,4800,0.4,0.17041666666666666,0.8295833333333333,0.17841666666666667,0.17169179229480738,0.8308457711442786,0.1691542288557214,0.038500000000000006,0.39424533064109035,0.40564635958395245,0.03814759442353519,10
uncertainty,0.4,4800,0.4,0.13708333333333333,0.8629166666666667,0.14508333333333334,0.135678391959799,0.8615257048092869,0.13847429519071308,0.07183333333333333,0.4060238936564025,0.3940894832425293,0.06918180936142244,10
oracle_decision_value,0.4,4800,0.4,0.11191666666666666,0.8880833333333333,0.11991666666666667,0.11139028475711893,0.8875621890547264,0.11243781094527361,0.097,0.8076728924785462,0.0,0.09539560830597134,10
learned_value,0.4,4800,0.4,0.113,0.887,0.121,0.11105527638190955,0.8850746268656716,0.11492537313432838,0.09591666666666666,0.8076728924785462,0.0,0.09396446367050187,10
random,0.5,6000,0.5,0.15983333333333333,0.8401666666666667,0.16983333333333334,0.16180904522613065,0.84212271973466,0.15787728026533998,0.04908333333333334,0.49251219922598016,0.5073468713884761,0.04819494305801504,10
uncertainty,0.5,6000,0.5,0.12833333333333333,0.8716666666666667,0.13833333333333334,0.12646566164154105,0.8698175787728026,0.13018242122719736,0.08058333333333334,0.5047955577990914,0.4952947003467063,0.07887202335417089,10
oracle_decision_value,0.5,6000,0.5,0.1095,0.8905,0.1195,0.10971524288107203,0.8907131011608623,0.10928689883913767,0.09941666666666667,1.0,0.009410599306587419,0.09813838843390359,10
learned_value,0.5,6000,0.5,0.1095,0.8905,0.1195,0.10971524288107203,0.8907131011608623,0.10928689883913767,0.09941666666666667,1.0,0.009410599306587419,0.09813838843390359,10
random,0.6,7200,0.6,0.14925,0.85075,0.16125,0.15209380234505862,0.8535655058043118,0.14643449419568821,0.05966666666666667,0.5995288574793876,0.6004622750536569,0.05843676149483541,10
uncertainty,0.6,7200,0.6,0.11991666666666667,0.8800833333333333,0.13191666666666668,0.11926298157453936,0.8794361525704809,0.12056384742951909,0.089,0.6067642604745078,0.5933630510153541,0.08646595492345963,10
oracle_decision_value,0.6,7200,0.6,0.1095,0.8905,0.1215,0.10971524288107203,0.8907131011608623,0.10928689883913767,0.09941666666666667,1.0,0.20752847944526995,0.09813838843390359,10
learned_value,0.6,7200,0.6,0.1095,0.8905,0.1215,0.10971524288107203,0.8907131011608623,0.10928689883913767,0.09941666666666667,1.0,0.20752847944526995,0.09813838843390359,10
random,0.75,9000,0.75,0.13333333333333333,0.8666666666666667,0.14833333333333332,0.13383584589614742,0.8671641791044776,0.13283582089552237,0.07558333333333334,0.7519771159347131,0.7480600957569754,0.07375295506121872,10
uncertainty,0.75,9000,0.75,0.11366666666666667,0.8863333333333333,0.12866666666666665,0.11273031825795644,0.8854063018242123,0.11459369817578768,0.09525,0.757025071512704,0.7431071487535084,0.09379667791467826,10
oracle_decision_value,0.75,9000,0.75,0.1095,0.8905,0.1245,0.10971524288107203,0.8907131011608623,0.10928689883913767,0.09941666666666667,1.0,0.5047052996532937,0.09813838843390359,10
learned_value,0.75,9000,0.75,0.1095,0.8905,0.1245,0.10971524288107203,0.8907131011608623,0.10928689883913767,0.09941666666666667,1.0,0.5047052996532937,0.09813838843390359,10
random,1.0,12000,1.0,0.1095,0.8905,0.1295,0.10971524288107203,0.8907131011608623,0.10928689883913767,0.09941666666666667,1.0,1.0,0.09813838843390359,10
uncertainty,1.0,12000,1.0,0.1095,0.8905,0.1295,0.10971524288107203,0.8907131011608623,0.10928689883913767,0.09941666666666667,1.0,1.0,0.09813838843390359,10
oracle_decision_value,1.0,12000,1.0,0.1095,0.8905,0.1295,0.10971524288107203,0.8907131011608623,0.10928689883913767,0.09941666666666667,1.0,1.0,0.09813838843390359,10
learned_value,1.0,12000,1.0,0.1095,0.8905,0.1295,0.10971524288107203,0.8907131011608623,0.10928689883913767,0.09941666666666667,1.0,1.0,0.09813838843390359,10
random,0.0,0,0.0,0.21716666666666667,0.7828333333333333,0.21716666666666667,0.21651013346515077,0.7821615241949081,0.21783847580509186,0.0,0.0,0.0,0.0,11
uncertainty,0.0,0,0.0,0.21716666666666667,0.7828333333333333,0.21716666666666667,0.21651013346515077,0.7821615241949081,0.21783847580509186,0.0,0.0,0.0,0.0,11
oracle_decision_value,0.0,0,0.0,0.21716666666666667,0.7828333333333333,0.21716666666666667,0.21651013346515077,0.7821615241949081,0.21783847580509186,0.0,0.0,0.0,0.0,11
learned_value,0.0,0,0.0,0.21716666666666667,0.7828333333333333,0.21716666666666667,0.21651013346515077,0.7821615241949081,0.21783847580509186,0.0,0.0,0.0,0.0,11
random,0.05,600,0.05,0.21091666666666667,0.7890833333333334,0.21191666666666667,0.21024880540451474,0.7883999325577474,0.21160006744225257,0.0062500000000000056,0.05041459369817579,0.04958123953098827,0.005159793885273488,11
uncertainty,0.05,600,0.05,0.20608333333333334,0.7939166666666666,0.20708333333333334,0.20349316197067063,0.791266228292025,0.20873377170797502,0.011083333333333334,0.04859038142620232,0.051423785594639865,0.011188599665236174,11
oracle_decision_value,0.05,600,0.05,0.19516666666666665,0.8048333333333333,0.19616666666666666,0.19245345196902292,0.8020569887034227,0.19794301129657732,0.02200000000000002,0.09950248756218906,0.0,0.022037852776480658,11
learned_value,0.05,600,0.05,0.195,0.8049999999999999,0.196,0.1941011698797166,0.8040802562805598,0.1959197437194402,0.022166666666666668,0.09950248756218906,0.0,0.020518370922296664,11
random,0.1,1200,0.1,0.206,0.794,0.208,0.20645905420991925,0.7944697352891587,0.20553026471084135,0.011166666666666686,0.09800995024875622,0.10201005025125628,0.00976619683814546,11
uncertainty,0.1,1200,0.1,0.19508333333333333,0.8049166666666667,0.19708333333333333,0.19228868017795353,0.8020569887034227,0.19794301129657732,0.022083333333333344,0.1009950248756219,0.09899497487437187,0.02234291480973323,11
oracle_decision_value,0.1,1200,0.1,0.175,0.825,0.177,0.17465809853353106,0.8246501433147867,0.1753498566852133,0.042166666666666686,0.19900497512437812,0.0,0.04077398469824807,11
learned_value,0.1,1200,0.1,0.17675,0.82325,0.17875,0.1733399242049761,0.8197605800033722,0.18023941999662785,0.040416666666666684,0.19900497512437812,0.0,0.03888791740407928,11
random,0.2,2400,0.2,0.19575,0.80425,0.19975,0.19558411599934092,0.8040802562805598,0.1959197437194402,0.021416666666666667,0.1978441127694859,0.20217755443886098,0.019416859749987008,11
uncertainty,0.2,2400,0.2,0.17491666666666666,0.8250833333333334,0.17891666666666667,0.17449332674246168,0.8246501433147867,0.1753498566852133,0.04225000000000001,0.2,0.2,0.040945520502219834,11
oracle_decision_value,0.2,2400,0.2,0.14858333333333335,0.8514166666666667,0.15258333333333335,0.14763552479815456,0.8504468049232844,0.1495531950767156,0.06858333333333333,0.39800995024875624,0.0,0.06889691464731984,11
learned_value,0.2,2400,0.2,0.14983333333333335,0.8501666666666666,0.15383333333333335,0.15669797330696986,0.857191030180408,0.142808969819592,0.06733333333333333,0.39800995024875624,0.0,0.06680527519193147,11
random,0.25,3000,0.25,0.19116666666666668,0.8088333333333333,0.19616666666666668,0.19064096226725985,0.808295397066262,0.19170460293373803,0.025999999999999995,0.248424543946932,0.25159128978224454,0.02424538387278345,11
uncertainty,0.25,3000,0.25,0.16708333333333333,0.8329166666666666,0.17208333333333334,0.16674905256220135,0.832574607991907,0.16742539200809303,0.05008333333333334,0.248424543946932,0.25159128978224454,0.0488816836244203,11
oracle_decision_value,0.25,3000,0.25,0.139,0.861,0.14400000000000002,0.138902619871478,0.860900354071826,0.13909964592817403,0.07816666666666666,0.4975124378109453,0.0,0.07876269541022408,11
learned_value,0.25,3000,0.25,0.14016666666666666,0.8598333333333333,0.14516666666666667,0.14730598121601582,0.8671387624346654,0.13286123756533463,0.07700000000000001,0.4975124378109453,0.0,0.07718849423779299,11
random,0.3,3600,0.3,0.1865,0.8135,0.1925,0.18602735211731752,0.8130163547462486,0.18698364525375144,0.030666666666666675,0.2956882255389718,0.30435510887772194,0.029078587846958867,11
uncertainty,0.3,3600,0.3,0.16008333333333333,0.8399166666666666,0.16608333333333333,0.15867523479980228,0.83847580509189,0.16152419490810999,0.05708333333333335,0.29817578772802655,0.3018425460636516,0.05626661855432406,11
oracle_decision_value,0.3,3600,0.3,0.13,0.87,0.136,0.13016971494480145,0.870173663800371,0.12982633619962902,0.08716666666666667,0.5970149253731343,0.0,0.08617553162016488,11
learned_value,0.3,3600,0.3,0.13266666666666665,0.8673333333333333,0.13866666666666666,0.13610149942329874,0.8708480863260832,0.12915191367391676,0.08450000000000002,0.5970149253731343,0.0,0.08426245543574923,11
random,0.4,4800,0.4,0.17808333333333334,0.8219166666666666,0.18608333333333335,0.17696490360850223,0.8207722137919407,0.17922778620805935,0.03908333333333333,0.3953565505804312,0.4046901172529313,0.0386970975665893,11
uncertainty,0.4,4800,0.4,0.14858333333333335,0.8514166666666667,0.15658333333333335,0.14763552479815456,0.8504468049232844,0.1495531950767156,0.06858333333333333,0.3966832504145937,0.4033500837520938,0.06874751739625343,11
oracle_decision_value,0.4,4800,0.4,0.1205,0.8795,0.1285,0.11814137419673752,0.8770864946889226,0.12291350531107736,0.09666666666666668,0.7960199004975125,0.0,0.09536020986150519,11
learned_value,0.4,4800,0.4,0.12066666666666667,0.8793333333333333,0.12866666666666668,0.1183061459878069,0.8769178890574946,0.12308211094250543,0.0965,0.7960199004975125,0.0,0.09492336040517531,11
random,0.5,6000,0.5,0.16808333333333333,0.8319166666666666,0.17808333333333334,0.1654308782336464,0.8292024953633451,0.17079750463665488,0.04908333333333334,0.49966832504145936,0.5003350083752094,0.04900732044911622,11
uncertainty,0.5,6000,0.5,0.13933333333333334,0.8606666666666667,0.14933333333333335,0.13923216345361675,0.8605631428089698,0.13943685719103016,0.07783333333333334,0.4930348258706468,0.507035175879397,0.07837516073636436,11
oracle_decision_value,0.5,6000,0.5,0.11691666666666667,0.8830833333333333,0.12691666666666668,0.11319822046465645,0.8792783678974878,0.12072163210251219,0.10025,0.9950248756218906,0.0,0.09841296322300502,11
learned_value,0.5,6000,0.5,0.117,0.883,0.127,0.11319822046465645,0.8791097622660596,0.12089023773394036,0.10016666666666667,0.9898839137645108,0.005192629815745394,0.09838508107138652,11
random,0.6,7200,0.6,0.15833333333333333,0.8416666666666667,0.17033333333333334,0.15521502718734553,0.83847580509189,0.16152419490810999,0.05883333333333335,0.5976782752902156,0.6023450586264657,0.058826684304511434,11
uncertainty,0.6,7200,0.6,0.13,0.87,0.14200000000000002,0.13016971494480145,0.870173663800371,0.12982633619962902,0.08716666666666667,0.5971807628524046,0.6028475711892798,0.08618616097386886,11
oracle_decision_value,0.6,7200,0.6,0.11691666666666667,0.8830833333333333,0.12891666666666668,0.11319822046465645,0.8792783678974878,0.12072163210251219,0.10025,1.0,0.19597989949748743,0.09841815480525266,11
learned_value,0.6,7200,0.6,0.11691666666666667,0.8830833333333333,0.12891666666666668,0.11319822046465645,0.8792783678974878,0.12072163210251219,0.10025,1.0,0.19597989949748743,0.09841815480525266,11
random,0.75,9000,0.75,0.14233333333333334,0.8576666666666667,0.15733333333333333,0.13972647882682485,0.8549991569718428,0.1450008430281572,0.07483333333333334,0.7467661691542289,0.7532663316582915,0.07352889573033389,11
uncertainty,0.75,9000,0.75,0.12158333333333333,0.8784166666666666,0.13658333333333333,0.11896523315208436,0.8757376496374979,0.1242623503625021,0.09558333333333334,0.7495854063018242,0.7504187604690117,0.09382124380133702,11
oracle_decision_value,0.75,9000,0.75,0.11691666666666667,0.8830833333333333,0.13191666666666668,0.11319822046465645,0.8792783678974878,0.12072163210251219,0.10025,1.0,0.49748743718592964,0.09841815480525266,11
learned_value,0.75,9000,0.75,0.11691666666666667,0.8830833333333333,0.13191666666666668,0.11319822046465645,0.8792783678974878,0.12072163210251219,0.10025,1.0,0.49748743718592964,0.09841815480525266,11
random,1.0,12000,1.0,0.11691666666666667,0.8830833333333333,0.13691666666666666,0.11319822046465645,0.8792783678974878,0.12072163210251219,0.10025,1.0,1.0,0.09841815480525266,11
uncertainty,1.0,12000,1.0,0.11691666666666667,0.8830833333333333,0.13691666666666666,0.11319822046465645,0.8792783678974878,0.12072163210251219,0.10025,1.0,1.0,0.09841815480525266,11
oracle_decision_value,1.0,12000,1.0,0.11691666666666667,0.8830833333333333,0.13691666666666666,0.11319822046465645,0.8792783678974878,0.12072163210251219,0.10025,1.0,1.0,0.09841815480525266,11
learned_value,1.0,12000,1.0,0.11691666666666667,0.8830833333333333,0.13691666666666666,0.11319822046465645,0.8792783678974878,0.12072163210251219,0.10025,1.0,1.0,0.09841815480525266,11
random,0.0,0,0.0,0.205,0.795,0.205,0.20477070384679993,0.7947742682321812,0.20522573176781878,0.0,0.0,0.0,0.0,12
uncertainty,0.0,0,0.0,0.205,0.795,0.205,0.20477070384679993,0.7947742682321812,0.20522573176781878,0.0,0.0,0.0,0.0,12
oracle_decision_value,0.0,0,0.0,0.205,0.795,0.205,0.20477070384679993,0.7947742682321812,0.20522573176781878,0.0,0.0,0.0,0.0,12
learned_value,0.0,0,0.0,0.205,0.795,0.205,0.20477070384679993,0.7947742682321812,0.20522573176781878,0.0,0.0,0.0,0.0,12
random,0.05,600,0.05,0.2005,0.7995,0.2015,0.20006719301192677,0.7990739209525385,0.20092607904746151,0.004499999999999976,0.048437758307158206,0.05158796840867081,0.0047920550869427515,12
uncertainty,0.05,600,0.05,0.19391666666666665,0.8060833333333334,0.19491666666666665,0.194691752057786,0.8068463701008765,0.19315362989912355,0.011083333333333334,0.04744585881963961,0.052596202318937996,0.011006457240741492,12
oracle_decision_value,0.05,600,0.05,0.18283333333333332,0.8171666666666667,0.18383333333333332,0.18360490508987065,0.81792624441872,0.18207375558128003,0.022166666666666668,0.09918994875185981,0.0,0.022074841748100794,12
learned_value,0.05,600,0.05,0.186,0.8140000000000001,0.187,0.19771543759449017,0.8255333223085828,0.17446667769141722,0.01899999999999999,0.09918994875185981,0.0,0.020013046186470648,12
random,0.1,1200,0.1,0.19433333333333333,0.8056666666666666,0.19633333333333333,0.19502771711741979,0.8063502563254507,0.19364974367454935,0.010666666666666658,0.09968589849561911,0.10031927407158461,0.00995861489506276,12
uncertainty,0.1,1200,0.1,0.18333333333333332,0.8166666666666667,0.18533333333333332,0.18427683520913826,0.8175955019017694,0.18240449809823056,0.021666666666666667,0.09720614977682261,0.10283985884725257,0.021667610683330632,12
oracle_decision_value,0.1,1200,0.1,0.16575,0.8342499999999999,0.16775,0.16563077439946244,0.8341326277492972,0.1658673722507028,0.03924999999999998,0.19837989750371962,0.0,0.04078592915376737,12
learned_value,0.1,1200,0.1,0.16808333333333333,0.8319166666666666,0.17008333333333334,0.1750377960692088,0.8387630229866049,0.16123697701339512,0.03691666666666665,0.19837989750371962,0.0,0.03839360021290759,12
random,0.2,2400,0.2,0.18458333333333332,0.8154166666666667,0.18858333333333333,0.18679657315639173,0.8175955019017694,0.18240449809823056,0.020416666666666666,0.19871053066622582,0.20131070408334734,0.019436753983378127,12
uncertainty,0.2,2400,0.2,0.16591666666666666,0.8340833333333333,0.16991666666666666,0.16563077439946244,0.8338018852323467,0.16619811476765334,0.03908333333333333,0.19606546536617622,0.20399932784405983,0.04038498471834804,12
oracle_decision_value,0.2,2400,0.2,0.138,0.862,0.14200000000000002,0.13774567444985722,0.8617496279146685,0.13825037208533153,0.06699999999999998,0.39675979500743924,0.0,0.06896252221507358,12
learned_value,0.2,2400,0.2,0.14166666666666666,0.8583333333333334,0.14566666666666667,0.14379304552326558,0.8604266578468662,0.13957334215313377,0.06333333333333332,0.39675979500743924,0.0,0.06569951762432144,12
random,0.25,3000,0.25,0.17958333333333334,0.8204166666666667,0.18458333333333335,0.18276499244078614,0.8235488672068795,0.17645113279312052,0.025416666666666643,0.24913208794842123,0.2508822046714838,0.02453876588854267,12
uncertainty,0.25,3000,0.25,0.15783333333333333,0.8421666666666667,0.16283333333333333,0.1577355954980682,0.8420704481561104,0.15792955184388957,0.04716666666666666,0.24532980657959993,0.254747101327508,0.048533355102403135,12
oracle_decision_value,0.25,3000,0.25,0.12883333333333333,0.8711666666666666,0.13383333333333333,0.12901058289937847,0.8713411609062345,0.12865883909376552,0.07616666666666666,0.49594974375929907,0.0,0.07907308347588334,12
learned_value,0.25,3000,0.25,0.13016666666666668,0.8698333333333333,0.13516666666666668,0.12884260036956158,0.8685298495121548,0.13147015048784516,0.07483333333333331,0.49594974375929907,0.0,0.07779774753594954,12
random,0.3,3600,0.3,0.17416666666666666,0.8258333333333333,0.18016666666666667,0.17789349907609608,0.8295022325119894,0.1704977674880106,0.030833333333333324,0.2988923789056042,0.30112586119979834,0.029906158288285876,12
uncertainty,0.3,3600,0.3,0.15033333333333335,0.8496666666666667,0.15633333333333335,0.15135225936502603,0.8506697535968248,0.14933024640317516,0.05466666666666664,0.2975698462555794,0.3024701730801546,0.05632245094969957,12
oracle_decision_value,0.3,3600,0.3,0.12191666666666667,0.8780833333333333,0.12791666666666668,0.12212329917688561,0.8782867537621961,0.12171324623780388,0.08308333333333331,0.5951396925111588,0.0,0.08683734066225088,12
learned_value,0.3,3600,0.3,0.12175,0.87825,0.12775,0.1243070720645053,0.8807673226393253,0.11923267736067467,0.08324999999999999,0.5951396925111588,0.0,0.08622812535523253,12
random,0.4,4800,0.4,0.16458333333333333,0.8354166666666667,0.17258333333333334,0.16747858222744835,0.8382669092111791,0.16173309078882092,0.040416666666666656,0.40271119193255084,0.3972441606452697,0.04047577931346339,12
uncertainty,0.4,4800,0.4,0.13766666666666666,0.8623333333333334,0.14566666666666667,0.13740970939022343,0.862080370431619,0.137919629568381,0.06733333333333333,0.39990081005124817,0.4001008233910267,0.0693205126466209,12
oracle_decision_value,0.4,4800,0.4,0.11258333333333333,0.8874166666666666,0.12058333333333332,0.11288426003695616,0.887712915495287,0.11228708450471303,0.09241666666666666,0.7935195900148785,0.0,0.09619621070467231,12
learned_value,0.4,4800,0.4,0.113,0.887,0.121,0.11439610280530825,0.888374400529188,0.11162559947081196,0.09199999999999998,0.791039841296082,0.002520584775667955,0.09549486666456539,12
random,0.5,6000,0.5,0.15558333333333332,0.8444166666666667,0.16558333333333333,0.1582395430875189,0.8470315859103688,0.15296841408963124,0.049416666666666664,0.5033889899156886,0.4965552008065871,0.05027261406910039,12
uncertainty,0.5,6000,0.5,0.12808333333333333,0.8719166666666667,0.13808333333333334,0.12833865278011086,0.8721680171986109,0.12783198280138908,0.07691666666666666,0.5061993717969913,0.49369853806083014,0.079977641424397,12
oracle_decision_value,0.5,6000,0.5,0.10958333333333334,0.8904166666666666,0.11958333333333333,0.10969259197043507,0.8905242268893666,0.10947577311063339,0.09541666666666665,0.9918994875185981,0.0,0.0993198117652238,12
learned_value,0.5,6000,0.5,0.10975,0.89025,0.11975,0.10969259197043507,0.8901934843724161,0.10980651562758392,0.09524999999999999,0.9606546536617623,0.031759368173416236,0.09907153931867321,12
random,0.6,7200,0.6,0.14641666666666667,0.8535833333333334,0.15841666666666668,0.14849655635813874,0.8556308913510832,0.14436910864891683,0.05858333333333332,0.6062159034551166,0.5936817341623256,0.0605505189340718,12
uncertainty,0.6,7200,0.6,0.12158333333333333,0.8784166666666666,0.13358333333333333,0.1217873341172518,0.8786174962791466,0.12138250372085335,0.08341666666666665,0.603570838155067,0.5963703579230382,0.087393095318462,12
oracle_decision_value,0.6,7200,0.6,0.10958333333333334,0.8904166666666666,0.12158333333333333,0.10969259197043507,0.8905242268893666,0.10947577311063339,0.09541666666666665,1.0,0.1934128717862544,0.09932860918205279,12
learned_value,0.6,7200,0.6,0.10958333333333334,0.8904166666666666,0.12158333333333333,0.10969259197043507,0.8905242268893666,0.10947577311063339,0.09541666666666665,1.0,0.1934128717862544,0.09932860918205279,12
random,0.75,9000,0.75,0.13316666666666666,0.8668333333333333,0.14816666666666667,0.13522593650260373,0.8688605920291054,0.13113940797089463,0.07183333333333333,0.7518598115390974,0.748109561418249,0.07443935470238064,12
uncertainty,0.75,9000,0.75,0.11408333333333333,0.8859166666666667,0.12908333333333333,0.11473206786494204,0.88655531668596,0.11344468331404,0.09091666666666666,0.7535129773516284,0.7464291715678038,0.09488755196389356,12
oracle_decision_value,0.75,9000,0.75,0.10958333333333334,0.8904166666666666,0.12458333333333334,0.10969259197043507,0.8905242268893666,0.10947577311063339,0.09541666666666665,1.0,0.495883044866409,0.09932860918205279,12
learned_value,0.75,9000,0.75,0.10958333333333334,0.8904166666666666,0.12458333333333334,0.10969259197043507,0.8905242268893666,0.10947577311063339,0.09541666666666665,1.0,0.495883044866409,0.09932860918205279,12
random,1.0,12000,1.0,0.10958333333333334,0.8904166666666666,0.12958333333333333,0.10969259197043507,0.8905242268893666,0.10947577311063339,0.09541666666666665,1.0,1.0,0.09932860918205279,12
uncertainty,1.0,12000,1.0,0.10958333333333334,0.8904166666666666,0.12958333333333333,0.10969259197043507,0.8905242268893666,0.10947577311063339,0.09541666666666665,1.0,1.0,0.09932860918205279,12
oracle_decision_value,1.0,12000,1.0,0.10958333333333334,0.8904166666666666,0.12958333333333333,0.10969259197043507,0.8905242268893666,0.10947577311063339,0.09541666666666665,1.0,1.0,0.09932860918205279,12
learned_value,1.0,12000,1.0,0.10958333333333334,0.8904166666666666,0.12958333333333333,0.10969259197043507,0.8905242268893666,0.10947577311063339,0.09541666666666665,1.0,1.0,0.09932860918205279,12
random,0.0,0,0.0,0.21291666666666667,0.7870833333333334,0.21291666666666667,0.21556186341626316,0.7897188487772417,0.21028115122275826,0.0,0.0,0.0,0.0,13
uncertainty,0.0,0,0.0,0.21291666666666667,0.7870833333333334,0.21291666666666667,0.21556186341626316,0.7897188487772417,0.21028115122275826,0.0,0.0,0.0,0.0,13
oracle_decision_value,0.0,0,0.0,0.21291666666666667,0.7870833333333334,0.21291666666666667,0.21556186341626316,0.7897188487772417,0.21028115122275826,0.0,0.0,0.0,0.0,13
learned_value,0.0,0,0.0,0.21291666666666667,0.7870833333333334,0.21291666666666667,0.21556186341626316,0.7897188487772417,0.21028115122275826,0.0,0.0,0.0,0.0,13
random,0.05,600,0.05,0.20833333333333334,0.7916666666666666,0.20933333333333334,0.21122057104691935,0.7945433372151056,0.20545666278489438,0.004583333333333328,0.05135089780164457,0.04866743916570104,0.005600922922778343,13
uncertainty,0.05,600,0.05,0.2035,0.7965,0.2045,0.20604441476039406,0.7990351023124272,0.20096489768757275,0.009416666666666684,0.04984057727806679,0.050157258731998014,0.011344591868496394,13
oracle_decision_value,0.05,600,0.05,0.19175,0.80825,0.19275,0.19218567373518117,0.8086840791881551,0.1913159208118449,0.021166666666666667,0.10068803490518544,0.0,0.022031565263496884,13
learned_value,0.05,600,0.05,0.19325,0.80675,0.19425,0.19435631991985305,0.8078522708367992,0.19214772916320078,0.019666666666666666,0.10068803490518544,0.0,0.020335881654103268,13
random,0.1,1200,0.1,0.2045,0.7955,0.2065,0.20771414259475707,0.7987023789718849,0.2012976210281151,0.008416666666666683,0.09951334116462494,0.10048005297136235,0.010201534490617064,13
uncertainty,0.1,1200,0.1,0.19216666666666668,0.8078333333333333,0.19416666666666668,0.19251961930205377,0.8081849941773416,0.19181500582265842,0.02074999999999999,0.09884208759859037,0.10114219500082768,0.021658395308437377,13
oracle_decision_value,0.1,1200,0.1,0.17225,0.82775,0.17425,0.17248288528969777,0.8279820329396107,0.1720179670603893,0.040666666666666684,0.20137606981037087,0.0,0.04073229281426232,13
learned_value,0.1,1200,0.1,0.17375,0.82625,0.17575,0.17014526632158958,0.8226584594909333,0.1773415405090667,0.03916666666666668,0.20137606981037087,0.0,0.038268130872347254,13
random,0.2,2400,0.2,0.19458333333333333,0.8054166666666667,0.19858333333333333,0.19719485723827015,0.8080186325070704,0.1919813674929296,0.01833333333333334,0.19936230911226716,0.20062903492799206,0.019844762967646947,13
uncertainty,0.2,2400,0.2,0.17233333333333334,0.8276666666666667,0.17633333333333334,0.17264985807313407,0.8279820329396107,0.1720179670603893,0.04058333333333333,0.20053700285282766,0.19947028637642775,0.04058994047050908,13
oracle_decision_value,0.2,2400,0.2,0.14408333333333334,0.8559166666666667,0.14808333333333334,0.1420938387042912,0.8539344535019131,0.1460655464980869,0.06883333333333333,0.40275213962074174,0.0,0.06880818640759376,13
learned_value,0.2,2400,0.2,0.14591666666666667,0.8540833333333333,0.14991666666666667,0.144765403239272,0.8529362834802862,0.14706371651971384,0.067,0.40275213962074174,0.0,0.0673263731656077,13
random,0.25,3000,0.25,0.18908333333333333,0.8109166666666667,0.19408333333333333,0.19268659208549008,0.814506737647646,0.18549326235235397,0.023833333333333345,0.25037758013089445,0.24962754510842575,0.024951141746838025,13
uncertainty,0.25,3000,0.25,0.164,0.836,0.169,0.1641342461178828,0.836133754782898,0.16386624521710202,0.048916666666666664,0.2513844604799463,0.24863433206422778,0.04882467169027734,13
oracle_decision_value,0.25,3000,0.25,0.134,0.866,0.139,0.1315745533478043,0.863583430377641,0.13641656962235904,0.07891666666666666,0.5034401745259272,0.0,0.07866605090726445,13
learned_value,0.25,3000,0.25,0.13675,0.86325,0.14175000000000001,0.13825346468525632,0.8647479620695392,0.1352520379304608,0.07616666666666666,0.5034401745259272,0.0,0.07721813314379691,13
random,0.3,3600,0.3,0.1835,0.8165,0.1895,0.18617465353147436,0.8191648644152387,0.18083513558476128,0.029416666666666674,0.2997147172344353,0.30028141036252276,0.02971882069337686,13
uncertainty,0.3,3600,0.3,0.15683333333333332,0.8431666666666666,0.16283333333333333,0.1571213892135582,0.8434536682748295,0.15654633172517052,0.056083333333333346,0.30172847793253904,0.2982949842741268,0.05620445869530577,13
oracle_decision_value,0.3,3600,0.3,0.12616666666666668,0.8738333333333334,0.13216666666666668,0.12355985974286192,0.8712360672101148,0.12876393278988518,0.08675,0.6041282094311126,0.0,0.08608194403367664,13
learned_value,0.3,3600,0.3,0.127,0.873,0.133,0.12873601602938722,0.8747296622858094,0.1252703377141906,0.08591666666666667,0.6041282094311126,0.0,0.08538059399818193,13
random,0.4,4800,0.4,0.17391666666666666,0.8260833333333333,0.18191666666666667,0.17699115044247787,0.8291465646315089,0.17085343536849107,0.03900000000000001,0.4045980869273368,0.39546432709816254,0.03945006493245246,13
uncertainty,0.4,4800,0.4,0.14416666666666667,0.8558333333333333,0.15216666666666667,0.1422608114877275,0.8539344535019131,0.1460655464980869,0.06875,0.40241651283772445,0.39761628869392485,0.06877070726130763,13
oracle_decision_value,0.4,4800,0.4,0.11733333333333333,0.8826666666666667,0.12533333333333332,0.11420938387042912,0.8795541507236733,0.12044584927632673,0.09558333333333334,0.8055042792414835,0.0,0.09489729548826999,13
learned_value,0.4,4800,0.4,0.118,0.882,0.126,0.11487727500417431,0.8788887040425886,0.12111129595741144,0.09491666666666668,0.8055042792414835,0.0,0.09415100135785218,13
random,0.5,6000,0.5,0.16458333333333333,0.8354166666666667,0.17458333333333334,0.1678076473534814,0.8386291798369656,0.1613708201630344,0.04833333333333334,0.5039436147004531,0.49610991557689127,0.04898596589551914,13
uncertainty,0.5,6000,0.5,0.13433333333333333,0.8656666666666667,0.14433333333333334,0.1317415261312406,0.8630843453668274,0.13691565463317257,0.07858333333333334,0.5012586004363149,0.4987584836947525,0.07847911308137331,13
oracle_decision_value,0.5,6000,0.5,0.115,0.885,0.125,0.11203873768575723,0.8820495757777408,0.11795042422225921,0.09791666666666667,1.0,0.006786955802019533,0.09749012444830465,13
learned_value,0.5,6000,0.5,0.11533333333333333,0.8846666666666667,0.12533333333333332,0.11203873768575723,0.8813841290966561,0.11861587090334391,0.09758333333333334,0.9904346366840073,0.016222479721900347,0.0972659955078209,13
random,0.6,7200,0.6,0.15433333333333332,0.8456666666666667,0.16633333333333333,0.15745533478043078,0.8487772417235069,0.15122275827649312,0.05858333333333335,0.6019466353415003,0.5980797881145505,0.05882357150404716,13
uncertainty,0.6,7200,0.6,0.12641666666666668,0.8735833333333334,0.1384166666666667,0.12355985974286192,0.8707369821993013,0.1292630178006987,0.0865,0.5999328746433965,0.6000662142029465,0.08581758025518567,13
oracle_decision_value,0.6,7200,0.6,0.115,0.885,0.127,0.11203873768575723,0.8820495757777408,0.11795042422225921,0.09791666666666667,1.0,0.20542956464161563,0.09749012444830465,13
learned_value,0.6,7200,0.6,0.115,0.885,0.127,0.11203873768575723,0.8820495757777408,0.11795042422225921,0.09791666666666667,1.0,0.20542956464161563,0.09749012444830465,13
random,0.75,9000,0.75,0.14066666666666666,0.8593333333333333,0.15566666666666668,0.1420938387042912,0.8607552819830311,0.13924471801696892,0.07225000000000001,0.7506293002181574,0.7493792418473763,0.07274028756050716,13
uncertainty,0.75,9000,0.75,0.11925,0.88075,0.13424999999999998,0.11654700283853732,0.8780568956912327,0.12194310430876731,0.09366666666666668,0.7497902332606142,0.7502069193842079,0.09316424510917018,13
oracle_decision_value,0.75,9000,0.75,0.115,0.885,0.13,0.11203873768575723,0.8820495757777408,0.11795042422225921,0.09791666666666667,1.0,0.5033934779010097,0.09749012444830465,13
learned_value,0.75,9000,0.75,0.115,0.885,0.13,0.11203873768575723,0.8820495757777408,0.11795042422225921,0.09791666666666667,1.0,0.5033934779010097,0.09749012444830465,13
random,1.0,12000,1.0,0.115,0.885,0.135,0.11203873768575723,0.8820495757777408,0.11795042422225921,0.09791666666666667,1.0,1.0,0.09749012444830465,13
uncertainty,1.0,12000,1.0,0.115,0.885,0.135,0.11203873768575723,0.8820495757777408,0.11795042422225921,0.09791666666666667,1.0,1.0,0.09749012444830465,13
oracle_decision_value,1.0,12000,1.0,0.115,0.885,0.135,0.11203873768575723,0.8820495757777408,0.11795042422225921,0.09791666666666667,1.0,1.0,0.09749012444830465,13
learned_value,1.0,12000,1.0,0.115,0.885,0.135,0.11203873768575723,0.8820495757777408,0.11795042422225921,0.09791666666666667,1.0,1.0,0.09749012444830465,13
random,0.0,0,0.0,0.20908333333333334,0.7909166666666667,0.20908333333333334,0.2119520604170087,0.7938737519038754,0.20612624809612456,0.0,0.0,0.0,0.0,14
uncertainty,0.0,0,0.0,0.20908333333333334,0.7909166666666667,0.20908333333333334,0.2119520604170087,0.7938737519038754,0.20612624809612456,0.0,0.0,0.0,0.0,14
oracle_decision_value,0.0,0,0.0,0.20908333333333334,0.7909166666666667,0.20908333333333334,0.2119520604170087,0.7938737519038754,0.20612624809612456,0.0,0.0,0.0,0.0,14
learned_value,0.0,0,0.0,0.20908333333333334,0.7909166666666667,0.20908333333333334,0.2119520604170087,0.7938737519038754,0.20612624809612456,0.0,0.0,0.0,0.0,14
random,0.05,600,0.05,0.20475,0.79525,0.20575,0.20801182071909374,0.7986122863428669,0.20138771365713315,0.004333333333333356,0.051065939514129896,0.04891578416540595,0.00490002904850128,14
uncertainty,0.05,600,0.05,0.19883333333333333,0.8011666666666667,0.19983333333333334,0.20259399113446067,0.8050431545100694,0.19495684548993064,0.010250000000000009,0.049248058172202944,0.05076483442595394,0.011448609031195356,14
oracle_decision_value,0.05,600,0.05,0.189,0.8109999999999999,0.19,0.19175833196519454,0.8138432898967677,0.18615671010323231,0.020083333333333342,0.0991571641051066,0.0,0.022233176784302488,14
learned_value,0.05,600,0.05,0.1875,0.8125,0.1885,0.18404202922344443,0.8089355220849551,0.19106447791504488,0.021583333333333343,0.0991571641051066,0.0,0.02123919929167367,14
random,0.1,1200,0.1,0.20041666666666666,0.7995833333333333,0.20241666666666666,0.20341487440485964,0.8026738872905737,0.19732611270942635,0.008666666666666684,0.09948768798545694,0.10052109598251807,0.009439339489796634,14
uncertainty,0.1,1200,0.1,0.18875,0.81125,0.19075,0.19142997865703498,0.8140125232695887,0.18598747673041127,0.020333333333333342,0.10213187902825979,0.0978315683308119,0.022849402655268806,14
oracle_decision_value,0.1,1200,0.1,0.16975,0.8302499999999999,0.17175,0.17172878016746018,0.8322897275342698,0.16771027246573023,0.03933333333333333,0.1983143282102132,0.0,0.04125785245631897,14
learned_value,0.1,1200,0.1,0.17,0.83,0.17200000000000001,0.17747496306025284,0.8377051954645456,0.16229480453545442,0.03908333333333333,0.1983143282102132,0.0,0.03902004930930299,14
random,0.2,2400,0.2,0.19008333333333333,0.8099166666666666,0.19408333333333333,0.19372845181415202,0.8136740565239465,0.18632594347605347,0.019000000000000017,0.20079325731284084,0.19919314170448815,0.019876199402364618,14
uncertainty,0.2,2400,0.2,0.1685,0.8315,0.17250000000000001,0.17074372024298146,0.8338128278896598,0.16618717211034018,0.04058333333333333,0.20740373491984795,0.19246932257522273,0.0428506316922262,14
oracle_decision_value,0.2,2400,0.2,0.14075,0.8592500000000001,0.14475,0.1406993925463799,0.8591978338128279,0.14080216618717212,0.06833333333333336,0.3966286564204264,0.0,0.06996121477142053,14
learned_value,0.2,2400,0.2,0.14141666666666666,0.8585833333333334,0.14541666666666667,0.14020686258414053,0.8573362667117955,0.14266373328820448,0.06766666666666668,0.3966286564204264,0.0,0.0687588022700226,14
random,0.25,3000,0.25,0.18433333333333332,0.8156666666666667,0.18933333333333333,0.18699720899688063,0.8184125909629378,0.18158740903706216,0.024750000000000022,0.25483391175012393,0.24508320726172467,0.0255633248922612,14
uncertainty,0.25,3000,0.25,0.16066666666666668,0.8393333333333333,0.16566666666666668,0.16401247742571007,0.8427821966491792,0.1572178033508208,0.04841666666666666,0.25698231697240126,0.2428979660447134,0.051017269573692944,14
oracle_decision_value,0.25,3000,0.25,0.12941666666666668,0.8705833333333333,0.13441666666666668,0.12822196683631587,0.8693518361820951,0.1306481638179049,0.07966666666666666,0.495785820525533,0.0,0.08008645663368197,14
learned_value,0.25,3000,0.25,0.13125,0.86875,0.13625,0.1277294368740765,0.8651210018615672,0.13487899813843285,0.07783333333333334,0.495785820525533,0.0,0.07817790551233562,14
random,0.3,3600,0.3,0.17916666666666667,0.8208333333333333,0.18516666666666667,0.18075849614184863,0.8224741919106447,0.17752580808935525,0.029916666666666675,0.30556932738390347,0.2943351823835939,0.030876152348218815,14
uncertainty,0.3,3600,0.3,0.15233333333333332,0.8476666666666667,0.15833333333333333,0.15416187818092267,0.849551531562024,0.150448468437976,0.05675000000000002,0.3072219467856553,0.2926542276012775,0.05854751760718955,14
oracle_decision_value,0.3,3600,0.3,0.12175,0.87825,0.12775,0.12099819405680512,0.8774750380775089,0.12252496192249107,0.08733333333333335,0.5949429846306395,0.0,0.08788867232919946,14
learned_value,0.3,3600,0.3,0.12241666666666666,0.8775833333333334,0.12841666666666665,0.11787883762928912,0.8729057370113387,0.12709426298866133,0.08666666666666668,0.5949429846306395,0.0,0.08725466535143638,14
random,0.4,4800,0.4,0.16941666666666666,0.8305833333333333,0.17741666666666667,0.17189295682154,0.8331358943983753,0.16686410560162468,0.03966666666666668,0.4067096347711122,0.3931753235837956,0.040777685944399004,14
uncertainty,0.4,4800,0.4,0.13966666666666666,0.8603333333333334,0.14766666666666667,0.1392218026596618,0.8598747673041124,0.1401252326958876,0.06941666666666668,0.4060485870104115,0.39384770549672216,0.07103357145256338,14
oracle_decision_value,0.4,4800,0.4,0.11333333333333333,0.8866666666666667,0.12133333333333332,0.11262518469873584,0.885936706718565,0.11406329328143505,0.09575000000000002,0.7932573128408528,0.0,0.097283613210273,14
learned_value,0.4,4800,0.4,0.11416666666666667,0.8858333333333334,0.12216666666666667,0.11410277458545395,0.8857674733457438,0.1142325266542562,0.09491666666666668,0.7932573128408528,0.0,0.09669157566501754,14
random,0.5,6000,0.5,0.15875,0.84125,0.16875,0.15957970776555574,0.8421052631578947,0.1578947368421053,0.05033333333333334,0.5065278466369195,0.4933602286098504,0.05068745747415707,14
uncertainty,0.5,6000,0.5,0.12816666666666668,0.8718333333333333,0.1381666666666667,0.1262518469873584,0.8698595363005585,0.13014046369944154,0.08091666666666666,0.5091720376797224,0.49067070095814425,0.08127516733982279,14
oracle_decision_value,0.5,6000,0.5,0.11075,0.88925,0.12075,0.11032671154161879,0.8888136740565239,0.1111863259434761,0.09833333333333334,0.991571641051066,0.0,0.10039148562072295,14
learned_value,0.5,6000,0.5,0.11075,0.88925,0.12075,0.110162534887539,0.8886444406837029,0.11135555931629715,0.09833333333333334,0.9836390679226574,0.008068582955118508,0.10019981270051523,14
random,0.6,7200,0.6,0.149,0.851,0.161,0.14989328517484812,0.8519207987815197,0.14807920121848028,0.06008333333333335,0.6023797719385225,0.5975794251134644,0.060362485962431205,14
uncertainty,0.6,7200,0.6,0.12108333333333333,0.8789166666666667,0.13308333333333333,0.12050566409456576,0.8783212049416145,0.12167879505838552,0.08800000000000001,0.6076681540241282,0.5922003698100521,0.08872342117926071,14
oracle_decision_value,0.6,7200,0.6,0.11066666666666666,0.8893333333333333,0.12266666666666666,0.110162534887539,0.8888136740565239,0.1111863259434761,0.09841666666666668,1.0,0.19314170448814927,0.10040344726998995,14
learned_value,0.6,7200,0.6,0.11066666666666666,0.8893333333333333,0.12266666666666666,0.110162534887539,0.8888136740565239,0.1111863259434761,0.09841666666666668,0.9983473805982482,0.19482265927046563,0.10038300797532998,14
random,0.75,9000,0.75,0.13458333333333333,0.8654166666666667,0.14958333333333335,0.13528156296174684,0.8661364020984939,0.13386359790150615,0.07450000000000001,0.7473144934721534,0.752731551521264,0.07467947244040732,14
uncertainty,0.75,9000,0.75,0.11433333333333333,0.8856666666666667,0.12933333333333333,0.11278936135281563,0.8840751396175326,0.11592486038246741,0.09475000000000001,0.7565691621219633,0.7433182047402925,0.09609096204402393,14
oracle_decision_value,0.75,9000,0.75,0.11066666666666666,0.8893333333333333,0.12566666666666665,0.110162534887539,0.8888136740565239,0.1111863259434761,0.09841666666666668,1.0,0.4957135653050933,0.10040344726998995,14
learned_value,0.75,9000,0.75,0.11066666666666666,0.8893333333333333,0.12566666666666665,0.110162534887539,0.8888136740565239,0.1111863259434761,0.09841666666666668,0.9983473805982482,0.49739452008740964,0.10038300797532998,14
random,1.0,12000,1.0,0.11066666666666666,0.8893333333333333,0.13066666666666665,0.110162534887539,0.8888136740565239,0.1111863259434761,0.09841666666666668,1.0,1.0,0.10040344726998995,14
uncertainty,1.0,12000,1.0,0.11066666666666666,0.8893333333333333,0.13066666666666665,0.110162534887539,0.8888136740565239,0.1111863259434761,0.09841666666666668,1.0,1.0,0.10040344726998995,14
oracle_decision_value,1.0,12000,1.0,0.11066666666666666,0.8893333333333333,0.13066666666666665,0.110162534887539,0.8888136740565239,0.1111863259434761,0.09841666666666668,1.0,1.0,0.10040344726998995,14
learned_value,1.0,12000,1.0,0.11066666666666666,0.8893333333333333,0.13066666666666665,0.110162534887539,0.8888136740565239,0.1111863259434761,0.09841666666666668,1.0,1.0,0.10040344726998995,14
random,0.0,0,0.0,0.21575,0.78425,0.21575,0.21479515674241167,0.783285881761849,0.216714118238151,0.0,0.0,0.0,0.0,15
uncertainty,0.0,0,0.0,0.21575,0.78425,0.21575,0.21479515674241167,0.783285881761849,0.216714118238151,0.0,0.0,0.0,0.0,15
oracle_decision_value,0.0,0,0.0,0.21575,0.78425,0.21575,0.21479515674241167,0.783285881761849,0.216714118238151,0.0,0.0,0.0,0.0,15
learned_value,0.0,0,0.0,0.21575,0.78425,0.21575,0.21479515674241167,0.783285881761849,0.216714118238151,0.0,0.0,0.0,0.0,15
random,0.05,600,0.05,0.21083333333333334,0.7891666666666667,0.21183333333333335,0.2098192071653674,0.7881426896667225,0.21185731033327748,0.0049166666666666525,0.0486322188449848,0.05133267522211254,0.004769253506533469,15
uncertainty,0.05,600,0.05,0.20425,0.79575,0.20525,0.20301874274340687,0.7945067827834533,0.20549321721654668,0.01150000000000001,0.047787909490037146,0.05215531424810793,0.010862540017799863,15
oracle_decision_value,0.05,600,0.05,0.19325,0.80675,0.19425,0.19273511361751533,0.8062301122090102,0.1937698877909898,0.022499999999999992,0.10131712259371833,0.0,0.022112208408374603,15
learned_value,0.05,600,0.05,0.19458333333333333,0.8054166666666667,0.19558333333333333,0.19638414330734782,0.807234969016915,0.19276503098308495,0.021166666666666667,0.10131712259371833,0.0,0.020927058210604883,15
random,0.1,1200,0.1,0.20608333333333334,0.7939166666666666,0.20808333333333334,0.20401393265881573,0.7918271646290403,0.20817283537095965,0.009666666666666657,0.09962850388382304,0.10036196117143797,0.009948732521995471,15
uncertainty,0.1,1200,0.1,0.194,0.806,0.196,0.19323270857521976,0.8052252554011053,0.19477474459889466,0.02174999999999999,0.09743329956095914,0.10250082263902599,0.021327322199069413,15
oracle_decision_value,0.1,1200,0.1,0.1745,0.8255,0.1765,0.17415823519655002,0.825154915424552,0.174845084575448,0.04125000000000001,0.20263424518743667,0.0,0.04086776384099435,15
learned_value,0.1,1200,0.1,0.17566666666666667,0.8243333333333334,0.17766666666666667,0.1736606402388456,0.8223078211354882,0.17769217886451183,0.04008333333333333,0.20263424518743667,0.0,0.039506537732746864,15
random,0.2,2400,0.2,0.19591666666666666,0.8040833333333334,0.19991666666666666,0.19406203350472714,0.8022106849773907,0.19778931502260932,0.01983333333333334,0.20195879770347855,0.1980914774596907,0.019656584444007558,15
uncertainty,0.2,2400,0.2,0.175,0.825,0.179,0.17432410018245148,0.824317534751298,0.175682465248702,0.04075000000000001,0.19858156028368795,0.20138203356367226,0.04017976277530533,15
oracle_decision_value,0.2,2400,0.2,0.14375,0.85625,0.14775,0.14480013269198871,0.8573103332775079,0.14268966672249206,0.07200000000000001,0.40526849037487334,0.0,0.06888461815613019,15
learned_value,0.2,2400,0.2,0.14641666666666667,0.8535833333333334,0.15041666666666667,0.14596118759329904,0.8531234299112377,0.14687657008876231,0.06933333333333333,0.40526849037487334,0.0,0.06643856242140161,15
random,0.25,3000,0.25,0.18966666666666668,0.8103333333333333,0.19466666666666668,0.1889202189417814,0.8095796349020264,0.19042036509797355,0.02608333333333332,0.2541371158392435,0.24596906877262256,0.025139758744601254,15
uncertainty,0.25,3000,0.25,0.16625,0.83375,0.17125,0.16603085088737768,0.8335287221570926,0.16647127784290738,0.04949999999999999,0.24957784532252617,0.2504113195129977,0.04846442386718214,15
oracle_decision_value,0.25,3000,0.25,0.13475,0.86525,0.13975,0.13551169348150605,0.8660190922793501,0.13398090772064986,0.08099999999999999,0.5065856129685917,0.0,0.07849398249290084,15
learned_value,0.25,3000,0.25,0.13741666666666666,0.8625833333333334,0.14241666666666666,0.13567755846740753,0.860827332105175,0.13917266789482496,0.07833333333333334,0.5065856129685917,0.0,0.07635374196726324,15
random,0.3,3600,0.3,0.18508333333333332,0.8149166666666667,0.19108333333333333,0.18411013435063858,0.8139340144029475,0.18606598559705245,0.030666666666666675,0.30361364403917596,0.2964791049687397,0.029686485981833887,15
uncertainty,0.3,3600,0.3,0.15766666666666668,0.8423333333333334,0.16366666666666668,0.15773760159230388,0.8424049572935857,0.15759504270641433,0.05808333333333332,0.2988855116514691,0.3010858835143139,0.0556985983518076,15
oracle_decision_value,0.3,3600,0.3,0.12825,0.87175,0.13425,0.1295405539890529,0.8730530899346843,0.12694691006531567,0.0875,0.60790273556231,0.0,0.08560620307604042,15
learned_value,0.3,3600,0.3,0.1285,0.8714999999999999,0.1345,0.12970641897495438,0.8727181376653826,0.12728186233461736,0.08725,0.60790273556231,0.0,0.08465104170894834,15
random,0.4,4800,0.4,0.17483333333333334,0.8251666666666666,0.18283333333333335,0.17415823519655002,0.8244850108859487,0.17551498911405128,0.04091666666666666,0.40746369469773724,0.39272787101020074,0.039500831265031164,15
uncertainty,0.4,4800,0.4,0.14475,0.8552500000000001,0.15275,0.14596118759329904,0.8564729526042539,0.14352704739574607,0.07100000000000001,0.39750084430935495,0.4024350115169464,0.06802781093272853,15
oracle_decision_value,0.4,4800,0.4,0.11908333333333333,0.8809166666666667,0.12708333333333333,0.121910764637585,0.8837715625523362,0.11622843744766376,0.09666666666666666,0.8105369807497467,0.0,0.09386609871608664,15
learned_value,0.4,4800,0.4,0.11983333333333333,0.8801666666666667,0.12783333333333333,0.12174489965168353,0.8820968012058281,0.11790319879417188,0.09591666666666666,0.8105369807497467,0.0,0.09329545506192224,15
random,0.5,6000,0.5,0.16558333333333333,0.8344166666666667,0.17558333333333334,0.1652015259578703,0.834031150561045,0.16596884943895496,0.050166666666666665,0.5070921985815603,0.4930898321816387,0.04863954799474128,15
uncertainty,0.5,6000,0.5,0.13566666666666666,0.8643333333333334,0.14566666666666667,0.13683861336871786,0.8655166638753977,0.13448333612460228,0.08008333333333334,0.49206349206349204,0.5077328068443567,0.07727413691432704,15
oracle_decision_value,0.5,6000,0.5,0.11691666666666667,0.8830833333333333,0.12691666666666668,0.11925692486316139,0.8854463238988444,0.11455367610115563,0.09883333333333333,1.0,0.012833168805528134,0.09618906139529652,15
learned_value,0.5,6000,0.5,0.117,0.883,0.127,0.11942278984906286,0.8854463238988444,0.11455367610115563,0.09874999999999999,0.9869976359338062,0.02550180980585719,0.09607792648749337,15
random,0.6,7200,0.6,0.15608333333333332,0.8439166666666666,0.16808333333333333,0.1560789517332891,0.8439122425054429,0.15608775749455706,0.05966666666666667,0.6111111111111112,0.5891740704179006,0.05862080233979036,15
uncertainty,0.6,7200,0.6,0.12908333333333333,0.8709166666666667,0.14108333333333334,0.13003814894675733,0.8718807569921286,0.12811924300787136,0.08666666666666667,0.5925363053022628,0.6072721289897993,0.08467137059384755,15
oracle_decision_value,0.6,7200,0.6,0.11691666666666667,0.8830833333333333,0.12891666666666668,0.11925692486316139,0.8854463238988444,0.11455367610115563,0.09883333333333333,1.0,0.2102665350444225,0.09618906139529652,15
learned_value,0.6,7200,0.6,0.11691666666666667,0.8830833333333333,0.12891666666666668,0.11925692486316139,0.8854463238988444,0.11455367610115563,0.09883333333333333,1.0,0.2102665350444225,0.09618906139529652,15
random,0.75,9000,0.75,0.14141666666666666,0.8585833333333334,0.15641666666666665,0.14164869795986068,0.8588176184893652,0.14118238151063478,0.07433333333333333,0.7603850050658562,0.7398815399802566,0.07305989771434311,15
uncertainty,0.75,9000,0.75,0.12125,0.87875,0.13624999999999998,0.12340354951069829,0.8809244682632725,0.11907553173672747,0.0945,0.7426545086119554,0.7571569595261599,0.09185088518702705,15
oracle_decision_value,0.75,9000,0.75,0.11691666666666667,0.8830833333333333,0.13191666666666668,0.11925692486316139,0.8854463238988444,0.11455367610115563,0.09883333333333333,1.0,0.506416584402764,0.09618906139529652,15
learned_value,0.75,9000,0.75,0.11691666666666667,0.8830833333333333,0.13191666666666668,0.11925692486316139,0.8854463238988444,0.11455367610115563,0.09883333333333333,1.0,0.506416584402764,0.09618906139529652,15
random,1.0,12000,1.0,0.11691666666666667,0.8830833333333333,0.13691666666666666,0.11925692486316139,0.8854463238988444,0.11455367610115563,0.09883333333333333,1.0,1.0,0.09618906139529652,15
uncertainty,1.0,12000,1.0,0.11691666666666667,0.8830833333333333,0.13691666666666666,0.11925692486316139,0.8854463238988444,0.11455367610115563,0.09883333333333333,1.0,1.0,0.09618906139529652,15
oracle_decision_value,1.0,12000,1.0,0.11691666666666667,0.8830833333333333,0.13691666666666666,0.11925692486316139,0.8854463238988444,0.11455367610115563,0.09883333333333333,1.0,1.0,0.09618906139529652,15
learned_value,1.0,12000,1.0,0.11691666666666667,0.8830833333333333,0.13691666666666666,0.11925692486316139,0.8854463238988444,0.11455367610115563,0.09883333333333333,1.0,1.0,0.09618906139529652,15
random,0.0,0,0.0,0.20716666666666667,0.7928333333333333,0.20716666666666667,0.21233333333333335,0.798,0.20199999999999996,0.0,0.0,0.0,0.0,16
uncertainty,0.0,0,0.0,0.20716666666666667,0.7928333333333333,0.20716666666666667,0.21233333333333335,0.798,0.20199999999999996,0.0,0.0,0.0,0.0,16
oracle_decision_value,0.0,0,0.0,0.20716666666666667,0.7928333333333333,0.20716666666666667,0.21233333333333335,0.798,0.20199999999999996,0.0,0.0,0.0,0.0,16
learned_value,0.0,0,0.0,0.20716666666666667,0.7928333333333333,0.20716666666666667,0.21233333333333335,0.798,0.20199999999999996,0.0,0.0,0.0,0.0,16
random,0.05,600,0.05,0.20258333333333334,0.7974166666666667,0.20358333333333334,0.2065,0.8013333333333333,0.19866666666666666,0.004583333333333328,0.050620347394540945,0.04937027707808564,0.00493876949118604,16
uncertainty,0.05,600,0.05,0.19575,0.80425,0.19675,0.20133333333333334,0.8098333333333333,0.1901666666666667,0.011416666666666658,0.05128205128205128,0.04869857262804366,0.011887723387525253,16
oracle_decision_value,0.05,600,0.05,0.18625,0.81375,0.18725,0.194,0.8215,0.1785,0.020916666666666667,0.09925558312655088,0.0,0.02218922853377245,16
learned_value,0.05,600,0.05,0.18791666666666668,0.8120833333333333,0.18891666666666668,0.19416666666666665,0.8183333333333334,0.18166666666666664,0.01924999999999999,0.09925558312655088,0.0,0.02106944373527624,16
random,0.1,1200,0.1,0.19841666666666666,0.8015833333333333,0.20041666666666666,0.20266666666666666,0.8058333333333333,0.1941666666666667,0.008750000000000008,0.10140612076095946,0.09857262804366079,0.010155268142504037,16
uncertainty,0.1,1200,0.1,0.18616666666666667,0.8138333333333333,0.18816666666666668,0.194,0.8216666666666667,0.17833333333333334,0.02099999999999999,0.09958643507030604,0.10041981528127623,0.022257433645366965,16
oracle_decision_value,0.1,1200,0.1,0.16941666666666666,0.8305833333333333,0.17141666666666666,0.17833333333333334,0.8395,0.16049999999999998,0.037750000000000006,0.19851116625310175,0.0,0.0410321548127847,16
learned_value,0.1,1200,0.1,0.17066666666666666,0.8293333333333334,0.17266666666666666,0.17416666666666666,0.8328333333333333,0.16716666666666669,0.036500000000000005,0.19851116625310175,0.0,0.03882189579530922,16
random,0.2,2400,0.2,0.18658333333333332,0.8134166666666667,0.19058333333333333,0.19083333333333333,0.8176666666666667,0.18233333333333335,0.020583333333333342,0.20578990901571548,0.19412258606213267,0.02128644473078735,16
uncertainty,0.2,2400,0.2,0.16891666666666666,0.8310833333333334,0.17291666666666666,0.17833333333333334,0.8405,0.15949999999999998,0.038250000000000006,0.2031430934656741,0.19680940386230059,0.04183419239630894,16
oracle_decision_value,0.2,2400,0.2,0.14008333333333334,0.8599166666666667,0.14408333333333334,0.147,0.8668333333333333,0.13316666666666666,0.06708333333333333,0.3970223325062035,0.0,0.06954178624367126,16
learned_value,0.2,2400,0.2,0.143,0.857,0.147,0.14633333333333334,0.8603333333333333,0.13966666666666672,0.06416666666666668,0.3970223325062035,0.0,0.06780280446826412,16
random,0.25,3000,0.25,0.18091666666666667,0.8190833333333334,0.18591666666666667,0.185,0.8231666666666667,0.1768333333333333,0.026249999999999996,0.256575682382134,0.2433249370277078,0.02637854429040047,16
uncertainty,0.25,3000,0.25,0.16025,0.83975,0.16525,0.169,0.8485,0.15149999999999997,0.04691666666666666,0.254590570719603,0.24534005037783374,0.05031444446698822,16
oracle_decision_value,0.25,3000,0.25,0.13116666666666665,0.8688333333333333,0.13616666666666666,0.13716666666666666,0.8748333333333334,0.12516666666666665,0.07600000000000001,0.49627791563275436,0.0,0.07959351318525296,16
learned_value,0.25,3000,0.25,0.13216666666666665,0.8678333333333333,0.13716666666666666,0.13716666666666666,0.8728333333333333,0.12716666666666665,0.07500000000000001,0.49627791563275436,0.0,0.07878706293229533,16
random,0.3,3600,0.3,0.1755,0.8245,0.1815,0.17983333333333335,0.8288333333333333,0.1711666666666667,0.031666666666666676,0.30918114143920594,0.2906801007556675,0.03197968142850681,16
uncertainty,0.3,3600,0.3,0.15241666666666667,0.8475833333333334,0.15841666666666668,0.1605,0.8556666666666667,0.1443333333333333,0.05474999999999999,0.3037220843672457,0.29622166246851384,0.05762811972864977,16
oracle_decision_value,0.3,3600,0.3,0.12466666666666666,0.8753333333333333,0.13066666666666665,0.13116666666666665,0.8818333333333334,0.11816666666666664,0.0825,0.5955334987593052,0.0,0.08733771629050459,16
learned_value,0.3,3600,0.3,0.12425,0.87575,0.13025,0.12733333333333333,0.8788333333333334,0.12116666666666664,0.08291666666666667,0.5955334987593052,0.0,0.08674664041232419,16
random,0.4,4800,0.4,0.16533333333333333,0.8346666666666667,0.17333333333333334,0.17016666666666666,0.8395,0.16049999999999998,0.041833333333333333,0.40711331679073615,0.3927791771620487,0.04142779044072785,16
uncertainty,0.4,4800,0.4,0.13941666666666666,0.8605833333333334,0.14741666666666667,0.14616666666666667,0.8673333333333333,0.1326666666666667,0.06775,0.40049627791563275,0.3994962216624685,0.0699364040311679,16
oracle_decision_value,0.4,4800,0.4,0.11425,0.88575,0.12225,0.11966666666666667,0.8911666666666667,0.10883333333333334,0.09291666666666666,0.794044665012407,0.0,0.09677725701092818,16
learned_value,0.4,4800,0.4,0.11516666666666667,0.8848333333333334,0.12316666666666667,0.11916666666666667,0.8888333333333334,0.11116666666666664,0.092,0.794044665012407,0.0,0.09621481090774055,16
random,0.5,6000,0.5,0.15641666666666668,0.8435833333333334,0.16641666666666668,0.1605,0.8476666666666667,0.15233333333333332,0.05074999999999999,0.5037220843672456,0.49622166246851385,0.051015663184241306,16
uncertainty,0.5,6000,0.5,0.13075,0.86925,0.14075000000000001,0.13683333333333333,0.8753333333333333,0.1246666666666667,0.07641666666666666,0.5020678246484698,0.4979009235936188,0.08010762886376405,16
oracle_decision_value,0.5,6000,0.5,0.11125,0.88875,0.12125,0.11783333333333333,0.8953333333333333,0.10466666666666669,0.09591666666666666,0.9925558312655087,0.0,0.09986956428217887,16
learned_value,0.5,6000,0.5,0.11183333333333334,0.8881666666666667,0.12183333333333334,0.11783333333333333,0.8941666666666667,0.10583333333333333,0.09533333333333333,0.9488833746898263,0.04433249370277078,0.09948970891262143,16
random,0.6,7200,0.6,0.14708333333333334,0.8529166666666667,0.15908333333333335,0.1505,0.8563333333333333,0.14366666666666672,0.06008333333333332,0.6036393713813069,0.5963056255247691,0.0612500977521535,16
uncertainty,0.6,7200,0.6,0.1245,0.8755,0.1365,0.131,0.882,0.118,0.08266666666666667,0.5976840363937138,0.6023509655751469,0.08747941941557637,16
oracle_decision_value,0.6,7200,0.6,0.11116666666666666,0.8888333333333334,0.12316666666666666,0.11766666666666667,0.8953333333333333,0.10466666666666669,0.096,1.0,0.19395465994962216,0.09987937682990781,16
learned_value,0.6,7200,0.6,0.11183333333333334,0.8881666666666667,0.12383333333333334,0.11783333333333333,0.8941666666666667,0.10583333333333333,0.09533333333333333,0.9488833746898263,0.24584382871536523,0.09948970891262143,16
random,0.75,9000,0.75,0.13241666666666665,0.8675833333333334,0.14741666666666664,0.13516666666666666,0.8703333333333333,0.1296666666666667,0.07475000000000001,0.7500413564929694,0.7499580184718724,0.07571972346778094,16
uncertainty,0.75,9000,0.75,0.116,0.884,0.131,0.12116666666666667,0.8891666666666667,0.11083333333333334,0.09116666666666666,0.7525227460711331,0.747439126784215,0.09537364319866116,16
oracle_decision_value,0.75,9000,0.75,0.11116666666666666,0.8888333333333334,0.12616666666666665,0.11766666666666667,0.8953333333333333,0.10466666666666669,0.096,1.0,0.49622166246851385,0.09987937682990781,16
learned_value,0.75,9000,0.75,0.11183333333333334,0.8881666666666667,0.12683333333333335,0.11783333333333333,0.8941666666666667,0.10583333333333333,0.09533333333333333,0.9488833746898263,0.548110831234257,0.09948970891262143,16
random,1.0,12000,1.0,0.11116666666666666,0.8888333333333334,0.13116666666666665,0.11766666666666667,0.8953333333333333,0.10466666666666669,0.096,1.0,1.0,0.09987937682990781,16
uncertainty,1.0,12000,1.0,0.11116666666666666,0.8888333333333334,0.13116666666666665,0.11766666666666667,0.8953333333333333,0.10466666666666669,0.096,1.0,1.0,0.09987937682990781,16
oracle_decision_value,1.0,12000,1.0,0.11116666666666666,0.8888333333333334,0.13116666666666665,0.11766666666666667,0.8953333333333333,0.10466666666666669,0.096,1.0,1.0,0.09987937682990781,16
learned_value,1.0,12000,1.0,0.11116666666666666,0.8888333333333334,0.13116666666666665,0.11766666666666667,0.8953333333333333,0.10466666666666669,0.096,1.0,1.0,0.09987937682990781,16
random,0.0,0,0.0,0.19616666666666666,0.8038333333333334,0.19616666666666666,0.1996001332889037,0.8072690896965655,0.19273091030343448,0.0,0.0,0.0,0.0,17
uncertainty,0.0,0,0.0,0.19616666666666666,0.8038333333333334,0.19616666666666666,0.1996001332889037,0.8072690896965655,0.19273091030343448,0.0,0.0,0.0,0.0,17
oracle_decision_value,0.0,0,0.0,0.19616666666666666,0.8038333333333334,0.19616666666666666,0.1996001332889037,0.8072690896965655,0.19273091030343448,0.0,0.0,0.0,0.0,17
learned_value,0.0,0,0.0,0.19616666666666666,0.8038333333333334,0.19616666666666666,0.1996001332889037,0.8072690896965655,0.19273091030343448,0.0,0.0,0.0,0.0,17
random,0.05,600,0.05,0.19191666666666668,0.8080833333333333,0.19291666666666668,0.19610129956681105,0.812270756918973,0.187729243081027,0.004249999999999976,0.05011577902745617,0.04988243197850185,0.004770154979389025,17
uncertainty,0.05,600,0.05,0.18625,0.81375,0.18725,0.1882705764745085,0.8157719239746583,0.18422807602534175,0.009916666666666657,0.04961958319550116,0.05038629492777964,0.011495532460043454,17
oracle_decision_value,0.05,600,0.05,0.17575,0.82425,0.17675,0.17794068643785405,0.8264421473824608,0.1735578526175392,0.020416666666666666,0.09923916639100232,0.0,0.022075066539547737,17
learned_value,0.05,600,0.05,0.17625,0.82375,0.17725,0.17827390869710097,0.8257752584194732,0.1742247415805268,0.019916666666666666,0.09923916639100232,0.0,0.021161159001102676,17
random,0.1,1200,0.1,0.18741666666666668,0.8125833333333333,0.18941666666666668,0.19243585471509497,0.8176058686228743,0.18239413137712568,0.00874999999999998,0.09956996361230566,0.10043668122270742,0.009666507081990208,17
uncertainty,0.1,1200,0.1,0.17558333333333334,0.8244166666666667,0.17758333333333334,0.17777407530823058,0.8266088696232078,0.1733911303767922,0.020583333333333315,0.10072775388686735,0.0992610010077259,0.022378824105220796,17
oracle_decision_value,0.1,1200,0.1,0.15825,0.84175,0.16025,0.1602799066977674,0.84378126042014,0.15621873957986,0.037916666666666654,0.19847833278200464,0.0,0.04078355400594343,17
learned_value,0.1,1200,0.1,0.15966666666666668,0.8403333333333334,0.16166666666666668,0.1616127957347551,0.8422807602534178,0.1577192397465822,0.03649999999999998,0.19847833278200464,0.0,0.03903223793774565,17
random,0.2,2400,0.2,0.17733333333333334,0.8226666666666667,0.18133333333333335,0.18227257580806397,0.8276092030676893,0.17239079693231074,0.018833333333333313,0.2024478994376447,0.1975142761168962,0.02009735662538884,17
uncertainty,0.2,2400,0.2,0.15758333333333333,0.8424166666666667,0.16158333333333333,0.15961346217927358,0.8444481493831277,0.15555185061687227,0.03858333333333333,0.2026132980482964,0.19734632180047026,0.04149430780478409,17
oracle_decision_value,0.2,2400,0.2,0.13225,0.86775,0.13625,0.13312229256914362,0.8686228742914305,0.13137712570856952,0.06391666666666665,0.39695666556400927,0.0,0.06911275772246553,17
learned_value,0.2,2400,0.2,0.13516666666666666,0.8648333333333333,0.13916666666666666,0.13778740419860047,0.867455818606202,0.13254418139379798,0.061,0.39695666556400927,0.0,0.06532750338646977,17
random,0.25,3000,0.25,0.17283333333333334,0.8271666666666666,0.17783333333333334,0.1769410196601133,0.8312770923641214,0.1687229076358786,0.023333333333333317,0.25239827985444924,0.24756466241182398,0.02481460675264854,17
uncertainty,0.25,3000,0.25,0.15016666666666667,0.8498333333333333,0.15516666666666667,0.151782739086971,0.8514504834944981,0.14854951650550186,0.045999999999999985,0.25272907707575254,0.24722875377897213,0.049700367313460676,17
oracle_decision_value,0.25,3000,0.25,0.12241666666666666,0.8775833333333334,0.12741666666666665,0.12245918027324225,0.877625875291764,0.12237412470823605,0.07375,0.4961958319550116,0.0,0.07897516996653758,17
learned_value,0.25,3000,0.25,0.12483333333333334,0.8751666666666666,0.12983333333333333,0.12395868043985338,0.8742914304768256,0.12570856952317444,0.07133333333333332,0.4961958319550116,0.0,0.07669270416102816,17
random,0.3,3600,0.3,0.16791666666666666,0.8320833333333333,0.17391666666666666,0.1704431856047984,0.8346115371790597,0.16538846282094033,0.028249999999999997,0.3028448561032087,0.297111185757474,0.029600910831472284,17
uncertainty,0.3,3600,0.3,0.14391666666666666,0.8560833333333333,0.14991666666666667,0.14478507164278573,0.8569523174391463,0.14304768256085365,0.05224999999999999,0.3025140588819054,0.29744709439032585,0.057104031517674306,17
oracle_decision_value,0.3,3600,0.3,0.11558333333333333,0.8844166666666666,0.12158333333333333,0.11596134621792736,0.8847949316438813,0.11520506835611866,0.08058333333333333,0.5954349983460139,0.0,0.086419819218492,17
learned_value,0.3,3600,0.3,0.11733333333333333,0.8826666666666667,0.12333333333333334,0.11896034655114962,0.8842947649216405,0.1157052350783595,0.07883333333333332,0.5954349983460139,0.0,0.08553447526537006,17
random,0.4,4800,0.4,0.15858333333333333,0.8414166666666667,0.16658333333333333,0.16061312895701432,0.8434478159386463,0.15655218406135374,0.03758333333333333,0.4052265960965928,0.39469264360094053,0.039554623720340736,17
uncertainty,0.4,4800,0.4,0.13258333333333333,0.8674166666666667,0.14058333333333334,0.13362212595801398,0.8684561520506836,0.1315438479493164,0.06358333333333333,0.3956334766787959,0.4044339939536446,0.06896364230059601,17
oracle_decision_value,0.4,4800,0.4,0.10858333333333334,0.8914166666666666,0.11658333333333334,0.10896367877374209,0.8917972657552518,0.10820273424474824,0.08758333333333332,0.7939133311280185,0.0,0.09541884871392144,17
learned_value,0.4,4800,0.4,0.10933333333333334,0.8906666666666667,0.11733333333333335,0.10979673442185937,0.891130376792264,0.10886962320773597,0.08683333333333332,0.7939133311280185,0.0,0.09482925910548393,17
random,0.5,6000,0.5,0.14983333333333335,0.8501666666666666,0.15983333333333336,0.15078307230923024,0.8511170390130043,0.14888296098699572,0.04633333333333331,0.5061197485941118,0.4937856902922405,0.05003345767277894,17
uncertainty,0.5,6000,0.5,0.12233333333333334,0.8776666666666667,0.13233333333333333,0.12229256914361879,0.877625875291764,0.12237412470823605,0.07383333333333332,0.49702282500826994,0.5030231776956667,0.07904670228099174,17
oracle_decision_value,0.5,6000,0.5,0.10583333333333333,0.8941666666666667,0.11583333333333333,0.10596467844051982,0.8942980993664554,0.10570190063354457,0.09033333333333332,0.9923916639100232,0.0,0.0983225802475873,17
learned_value,0.5,6000,0.5,0.10583333333333333,0.8941666666666667,0.11583333333333333,0.10579806731089637,0.8941313771257086,0.10586862287429144,0.09033333333333332,0.9760172014555077,0.016627477326167282,0.09822331841115887,17
random,0.6,7200,0.6,0.141,0.859,0.153,0.14061979340219927,0.8586195398466155,0.14138046015338446,0.05516666666666667,0.6048627191531591,0.5950621430970776,0.059851569696888894,17
uncertainty,0.6,7200,0.6,0.11566666666666667,0.8843333333333333,0.12766666666666668,0.11596134621792736,0.8846282094031344,0.11537179059686564,0.08049999999999999,0.5927886205755871,0.6073228081961707,0.08624939271867926,17
oracle_decision_value,0.6,7200,0.6,0.10575,0.89425,0.11775,0.10579806731089637,0.8942980993664554,0.10570190063354457,0.09041666666666666,1.0,0.19381928115552569,0.09833203638805427,17
learned_value,0.6,7200,0.6,0.10575,0.89425,0.11775,0.10579806731089637,0.8942980993664554,0.10570190063354457,0.09041666666666666,1.0,0.19381928115552569,0.09833203638805427,17
random,0.75,9000,0.75,0.12766666666666668,0.8723333333333333,0.14266666666666666,0.12845718093968678,0.8731243747915972,0.1268756252084028,0.06849999999999998,0.7532252729077076,0.7467248908296943,0.07433652355465349,17
uncertainty,0.75,9000,0.75,0.11025,0.88975,0.12525,0.11079640119960013,0.8902967655885295,0.10970323441147045,0.08591666666666666,0.7461131326496857,0.7539469264360094,0.09387164814152292,17
oracle_decision_value,0.75,9000,0.75,0.10575,0.89425,0.12075,0.10579806731089637,0.8942980993664554,0.10570190063354457,0.09041666666666666,1.0,0.49613705072220354,0.09833203638805427,17
learned_value,0.75,9000,0.75,0.10575,0.89425,0.12075,0.10579806731089637,0.8942980993664554,0.10570190063354457,0.09041666666666666,1.0,0.49613705072220354,0.09833203638805427,17
random,1.0,12000,1.0,0.10575,0.89425,0.12575,0.10579806731089637,0.8942980993664554,0.10570190063354457,0.09041666666666666,1.0,1.0,0.09833203638805427,17
uncertainty,1.0,12000,1.0,0.10575,0.89425,0.12575,0.10579806731089637,0.8942980993664554,0.10570190063354457,0.09041666666666666,1.0,1.0,0.09833203638805427,17
oracle_decision_value,1.0,12000,1.0,0.10575,0.89425,0.12575,0.10579806731089637,0.8942980993664554,0.10570190063354457,0.09041666666666666,1.0,1.0,0.09833203638805427,17
learned_value,1.0,12000,1.0,0.10575,0.89425,0.12575,0.10579806731089637,0.8942980993664554,0.10570190063354457,0.09041666666666666,1.0,1.0,0.09833203638805427,17
random,0.0,0,0.0,0.21833333333333332,0.7816666666666667,0.21833333333333332,0.22132498352010546,0.7847269049224544,0.21527309507754555,0.0,0.0,0.0,0.0,18
uncertainty,0.0,0,0.0,0.21833333333333332,0.7816666666666667,0.21833333333333332,0.22132498352010546,0.7847269049224544,0.21527309507754555,0.0,0.0,0.0,0.0,18
oracle_decision_value,0.0,0,0.0,0.21833333333333332,0.7816666666666667,0.21833333333333332,0.22132498352010546,0.7847269049224544,0.21527309507754555,0.0,0.0,0.0,0.0,18
learned_value,0.0,0,0.0,0.21833333333333332,0.7816666666666667,0.21833333333333332,0.22132498352010546,0.7847269049224544,0.21527309507754555,0.0,0.0,0.0,0.0,18
random,0.05,600,0.05,0.213,0.787,0.214,0.21605141727092947,0.7901213755900203,0.20987862440997973,0.005333333333333329,0.049823262077091396,0.05017329592341971,0.004851017103332069,18
uncertainty,0.05,600,0.05,0.20633333333333334,0.7936666666666666,0.20733333333333334,0.2089650626235992,0.7963587322993931,0.20364126770060686,0.011999999999999983,0.04898165292038378,0.05099851460637069,0.011137726804456575,18
oracle_decision_value,0.05,600,0.05,0.19625,0.80375,0.19725,0.19891232696110744,0.8064733648010789,0.1935266351989211,0.022083333333333316,0.100993098804915,0.0,0.022060872271058674,18
learned_value,0.05,600,0.05,0.19608333333333333,0.8039166666666666,0.19708333333333333,0.18787079762689518,0.795515846257586,0.20448415374241402,0.022249999999999992,0.100993098804915,0.0,0.020989407417532215,18
random,0.1,1200,0.1,0.20883333333333334,0.7911666666666667,0.21083333333333334,0.2122610415293342,0.7946729602157788,0.20532703978422118,0.00949999999999998,0.09695337485271839,0.10298729163228255,0.009245975827314928,18
uncertainty,0.1,1200,0.1,0.19641666666666666,0.8035833333333333,0.19841666666666666,0.19891232696110744,0.806136210384356,0.193863789615644,0.021916666666666668,0.10065645514223195,0.09935632942729823,0.0219932172644115,18
oracle_decision_value,0.1,1200,0.1,0.17533333333333334,0.8246666666666667,0.17733333333333334,0.1776532630191167,0.8270397842211733,0.1729602157788267,0.04299999999999998,0.20198619760983,0.0,0.04073547127482785,18
learned_value,0.1,1200,0.1,0.17883333333333334,0.8211666666666666,0.18083333333333335,0.17040210942649966,0.8125421443020904,0.18745785569790963,0.03949999999999998,0.20198619760983,0.0,0.03761172953616611,18
random,0.2,2400,0.2,0.19925,0.80075,0.20325000000000001,0.20187870797626895,0.8034389750505732,0.19656102494942684,0.019083333333333313,0.19912472647702406,0.20085822743026902,0.018833417176078296,18
uncertainty,0.2,2400,0.2,0.17533333333333334,0.8246666666666667,0.17933333333333334,0.1776532630191167,0.8270397842211733,0.1729602157788267,0.04299999999999998,0.20114458845312236,0.19887770259118667,0.040592711417846136,18
oracle_decision_value,0.2,2400,0.2,0.14683333333333334,0.8531666666666666,0.15083333333333335,0.14798945286750165,0.8543492919757248,0.14565070802427516,0.07149999999999998,0.40397239521966,0.0,0.06854853434237597,18
learned_value,0.2,2400,0.2,0.15125,0.84875,0.15525,0.14996704021094265,0.8474376264329063,0.15256237356709368,0.06708333333333333,0.40397239521966,0.0,0.06549511618639273,18
random,0.25,3000,0.25,0.19541666666666666,0.8045833333333333,0.20041666666666666,0.1980883322346737,0.807316250842886,0.19268374915711395,0.02291666666666667,0.25096785053021375,0.24905099851460638,0.023633989343958932,18
uncertainty,0.25,3000,0.25,0.16775,0.8322499999999999,0.17275000000000001,0.16924851680949243,0.8337828725556304,0.16621712744436956,0.050583333333333313,0.24995791954216462,0.2500412609341475,0.048491982969763626,18
oracle_decision_value,0.25,3000,0.25,0.13666666666666666,0.8633333333333333,0.14166666666666666,0.13744232036914963,0.8641267700606878,0.13587322993931217,0.08166666666666667,0.504965494024575,0.0,0.07815529649852086,18
learned_value,0.25,3000,0.25,0.13883333333333334,0.8611666666666666,0.14383333333333334,0.14040870138431114,0.8627781523937964,0.1372218476062036,0.07949999999999999,0.504965494024575,0.0,0.07666009231174023,18
random,0.3,3600,0.3,0.18991666666666668,0.8100833333333333,0.19591666666666668,0.19199077125906394,0.8122049898853675,0.1877950101146325,0.028416666666666646,0.3018010435953543,0.2982340320184849,0.028649807485225484,18
uncertainty,0.3,3600,0.3,0.1615,0.8385,0.1675,0.16348055372445616,0.8405259608900877,0.1594740391099123,0.05683333333333332,0.2977613196431577,0.3021950816966496,0.055476019252609136,18
oracle_decision_value,0.3,3600,0.3,0.12908333333333333,0.8709166666666667,0.13508333333333333,0.12936717205009887,0.8712070128118679,0.12879298718813215,0.08925,0.6059585928294899,0.0,0.08543206800079949,18
learned_value,0.3,3600,0.3,0.131,0.869,0.137,0.13299274884640738,0.8710384356035064,0.12896156439649364,0.08733333333333332,0.6059585928294899,0.0,0.084104908488231,18
random,0.4,4800,0.4,0.17908333333333334,0.8209166666666666,0.18708333333333335,0.18012524719841794,0.8219824679703304,0.17801753202966963,0.03924999999999998,0.40447736071368456,0.3956098366067008,0.03897412271293255,18
uncertainty,0.4,4800,0.4,0.14816666666666667,0.8518333333333333,0.15616666666666668,0.14963744232036916,0.8533378287255563,0.1466621712744437,0.07016666666666665,0.3967345564719744,0.4032018484898498,0.06775972729411969,18
oracle_decision_value,0.4,4800,0.4,0.12025,0.87975,0.12825,0.12079762689518787,0.8803101820633851,0.11968981793661493,0.09808333333333333,0.80794479043932,0.0,0.09402700622280236,18
learned_value,0.4,4800,0.4,0.12125,0.87875,0.12925,0.12129202373104812,0.8787929871881321,0.12120701281186785,0.09708333333333333,0.80794479043932,0.0,0.09342543855002226,18
random,0.5,6000,0.5,0.17033333333333334,0.8296666666666667,0.18033333333333335,0.17023731048121293,0.8295684423465948,0.17043155765340523,0.04799999999999999,0.5007574482410369,0.4992573031853441,0.04788521572836907,18
uncertainty,0.5,6000,0.5,0.13725,0.86275,0.14725000000000002,0.13810151615029664,0.8636210384356036,0.13637896156439644,0.08108333333333331,0.498232620770914,0.501732959234197,0.07758550295038004,18
oracle_decision_value,0.5,6000,0.5,0.11775,0.88225,0.12775,0.11849044166117337,0.8830074173971679,0.11699258260283207,0.10058333333333333,1.0,0.009737580458821588,0.09666936894635167,18
learned_value,0.5,6000,0.5,0.11791666666666667,0.8820833333333333,0.12791666666666668,0.11849044166117337,0.882670262980445,0.11732973701955496,0.10041666666666665,0.9848510351792628,0.024591516751939265,0.09660000748535136,18
random,0.6,7200,0.6,0.16008333333333333,0.8399166666666666,0.17208333333333334,0.1603493737640079,0.8401888064733648,0.1598111935266352,0.058249999999999996,0.6057902709981484,0.5943224954612972,0.05747961691803864,18
uncertainty,0.6,7200,0.6,0.12975,0.87025,0.14175000000000001,0.13019116677653264,0.8707012811867836,0.12929871881321642,0.08858333333333332,0.5968692139370476,0.6030698135005776,0.084873023055998,18
oracle_decision_value,0.6,7200,0.6,0.11775,0.88225,0.12975,0.11849044166117337,0.8830074173971679,0.11699258260283207,0.10058333333333333,1.0,0.20779006436705727,0.09666936894635167,18
learned_value,0.6,7200,0.6,0.11775,0.88225,0.12975,0.11849044166117337,0.8830074173971679,0.11699258260283207,0.10058333333333333,1.0,0.20779006436705727,0.09666936894635167,18
random,0.75,9000,0.75,0.1445,0.8555,0.15949999999999998,0.1448582729070534,0.8558664868509778,0.14413351314902223,0.07383333333333333,0.7564383100488133,0.743687077075425,0.07192660551525648,18
uncertainty,0.75,9000,0.75,0.12191666666666667,0.8780833333333333,0.1369166666666667,0.12228081740276862,0.8784558327714093,0.12154416722859074,0.09641666666666665,0.7503787241205184,0.7496286515926721,0.09227921752579717,18
oracle_decision_value,0.75,9000,0.75,0.11775,0.88225,0.13274999999999998,0.11849044166117337,0.8830074173971679,0.11699258260283207,0.10058333333333333,1.0,0.5048687902294108,0.09666936894635167,18
learned_value,0.75,9000,0.75,0.11775,0.88225,0.13274999999999998,0.11849044166117337,0.8830074173971679,0.11699258260283207,0.10058333333333333,1.0,0.5048687902294108,0.09666936894635167,18
random,1.0,12000,1.0,0.11775,0.88225,0.13774999999999998,0.11849044166117337,0.8830074173971679,0.11699258260283207,0.10058333333333333,1.0,1.0,0.09666936894635167,18
uncertainty,1.0,12000,1.0,0.11775,0.88225,0.13774999999999998,0.11849044166117337,0.8830074173971679,0.11699258260283207,0.10058333333333333,1.0,1.0,0.09666936894635167,18
oracle_decision_value,1.0,12000,1.0,0.11775,0.88225,0.13774999999999998,0.11849044166117337,0.8830074173971679,0.11699258260283207,0.10058333333333333,1.0,1.0,0.09666936894635167,18
learned_value,1.0,12000,1.0,0.11775,0.88225,0.13774999999999998,0.11849044166117337,0.8830074173971679,0.11699258260283207,0.10058333333333333,1.0,1.0,0.09666936894635167,18
random,0.0,0,0.0,0.21283333333333335,0.7871666666666667,0.21283333333333335,0.211065235342692,0.7853658536585366,0.21463414634146338,0.0,0.0,0.0,0.0,19
uncertainty,0.0,0,0.0,0.21283333333333335,0.7871666666666667,0.21283333333333335,0.211065235342692,0.7853658536585366,0.21463414634146338,0.0,0.0,0.0,0.0,19
oracle_decision_value,0.0,0,0.0,0.21283333333333335,0.7871666666666667,0.21283333333333335,0.211065235342692,0.7853658536585366,0.21463414634146338,0.0,0.0,0.0,0.0,19
learned_value,0.0,0,0.0,0.21283333333333335,0.7871666666666667,0.21283333333333335,0.211065235342692,0.7853658536585366,0.21463414634146338,0.0,0.0,0.0,0.0,19
random,0.05,600,0.05,0.20716666666666667,0.7928333333333333,0.20816666666666667,0.20495458298926508,0.7905803195962994,0.20941968040370063,0.005666666666666681,0.05408515535097814,0.04580023660638837,0.005537703017286238,19
uncertainty,0.05,600,0.05,0.20008333333333334,0.7999166666666666,0.20108333333333334,0.1976878612716763,0.7974768713204373,0.20252312867956268,0.012750000000000011,0.05013973368403748,0.04985634612134528,0.011714508576289806,19
oracle_decision_value,0.05,600,0.05,0.1905,0.8095,0.1915,0.18876961189099917,0.8077375946173255,0.19226240538267447,0.022333333333333344,0.09863554167351636,0.0,0.02224634853050069,19
learned_value,0.05,600,0.05,0.19291666666666665,0.8070833333333334,0.19391666666666665,0.18199834847233692,0.7959629941126998,0.20403700588730023,0.019916666666666694,0.09863554167351636,0.0,0.020065803750008868,19
random,0.1,1200,0.1,0.20341666666666666,0.7965833333333333,0.20541666666666666,0.20115606936416186,0.7942809083263247,0.2057190916736753,0.009416666666666684,0.10208778563208942,0.0978536420483353,0.01002194882041597,19
uncertainty,0.1,1200,0.1,0.18991666666666668,0.8100833333333333,0.19191666666666668,0.18810900082576384,0.808242220353238,0.191757779646762,0.02291666666666667,0.10110143021535427,0.09886766942707453,0.022761151504439307,19
oracle_decision_value,0.1,1200,0.1,0.17108333333333334,0.8289166666666666,0.17308333333333334,0.16961189099917423,0.8274179983179142,0.17258200168208582,0.04175000000000001,0.19727108334703272,0.0,0.04111972058339066,19
learned_value,0.1,1200,0.1,0.17425,0.82575,0.17625,0.16779521056977703,0.8191757779646762,0.18082422203532378,0.03858333333333336,0.19727108334703272,0.0,0.03758365253487029,19
random,0.2,2400,0.2,0.19441666666666665,0.8055833333333333,0.19841666666666666,0.19124690338563172,0.8023549201009251,0.19764507989907487,0.018416666666666692,0.20417557126417885,0.1957072840966706,0.020324804205207624,19
uncertainty,0.2,2400,0.2,0.17116666666666666,0.8288333333333333,0.17516666666666666,0.16977704376548308,0.8274179983179142,0.17258200168208582,0.041666666666666685,0.19710669077757687,0.2029744803109684,0.04109097468296732,19
oracle_decision_value,0.2,2400,0.2,0.1445,0.8555,0.1485,0.14368290668868702,0.8546677880571909,0.1453322119428091,0.06833333333333336,0.39454216669406544,0.0,0.06958199954133376,19
learned_value,0.2,2400,0.2,0.14625,0.85375,0.15025,0.14731626754748142,0.8548359966358284,0.14516400336417157,0.06658333333333336,0.39454216669406544,0.0,0.06678399845282472,19
random,0.25,3000,0.25,0.18983333333333333,0.8101666666666667,0.19483333333333333,0.18761354252683732,0.807905803195963,0.19209419680403705,0.02300000000000002,0.2516850238369226,0.24826770322798716,0.025070824313376604,19
uncertainty,0.25,3000,0.25,0.16325,0.83675,0.16825,0.162840627580512,0.8363330529857023,0.16366694701429774,0.04958333333333334,0.24938352786454052,0.25063376711171204,0.049788157178610154,19
oracle_decision_value,0.25,3000,0.25,0.13558333333333333,0.8644166666666666,0.14058333333333334,0.1360858794384806,0.8649285113540791,0.1350714886459209,0.07725000000000001,0.4931777083675818,0.0,0.07950043774500322,19
learned_value,0.25,3000,0.25,0.13575,0.86425,0.14075000000000001,0.13988439306358383,0.8684608915054668,0.1315391084945332,0.07708333333333334,0.4931777083675818,0.0,0.07834179390473395,19
random,0.3,3600,0.3,0.18433333333333332,0.8156666666666667,0.19033333333333333,0.18166804293971925,0.8129520605550883,0.18704793944491171,0.028500000000000025,0.30149597238204834,0.29846205847557883,0.029790198963336706,19
uncertainty,0.3,3600,0.3,0.15575,0.84425,0.16175,0.15557390586292322,0.8440706476030277,0.15592935239697225,0.05708333333333335,0.3000164392569456,0.2999830995436877,0.05744227016450724,19
oracle_decision_value,0.3,3600,0.3,0.12766666666666668,0.8723333333333333,0.13366666666666668,0.12766308835673,0.8723296888141295,0.12767031118587047,0.08516666666666667,0.5918132500410982,0.0,0.08698812679004259,19
learned_value,0.3,3600,0.3,0.12783333333333333,0.8721666666666666,0.13383333333333333,0.1283236994219653,0.8726661059714046,0.1273338940285954,0.08500000000000002,0.5918132500410982,0.0,0.08657750585122373,19
random,0.4,4800,0.4,0.17325,0.82675,0.18125,0.1699421965317919,0.8233809924306139,0.1766190075693861,0.03958333333333336,0.4067072168337991,0.3931046138245733,0.040672927046233556,19
uncertainty,0.4,4800,0.4,0.14433333333333334,0.8556666666666667,0.15233333333333335,0.14368290668868702,0.855004205214466,0.14499579478553404,0.0685,0.39569291468025647,0.40442791955382795,0.06971287537155348,19
oracle_decision_value,0.4,4800,0.4,0.118,0.882,0.126,0.11791907514450867,0.8819175777964676,0.11808242220353238,0.09483333333333335,0.7890843333881309,0.0,0.0961321583673955,19
learned_value,0.4,4800,0.4,0.11983333333333333,0.8801666666666667,0.12783333333333333,0.12023121387283237,0.8805719091673675,0.1194280908326325,0.09300000000000001,0.7890843333881309,0.0,0.09445002408032811,19
random,0.5,6000,0.5,0.16466666666666666,0.8353333333333334,0.17466666666666666,0.1606936416184971,0.8312867956265769,0.16871320437342308,0.04816666666666669,0.503534440243301,0.4963664018928511,0.04999511649713952,19
uncertainty,0.5,6000,0.5,0.1355,0.8645,0.14550000000000002,0.13592072667217175,0.8649285113540791,0.1350714886459209,0.07733333333333334,0.4948216340621404,0.5053236437383809,0.07964369296650269,19
oracle_decision_value,0.5,6000,0.5,0.11566666666666667,0.8843333333333333,0.12566666666666668,0.11412056151940544,0.8827586206896552,0.11724137931034484,0.09716666666666668,0.9863554167351636,0.0,0.09920730389882765,19
learned_value,0.5,6000,0.5,0.116,0.884,0.126,0.1147811725846408,0.8827586206896552,0.11724137931034484,0.09683333333333334,0.9815880322209436,0.004901132330572926,0.09908730796869797,19
random,0.6,7200,0.6,0.15425,0.84575,0.16625,0.1509496284062758,0.8423885618166527,0.15761143818334733,0.05858333333333335,0.6034851224724642,0.5964171032617881,0.06030278186830259,19
uncertainty,0.6,7200,0.6,0.1275,0.8725,0.1395,0.12766308835673,0.8726661059714046,0.1273338940285954,0.08533333333333334,0.5957586717080388,0.6043603177285787,0.08724271101546756,19
oracle_decision_value,0.6,7200,0.6,0.11566666666666667,0.8843333333333333,0.12766666666666668,0.11412056151940544,0.8827586206896552,0.11724137931034484,0.09716666666666668,1.0,0.18877809700861922,0.09922893915870065,19
learned_value,0.6,7200,0.6,0.11566666666666667,0.8843333333333333,0.12766666666666668,0.11412056151940544,0.8827586206896552,0.11724137931034484,0.09716666666666668,1.0,0.18877809700861922,0.09922893915870065,19
random,0.75,9000,0.75,0.14041666666666666,0.8595833333333334,0.15541666666666665,0.13823286540049545,0.857359125315391,0.14264087468460895,0.07241666666666668,0.7557126417885912,0.7441270914314686,0.07538172156933312,19
uncertainty,0.75,9000,0.75,0.1195,0.8805000000000001,0.1345,0.11924029727497935,0.8802354920100925,0.11976450798990745,0.09333333333333335,0.7463422653296071,0.7537603515294913,0.09473494912225798,19
oracle_decision_value,0.75,9000,0.75,0.11566666666666667,0.8843333333333333,0.13066666666666665,0.11412056151940544,0.8827586206896552,0.11724137931034484,0.09716666666666668,1.0,0.492986310630387,0.09922893915870065,19
learned_value,0.75,9000,0.75,0.11566666666666667,0.8843333333333333,0.13066666666666665,0.11412056151940544,0.8827586206896552,0.11724137931034484,0.09716666666666668,1.0,0.492986310630387,0.09922893915870065,19
random,1.0,12000,1.0,0.11566666666666667,0.8843333333333333,0.13566666666666666,0.11412056151940544,0.8827586206896552,0.11724137931034484,0.09716666666666668,1.0,1.0,0.09922893915870065,19
uncertainty,1.0,12000,1.0,0.11566666666666667,0.8843333333333333,0.13566666666666666,0.11412056151940544,0.8827586206896552,0.11724137931034484,0.09716666666666668,1.0,1.0,0.09922893915870065,19
oracle_decision_value,1.0,12000,1.0,0.11566666666666667,0.8843333333333333,0.13566666666666666,0.11412056151940544,0.8827586206896552,0.11724137931034484,0.09716666666666668,1.0,1.0,0.09922893915870065,19
learned_value,1.0,12000,1.0,0.11566666666666667,0.8843333333333333,0.13566666666666666,0.11412056151940544,0.8827586206896552,0.11724137931034484,0.09716666666666668,1.0,1.0,0.09922893915870065,19
random,0.0,0,0.0,0.21116666666666667,0.7888333333333333,0.21116666666666667,0.2027094831911691,0.7804351436638433,0.21956485633615674,0.0,0.0,0.0,0.0,20
uncertainty,0.0,0,0.0,0.21116666666666667,0.7888333333333333,0.21116666666666667,0.2027094831911691,0.7804351436638433,0.21956485633615674,0.0,0.0,0.0,0.0,20
oracle_decision_value,0.0,0,0.0,0.21116666666666667,0.7888333333333333,0.21116666666666667,0.2027094831911691,0.7804351436638433,0.21956485633615674,0.0,0.0,0.0,0.0,20
learned_value,0.0,0,0.0,0.21116666666666667,0.7888333333333333,0.21116666666666667,0.2027094831911691,0.7804351436638433,0.21956485633615674,0.0,0.0,0.0,0.0,20
random,0.05,600,0.05,0.206,0.794,0.207,0.19802642582371635,0.7860820461717323,0.21391795382826773,0.0051666666666666805,0.05167785234899329,0.048344370860927154,0.004916144440262388,20
uncertainty,0.05,600,0.05,0.19933333333333333,0.8006666666666666,0.20033333333333334,0.189831075430674,0.7912306925759841,0.2087693074240159,0.011833333333333335,0.05016778523489933,0.04983443708609272,0.011464996607969189,20
oracle_decision_value,0.05,600,0.05,0.18958333333333333,0.8104166666666667,0.19058333333333333,0.18096671684228133,0.8018601561202459,0.19813984387975414,0.021583333333333343,0.10067114093959731,0.0,0.022191421733962612,20
learned_value,0.05,600,0.05,0.19133333333333333,0.8086666666666666,0.19233333333333333,0.18615153035624687,0.8035210097990367,0.19647899020096327,0.01983333333333334,0.10067114093959731,0.0,0.019987191161897254,20
random,0.1,1200,0.1,0.20191666666666666,0.7980833333333334,0.20391666666666666,0.19367787255393878,0.7899020096329513,0.21009799036704868,0.009250000000000008,0.10016778523489933,0.09983443708609271,0.009269838714958697,20
uncertainty,0.1,1200,0.1,0.189,0.8109999999999999,0.191,0.18096671684228133,0.8030227536953994,0.19697724630460056,0.022166666666666668,0.10486577181208054,0.09519867549668874,0.023047084735614187,20
oracle_decision_value,0.1,1200,0.1,0.17116666666666666,0.8288333333333333,0.17316666666666666,0.1635725037631711,0.8212921441620993,0.17870785583790072,0.04000000000000001,0.20134228187919462,0.0,0.04101376028120211,20
learned_value,0.1,1200,0.1,0.17575,0.82425,0.17775,0.1635725037631711,0.8121574489287494,0.18784255107125059,0.03541666666666668,0.20134228187919462,0.0,0.037285177208178824,20
random,0.2,2400,0.2,0.19208333333333333,0.8079166666666666,0.19608333333333333,0.18381000167252048,0.7997010463378177,0.2002989536621823,0.01908333333333334,0.1988255033557047,0.201158940397351,0.018813407136358654,20
uncertainty,0.2,2400,0.2,0.17158333333333334,0.8284166666666667,0.17558333333333334,0.1642415119585215,0.8211260587942202,0.17887394120577982,0.03958333333333333,0.19899328859060403,0.2009933774834437,0.04061460737621954,20
oracle_decision_value,0.2,2400,0.2,0.14333333333333334,0.8566666666666667,0.14733333333333334,0.13932095668171934,0.8526822786912474,0.14731772130875265,0.06783333333333333,0.40268456375838924,0.0,0.06909252712294331,20
learned_value,0.2,2400,0.2,0.14633333333333334,0.8536666666666667,0.15033333333333335,0.1451747783910353,0.8525161933233683,0.14748380667663175,0.06483333333333333,0.40268456375838924,0.0,0.06640331698340202,20
random,0.25,3000,0.25,0.18758333333333332,0.8124166666666667,0.19258333333333333,0.17946144840274295,0.8043514366384321,0.19564856336156788,0.023583333333333345,0.250503355704698,0.24950331125827815,0.024057827742545185,20
uncertainty,0.25,3000,0.25,0.16308333333333333,0.8369166666666666,0.16808333333333333,0.15688242180966716,0.8307590101312075,0.16924098986879255,0.04808333333333334,0.24899328859060402,0.2509933774834437,0.04876562224627918,20
oracle_decision_value,0.25,3000,0.25,0.13433333333333333,0.8656666666666667,0.13933333333333334,0.13045659809332663,0.8618169739245972,0.13818302607540278,0.07683333333333334,0.5033557046979866,0.0,0.0788812091518822,20
learned_value,0.25,3000,0.25,0.135,0.865,0.14,0.13062385014216424,0.8606543763494436,0.13934562365055636,0.07616666666666666,0.5033557046979866,0.0,0.07770310739193362,20
random,0.3,3600,0.3,0.18283333333333332,0.8171666666666667,0.18883333333333333,0.17494564308412777,0.8093339976748049,0.19066600232519515,0.02833333333333335,0.3036912751677852,0.29635761589403975,0.029180750588555033,20
uncertainty,0.3,3600,0.3,0.15583333333333332,0.8441666666666667,0.16183333333333333,0.14985783575848804,0.8382328516857664,0.16176714831423356,0.055333333333333345,0.29949664429530204,0.30049668874172186,0.05625899535085021,20
oracle_decision_value,0.3,3600,0.3,0.12608333333333333,0.8739166666666667,0.13208333333333333,0.12326475999330992,0.8711177545258263,0.1288822454741737,0.08508333333333334,0.6040268456375839,0.0,0.08613831947423914,20
learned_value,0.3,3600,0.3,0.12775,0.87225,0.13375,0.12744606121424987,0.8719481813652217,0.12805181863477832,0.08341666666666667,0.6040268456375839,0.0,0.08461541844735433,20
random,0.4,4800,0.4,0.17291666666666666,0.8270833333333334,0.18091666666666667,0.16557952834922227,0.8197973758511875,0.1802026241488125,0.038250000000000006,0.39932885906040266,0.40066225165562913,0.03875253024168857,20
uncertainty,0.4,4800,0.4,0.144,0.856,0.152,0.13965546077939456,0.8516857664839728,0.14831423351602724,0.06716666666666668,0.39614093959731544,0.40380794701986755,0.06836706208295461,20
oracle_decision_value,0.4,4800,0.4,0.11708333333333333,0.8829166666666667,0.12508333333333332,0.1145676534537548,0.8804185351270553,0.11958146487294474,0.09408333333333334,0.8053691275167785,0.0,0.09475351158314349,20
learned_value,0.4,4800,0.4,0.11791666666666667,0.8820833333333333,0.12591666666666668,0.1150694096002676,0.8792559375519017,0.12074406244809832,0.09325,0.8053691275167785,0.0,0.09393519008482762,20
random,0.5,6000,0.5,0.16325,0.83675,0.17325000000000002,0.15537715337012878,0.8289320710845375,0.17106792891546252,0.04791666666666666,0.49446308724832216,0.5054635761589404,0.048413367788443434,20
uncertainty,0.5,6000,0.5,0.13483333333333333,0.8651666666666666,0.14483333333333334,0.13062385014216424,0.8609865470852018,0.13901345291479816,0.07633333333333334,0.4976510067114094,0.502317880794702,0.07839717665578305,20
oracle_decision_value,0.5,6000,0.5,0.11425,0.88575,0.12425,0.11172436862351563,0.8832419863809998,0.11675801361900018,0.09691666666666666,1.0,0.006622516556291391,0.09735336968078119,20
learned_value,0.5,6000,0.5,0.11441666666666667,0.8855833333333334,0.12441666666666666,0.11172436862351563,0.8829098156452416,0.11709018435475838,0.09675,0.9716442953020135,0.034602649006622514,0.09718405819072079,20
random,0.6,7200,0.6,0.155,0.845,0.167,0.14801806322127445,0.8380667663178873,0.16193323368211265,0.05616666666666667,0.5953020134228187,0.604635761589404,0.057646836202809346,20
uncertainty,0.6,7200,0.6,0.12683333333333333,0.8731666666666666,0.13883333333333334,0.12393376818866031,0.8702873276864308,0.1297126723135692,0.08433333333333334,0.5961409395973154,0.6038079470198675,0.08565411493638043,20
oracle_decision_value,0.6,7200,0.6,0.11425,0.88575,0.12625,0.11172436862351563,0.8832419863809998,0.11675801361900018,0.09691666666666666,1.0,0.2052980132450331,0.09735336968078119,20
learned_value,0.6,7200,0.6,0.11425,0.88575,0.12625,0.11172436862351563,0.8832419863809998,0.11675801361900018,0.09691666666666666,0.9973154362416108,0.20794701986754968,0.09733923812241096,20
random,0.75,9000,0.75,0.139,0.861,0.15400000000000003,0.13346713497240342,0.8555057299451918,0.1444942700548082,0.07216666666666666,0.7486577181208054,0.7513245033112583,0.07221405325125711,20
uncertainty,0.75,9000,0.75,0.11858333333333333,0.8814166666666666,0.13358333333333333,0.11624017394213079,0.8790898521840226,0.12091014781597742,0.09258333333333334,0.7476510067114094,0.752317880794702,0.09296831667961934,20
oracle_decision_value,0.75,9000,0.75,0.11425,0.88575,0.12925,0.11172436862351563,0.8832419863809998,0.11675801361900018,0.09691666666666666,1.0,0.5033112582781457,0.09735336968078119,20
learned_value,0.75,9000,0.75,0.11425,0.88575,0.12925,0.11172436862351563,0.8832419863809998,0.11675801361900018,0.09691666666666666,0.9973154362416108,0.5059602649006623,0.09733923812241096,20
random,1.0,12000,1.0,0.11425,0.88575,0.13425,0.11172436862351563,0.8832419863809998,0.11675801361900018,0.09691666666666666,1.0,1.0,0.09735336968078119,20
uncertainty,1.0,12000,1.0,0.11425,0.88575,0.13425,0.11172436862351563,0.8832419863809998,0.11675801361900018,0.09691666666666666,1.0,1.0,0.09735336968078119,20
oracle_decision_value,1.0,12000,1.0,0.11425,0.88575,0.13425,0.11172436862351563,0.8832419863809998,0.11675801361900018,0.09691666666666666,1.0,1.0,0.09735336968078119,20
learned_value,1.0,12000,1.0,0.11425,0.88575,0.13425,0.11172436862351563,0.8832419863809998,0.11675801361900018,0.09691666666666666,1.0,1.0,0.09735336968078119,20
random,0.0,0,0.0,0.21058333333333334,0.7894166666666667,0.21058333333333334,0.2140683124788637,0.7928031547814657,0.20719684521853432,0.0,0.0,0.0,0.0,21
uncertainty,0.0,0,0.0,0.21058333333333334,0.7894166666666667,0.21058333333333334,0.2140683124788637,0.7928031547814657,0.20719684521853432,0.0,0.0,0.0,0.0,21
oracle_decision_value,0.0,0,0.0,0.21058333333333334,0.7894166666666667,0.21058333333333334,0.2140683124788637,0.7928031547814657,0.20719684521853432,0.0,0.0,0.0,0.0,21
learned_value,0.0,0,0.0,0.21058333333333334,0.7894166666666667,0.21058333333333334,0.2140683124788637,0.7928031547814657,0.20719684521853432,0.0,0.0,0.0,0.0,21
random,0.05,600,0.05,0.20625,0.79375,0.20725,0.21001014541765303,0.7974038777522182,0.20259612224778178,0.004333333333333356,0.0480510752688172,0.05191798941798942,0.004801046654854947,21
uncertainty,0.05,600,0.05,0.20041666666666666,0.7995833333333333,0.20141666666666666,0.203922894825837,0.8029904699309891,0.1970095300690109,0.010166666666666685,0.048219086021505375,0.0517526455026455,0.010990497453687482,21
oracle_decision_value,0.05,600,0.05,0.19016666666666668,0.8098333333333333,0.19116666666666668,0.19597565099763273,0.8154781465658889,0.1845218534341111,0.020416666666666666,0.10080645161290322,0.0,0.02205249135736517,21
learned_value,0.05,600,0.05,0.19116666666666668,0.8088333333333333,0.19216666666666668,0.1929320257017247,0.8105488005257969,0.18945119947420308,0.019416666666666665,0.10080645161290322,0.0,0.020364836848166014,21
random,0.1,1200,0.1,0.20208333333333334,0.7979166666666666,0.20408333333333334,0.20645924923909367,0.8021689122576405,0.19783108774235947,0.008500000000000008,0.09660618279569892,0.10333994708994709,0.00937248358948457,21
uncertainty,0.1,1200,0.1,0.19075,0.80925,0.19275,0.19682110246871828,0.8151495234965495,0.18485047650345054,0.01983333333333334,0.09660618279569892,0.10333994708994709,0.021203001507278902,21
oracle_decision_value,0.1,1200,0.1,0.1715,0.8285,0.17350000000000002,0.17636117686844774,0.8332237923102201,0.16677620768977985,0.03908333333333333,0.20161290322580644,0.0,0.04063728992204349,21
learned_value,0.1,1200,0.1,0.174,0.8260000000000001,0.176,0.17906662157592154,0.8309234308248439,0.16907656917515612,0.03658333333333336,0.20161290322580644,0.0,0.03779746390066913,21
random,0.2,2400,0.2,0.1925,0.8075,0.1965,0.19766655393980387,0.8125205389418337,0.18747946105816626,0.01808333333333334,0.19926075268817203,0.20072751322751323,0.019510061521361158,21
uncertainty,0.2,2400,0.2,0.17308333333333334,0.8269166666666666,0.17708333333333334,0.17754480892796753,0.8312520538941833,0.16874794610581667,0.037500000000000006,0.19270833333333334,0.20717592592592593,0.039133420423960986,21
oracle_decision_value,0.2,2400,0.2,0.14425,0.85575,0.14825,0.1484612783226243,0.859842260926717,0.140157739073283,0.06633333333333336,0.4032258064516129,0.0,0.06855144241854967,21
learned_value,0.2,2400,0.2,0.14541666666666667,0.8545833333333334,0.14941666666666667,0.15488670950287453,0.8637857377587906,0.13621426224120936,0.06516666666666668,0.4032258064516129,0.0,0.06702359090231665,21
random,0.25,3000,0.25,0.18733333333333332,0.8126666666666666,0.19233333333333333,0.1929320257017247,0.8181071311206046,0.18189286887939538,0.02325000000000002,0.2505040322580645,0.24950396825396826,0.02438933523271671,21
uncertainty,0.25,3000,0.25,0.1635,0.8365,0.1685,0.16790666215759215,0.840782122905028,0.15921787709497204,0.04708333333333334,0.2446236559139785,0.2552910052910053,0.04756955893378703,21
oracle_decision_value,0.25,3000,0.25,0.13425,0.86575,0.13925,0.137470409198512,0.8688793953335524,0.1311206046664476,0.07633333333333334,0.5040322580645161,0.0,0.07826885481253207,21
learned_value,0.25,3000,0.25,0.136,0.864,0.14100000000000001,0.14643219479201894,0.8741373644429838,0.12586263555701616,0.07458333333333333,0.5040322580645161,0.0,0.0757985578705977,21
random,0.3,3600,0.3,0.18133333333333335,0.8186666666666667,0.18733333333333335,0.18785931687521137,0.8250082155767335,0.17499178442326646,0.029249999999999998,0.2967069892473118,0.30324074074074076,0.028995013986953467,21
uncertainty,0.3,3600,0.3,0.157,0.843,0.163,0.1614812309773419,0.8473545842918173,0.15264541570818269,0.053583333333333344,0.2938508064516129,0.3060515873015873,0.05486277505347359,21
oracle_decision_value,0.3,3600,0.3,0.12591666666666668,0.8740833333333333,0.13191666666666668,0.12935407507609062,0.8774235951363786,0.12257640486362142,0.08466666666666667,0.6048387096774194,0.0,0.08555783939447768,21
learned_value,0.3,3600,0.3,0.12783333333333333,0.8721666666666666,0.13383333333333333,0.13442678390260399,0.8785737758790667,0.12142622412093329,0.08275000000000002,0.6048387096774194,0.0,0.08403770198397086,21
random,0.4,4800,0.4,0.17041666666666666,0.8295833333333333,0.17841666666666667,0.17602299628001353,0.8350312191915873,0.1649687808084127,0.040166666666666684,0.39818548387096775,0.4017857142857143,0.03892609885810392,21
uncertainty,0.4,4800,0.4,0.14483333333333334,0.8551666666666666,0.15283333333333335,0.14947582008792695,0.8596779493920473,0.14032205060795266,0.06575,0.395497311827957,0.4044312169312169,0.06769829013888279,21
oracle_decision_value,0.4,4800,0.4,0.11658333333333333,0.8834166666666666,0.12458333333333332,0.11988501859993236,0.8866250410778836,0.11337495892211635,0.09400000000000001,0.8064516129032258,0.0,0.09431145385716487,21
learned_value,0.4,4800,0.4,0.11833333333333333,0.8816666666666667,0.12633333333333333,0.11954683801149814,0.8828458757804798,0.1171541242195202,0.09225000000000001,0.8064516129032258,0.0,0.09359258600791358,21
random,0.5,6000,0.5,0.16083333333333333,0.8391666666666666,0.17083333333333334,0.16520121745011837,0.8434111074597437,0.15658889254025632,0.049750000000000016,0.49831989247311825,0.5016534391534392,0.04864164164653535,21
uncertainty,0.5,6000,0.5,0.1355,0.8645,0.14550000000000002,0.1391613121406831,0.8680578376602037,0.13194216233979628,0.07508333333333334,0.4952956989247312,0.5046296296296297,0.07752799458416083,21
oracle_decision_value,0.5,6000,0.5,0.11441666666666667,0.8855833333333334,0.12441666666666666,0.11819411565776125,0.8892540256325994,0.11074597436740063,0.09616666666666668,1.0,0.007936507936507936,0.09694193246398307,21
learned_value,0.5,6000,0.5,0.11466666666666667,0.8853333333333333,0.12466666666666666,0.11870138654041258,0.8892540256325994,0.11074597436740063,0.09591666666666668,0.9815188172043011,0.026124338624338623,0.09686520565379458,21
random,0.6,7200,0.6,0.15116666666666667,0.8488333333333333,0.16316666666666668,0.15505579979709164,0.8526125534012488,0.14738744659875125,0.05941666666666667,0.5997983870967742,0.6001984126984127,0.058621250620815656,21
uncertainty,0.6,7200,0.6,0.12683333333333333,0.8731666666666666,0.13883333333333334,0.1303686168413933,0.8766020374630299,0.12339796253697011,0.08375000000000002,0.5957661290322581,0.6041666666666666,0.08499010968376312,21
oracle_decision_value,0.6,7200,0.6,0.11441666666666667,0.8855833333333334,0.12641666666666668,0.11819411565776125,0.8892540256325994,0.11074597436740063,0.09616666666666668,1.0,0.20634920634920634,0.09694193246398307,21
learned_value,0.6,7200,0.6,0.11441666666666667,0.8855833333333334,0.12641666666666668,0.11819411565776125,0.8892540256325994,0.11074597436740063,0.09616666666666668,1.0,0.20634920634920634,0.09694193246398307,21
random,0.75,9000,0.75,0.139,0.861,0.15400000000000003,0.14254311802502537,0.8644429838974697,0.13555701610253035,0.07158333333333333,0.7422715053763441,0.7576058201058201,0.0720716118242447,21
uncertainty,0.75,9000,0.75,0.11808333333333333,0.8819166666666667,0.13308333333333333,0.12106865065945215,0.8848176141965166,0.11518238580348339,0.09250000000000001,0.7459677419354839,0.753968253968254,0.09245144400837257,21
oracle_decision_value,0.75,9000,0.75,0.11441666666666667,0.8855833333333334,0.12941666666666668,0.11819411565776125,0.8892540256325994,0.11074597436740063,0.09616666666666668,1.0,0.503968253968254,0.09694193246398307,21
learned_value,0.75,9000,0.75,0.11441666666666667,0.8855833333333334,0.12941666666666668,0.11819411565776125,0.8892540256325994,0.11074597436740063,0.09616666666666668,1.0,0.503968253968254,0.09694193246398307,21
random,1.0,12000,1.0,0.11441666666666667,0.8855833333333334,0.13441666666666666,0.11819411565776125,0.8892540256325994,0.11074597436740063,0.09616666666666668,1.0,1.0,0.09694193246398307,21
uncertainty,1.0,12000,1.0,0.11441666666666667,0.8855833333333334,0.13441666666666666,0.11819411565776125,0.8892540256325994,0.11074597436740063,0.09616666666666668,1.0,1.0,0.09694193246398307,21
oracle_decision_value,1.0,12000,1.0,0.11441666666666667,0.8855833333333334,0.13441666666666666,0.11819411565776125,0.8892540256325994,0.11074597436740063,0.09616666666666668,1.0,1.0,0.09694193246398307,21
learned_value,1.0,12000,1.0,0.11441666666666667,0.8855833333333334,0.13441666666666666,0.11819411565776125,0.8892540256325994,0.11074597436740063,0.09616666666666668,1.0,1.0,0.09694193246398307,21
random,0.0,0,0.0,0.21,0.79,0.21,0.21612635078969245,0.7961570593149541,0.20384294068504594,0.0,0.0,0.0,0.0,22
uncertainty,0.0,0,0.0,0.21,0.79,0.21,0.21612635078969245,0.7961570593149541,0.20384294068504594,0.0,0.0,0.0,0.0,22
oracle_decision_value,0.0,0,0.0,0.21,0.79,0.21,0.21612635078969245,0.7961570593149541,0.20384294068504594,0.0,0.0,0.0,0.0,22
learned_value,0.0,0,0.0,0.21,0.79,0.21,0.21612635078969245,0.7961570593149541,0.20384294068504594,0.0,0.0,0.0,0.0,22
random,0.05,600,0.05,0.20641666666666666,0.7935833333333333,0.20741666666666667,0.21280133000831256,0.8,0.19999999999999996,0.0035833333333333273,0.0519959745051996,0.048029148724743294,0.004780163827304159,22
uncertainty,0.05,600,0.05,0.20016666666666666,0.7998333333333334,0.20116666666666666,0.20665004156275976,0.8063492063492064,0.19365079365079363,0.009833333333333333,0.04797047970479705,0.052003974826101355,0.010942701127269649,22
oracle_decision_value,0.05,600,0.05,0.18883333333333333,0.8111666666666667,0.18983333333333333,0.19384871155444722,0.8162071846282373,0.18379281537176273,0.021166666666666667,0.10063737001006373,0.0,0.022077883409346855,22
learned_value,0.05,600,0.05,0.19083333333333333,0.8091666666666667,0.19183333333333333,0.1968412302576891,0.8152046783625732,0.18479532163742685,0.019166666666666665,0.10063737001006373,0.0,0.02052734523431433,22
random,0.1,1200,0.1,0.20216666666666666,0.7978333333333334,0.20416666666666666,0.2086450540315877,0.804344193817878,0.19565580618212197,0.007833333333333331,0.1033210332103321,0.0967207684663796,0.009893786920252643,22
uncertainty,0.1,1200,0.1,0.18941666666666668,0.8105833333333333,0.19141666666666668,0.1943474646716542,0.8155388471177945,0.18446115288220555,0.020583333333333315,0.09828916470982892,0.10168930109307718,0.021600886237003125,22
oracle_decision_value,0.1,1200,0.1,0.17025,0.82975,0.17225000000000001,0.17373233582709893,0.833249791144528,0.16675020885547198,0.03974999999999998,0.20127474002012746,0.0,0.04073457152678219,22
learned_value,0.1,1200,0.1,0.17308333333333334,0.8269166666666666,0.17508333333333334,0.171072319201995,0.8248955722639933,0.17510442773600665,0.03691666666666665,0.20127474002012746,0.0,0.03843129002561704,22
random,0.2,2400,0.2,0.193,0.8069999999999999,0.197,0.19817123857024108,0.8121971595655806,0.18780284043441942,0.016999999999999987,0.20278430057027844,0.197250745279894,0.019400765838637642,22
uncertainty,0.2,2400,0.2,0.17066666666666666,0.8293333333333334,0.17466666666666666,0.1740648379052369,0.8327485380116959,0.1672514619883041,0.03933333333333333,0.19976517946997652,0.20023186485591254,0.04047865788673735,22
oracle_decision_value,0.2,2400,0.2,0.14516666666666667,0.8548333333333333,0.14916666666666667,0.14763092269326683,0.8573099415204678,0.1426900584795322,0.06483333333333333,0.4025494800402549,0.0,0.06847602003998389,22
learned_value,0.2,2400,0.2,0.14566666666666667,0.8543333333333334,0.14966666666666667,0.14679966749792187,0.8554720133667502,0.14452798663324984,0.06433333333333333,0.4025494800402549,0.0,0.06780933176391712,22
random,0.25,3000,0.25,0.18833333333333332,0.8116666666666666,0.19333333333333333,0.19351620947630924,0.8168755221386801,0.1831244778613199,0.021666666666666667,0.25327071452532707,0.24677045379264656,0.02440022174867687,22
uncertainty,0.25,3000,0.25,0.16216666666666665,0.8378333333333333,0.16716666666666666,0.1662510390689942,0.8419381787802841,0.1580618212197159,0.04783333333333334,0.24740020127474002,0.2525670751904604,0.048173165917281706,22
oracle_decision_value,0.25,3000,0.25,0.13441666666666666,0.8655833333333334,0.13941666666666666,0.13566084788029925,0.8668337510442774,0.1331662489557226,0.07558333333333334,0.5031868500503187,0.0,0.07811440283876421,22
learned_value,0.25,3000,0.25,0.13633333333333333,0.8636666666666667,0.14133333333333334,0.13649210307564422,0.8638262322472848,0.13617376775271517,0.07366666666666666,0.5031868500503187,0.0,0.07722303821030747,22
random,0.3,3600,0.3,0.18291666666666667,0.8170833333333334,0.18891666666666668,0.1881961762261014,0.8223893065998329,0.1776106934001671,0.02708333333333332,0.3037571284803757,0.2962901623053991,0.029692104934958385,22
uncertainty,0.3,3600,0.3,0.15625,0.84375,0.16225,0.16043225270157938,0.847953216374269,0.15204678362573099,0.05374999999999999,0.29671251257967124,0.30324610798277574,0.05537735126361868,22
oracle_decision_value,0.3,3600,0.3,0.129,0.871,0.135,0.13050706566916043,0.8725146198830409,0.1274853801169591,0.08099999999999999,0.6038242200603824,0.0,0.085318243155081,22
learned_value,0.3,3600,0.3,0.13,0.87,0.136,0.12967581047381546,0.8696741854636592,0.13032581453634084,0.07999999999999999,0.6038242200603824,0.0,0.0844754161533448,22
random,0.4,4800,0.4,0.17225,0.82775,0.18025,0.17572734829592684,0.8312447786131997,0.16875522138680032,0.037750000000000006,0.40322039584032204,0.39682013911891356,0.039396114586716,22
uncertainty,0.4,4800,0.4,0.14583333333333334,0.8541666666666666,0.15383333333333335,0.14829592684954282,0.8566416040100251,0.1433583959899749,0.06416666666666665,0.3968466957396847,0.40311361377939714,0.06784928251074783,22
oracle_decision_value,0.4,4800,0.4,0.12158333333333333,0.8784166666666666,0.12958333333333333,0.12252701579384871,0.8793650793650793,0.12063492063492065,0.08841666666666666,0.8050989600805099,0.0,0.09399360626053888,22
learned_value,0.4,4800,0.4,0.12141666666666667,0.8785833333333333,0.12941666666666668,0.1226932668329177,0.8798663324979115,0.12013366750208854,0.08858333333333332,0.8034216705803422,0.0016561775422325273,0.09370794095554542,22
random,0.5,6000,0.5,0.16175,0.8382499999999999,0.17175,0.1655860349127182,0.8421052631578947,0.1578947368421053,0.04824999999999999,0.5018450184501845,0.49817820470354424,0.04947521412402368,22
uncertainty,0.5,6000,0.5,0.13458333333333333,0.8654166666666667,0.14458333333333334,0.13566084788029925,0.866499582289056,0.133500417710944,0.07541666666666666,0.4981549815498155,0.5018217952964558,0.0776914211069373,22
oracle_decision_value,0.5,6000,0.5,0.11816666666666667,0.8818333333333334,0.12816666666666668,0.11837073981712386,0.8820384294068505,0.11796157059314949,0.09183333333333332,1.0,0.006293474660483604,0.09664917036813224,22
learned_value,0.5,6000,0.5,0.11833333333333333,0.8816666666666667,0.12833333333333333,0.11837073981712386,0.8817042606516291,0.1182957393483709,0.09166666666666666,0.9885944313988595,0.017555481947664788,0.09640818407605392,22
random,0.6,7200,0.6,0.15316666666666667,0.8468333333333333,0.16516666666666668,0.15660847880299253,0.8502923976608188,0.14970760233918123,0.05683333333333332,0.6008050989600805,0.5992050347797284,0.0586786575534756,22
uncertainty,0.6,7200,0.6,0.12975,0.87025,0.14175000000000001,0.1313383208645054,0.8718462823725982,0.1281537176274018,0.08024999999999999,0.5964441462596444,0.6035110963895329,0.08486332855200637,22
oracle_decision_value,0.6,7200,0.6,0.11816666666666667,0.8818333333333334,0.13016666666666668,0.11837073981712386,0.8820384294068505,0.11796157059314949,0.09183333333333332,1.0,0.20503477972838688,0.09664917036813224,22
learned_value,0.6,7200,0.6,0.11816666666666667,0.8818333333333334,0.13016666666666668,0.11837073981712386,0.8820384294068505,0.11796157059314949,0.09183333333333332,0.9981549815498155,0.20685657502484267,0.09660735846241816,22
random,0.75,9000,0.75,0.14133333333333334,0.8586666666666667,0.15633333333333332,0.142975893599335,0.8603174603174604,0.13968253968253963,0.06866666666666665,0.7537739013753774,0.7462736005299768,0.07295292175382508,22
uncertainty,0.75,9000,0.75,0.12341666666666666,0.8765833333333334,0.13841666666666666,0.12418952618453866,0.877360066833751,0.122639933166249,0.08658333333333333,0.7472324723247232,0.7527326929446837,0.09218231187092792,22
oracle_decision_value,0.75,9000,0.75,0.11816666666666667,0.8818333333333334,0.13316666666666666,0.11837073981712386,0.8820384294068505,0.11796157059314949,0.09183333333333332,1.0,0.5031467373302418,0.09664917036813224,22
learned_value,0.75,9000,0.75,0.11816666666666667,0.8818333333333334,0.13316666666666666,0.11837073981712386,0.8820384294068505,0.11796157059314949,0.09183333333333332,0.9981549815498155,0.5049685326266976,0.09660735846241816,22
random,1.0,12000,1.0,0.11816666666666667,0.8818333333333334,0.13816666666666666,0.11837073981712386,0.8820384294068505,0.11796157059314949,0.09183333333333332,1.0,1.0,0.09664917036813224,22
uncertainty,1.0,12000,1.0,0.11816666666666667,0.8818333333333334,0.13816666666666666,0.11837073981712386,0.8820384294068505,0.11796157059314949,0.09183333333333332,1.0,1.0,0.09664917036813224,22
oracle_decision_value,1.0,12000,1.0,0.11816666666666667,0.8818333333333334,0.13816666666666666,0.11837073981712386,0.8820384294068505,0.11796157059314949,0.09183333333333332,1.0,1.0,0.09664917036813224,22
learned_value,1.0,12000,1.0,0.11816666666666667,0.8818333333333334,0.13816666666666666,0.11837073981712386,0.8820384294068505,0.11796157059314949,0.09183333333333332,1.0,1.0,0.09664917036813224,22
random,0.0,0,0.0,0.21666666666666667,0.7833333333333333,0.21666666666666667,0.21443158611300203,0.7811887655127367,0.21881123448726325,0.0,0.0,0.0,0.0,23
uncertainty,0.0,0,0.0,0.21666666666666667,0.7833333333333333,0.21666666666666667,0.21443158611300203,0.7811887655127367,0.21881123448726325,0.0,0.0,0.0,0.0,23
oracle_decision_value,0.0,0,0.0,0.21666666666666667,0.7833333333333333,0.21666666666666667,0.21443158611300203,0.7811887655127367,0.21881123448726325,0.0,0.0,0.0,0.0,23
learned_value,0.0,0,0.0,0.21666666666666667,0.7833333333333333,0.21666666666666667,0.21443158611300203,0.7811887655127367,0.21881123448726325,0.0,0.0,0.0,0.0,23
random,0.05,600,0.05,0.21166666666666667,0.7883333333333333,0.21266666666666667,0.2089857045609258,0.7857609405617244,0.2142390594382756,0.0050000000000000044,0.049177518848526384,0.050778715120051915,0.0046539769460193494,23
uncertainty,0.05,600,0.05,0.20558333333333334,0.7944166666666667,0.20658333333333334,0.20268890401633766,0.7916394513389942,0.20836054866100584,0.011083333333333334,0.04763536668951337,0.05223880597014925,0.010672656849350542,23
oracle_decision_value,0.05,600,0.05,0.19425,0.80575,0.19525,0.19162695711368277,0.8032331809274984,0.1967668190725016,0.022416666666666668,0.10281014393420151,0.0,0.02208998030507438,23
learned_value,0.05,600,0.05,0.19475,0.80525,0.19575,0.19707283866575903,0.8074787720444154,0.19252122795558457,0.021916666666666668,0.10281014393420151,0.0,0.02109770854341843,23
random,0.1,1200,0.1,0.20683333333333334,0.7931666666666667,0.20883333333333334,0.2049012933968686,0.7913128674069235,0.20868713259307647,0.009833333333333333,0.1004112405757368,0.09961064243997404,0.009858238075362041,23
uncertainty,0.1,1200,0.1,0.19533333333333333,0.8046666666666666,0.19733333333333333,0.19281824370319944,0.8022534291312867,0.19774657086871328,0.021333333333333343,0.09647018505825908,0.10334198572355613,0.020825329205228782,23
oracle_decision_value,0.1,1200,0.1,0.175,0.825,0.177,0.1727365554799183,0.8228282168517309,0.1771717831482691,0.041666666666666685,0.20562028786840303,0.0,0.0407876141287322,23
learned_value,0.1,1200,0.1,0.17908333333333334,0.8209166666666666,0.18108333333333335,0.179714091218516,0.8215218811234487,0.1784781188765513,0.03758333333333333,0.20562028786840303,0.0,0.03822086090398483,23
random,0.2,2400,0.2,0.1975,0.8025,0.2015,0.19486044928522805,0.799967341606793,0.20003265839320705,0.019166666666666665,0.20150788211103496,0.19857235561323816,0.019599160056549828,23
uncertainty,0.2,2400,0.2,0.17666666666666667,0.8233333333333334,0.18066666666666667,0.17426820966643974,0.8210320052253429,0.17896799477465708,0.04000000000000001,0.19688142563399588,0.20295262816353019,0.03932753378836896,23
oracle_decision_value,0.2,2400,0.2,0.14733333333333334,0.8526666666666667,0.15133333333333335,0.14737916950306332,0.8527106466361855,0.14728935336381455,0.06933333333333333,0.41124057573680606,0.0,0.06878827460434664,23
learned_value,0.2,2400,0.2,0.14866666666666667,0.8513333333333333,0.15266666666666667,0.14891082368958475,0.8515676028739386,0.14843239712606138,0.068,0.41124057573680606,0.0,0.0675889140144162,23
random,0.25,3000,0.25,0.19183333333333333,0.8081666666666667,0.19683333333333333,0.1894145677331518,0.8058458523840627,0.1941541476159373,0.024833333333333346,0.25308430431802603,0.24707981829980533,0.02469605384705405,23
uncertainty,0.25,3000,0.25,0.16825,0.83175,0.17325000000000002,0.16643975493533017,0.8300130633572829,0.16998693664271713,0.04841666666666666,0.24674434544208362,0.25308241401687215,0.0473690666540535,23
oracle_decision_value,0.25,3000,0.25,0.13633333333333333,0.8636666666666667,0.14133333333333334,0.13563648740639891,0.8629980404964076,0.1370019595035924,0.08033333333333334,0.5140507196710076,0.0,0.07864319313757957,23
learned_value,0.25,3000,0.25,0.1385,0.8614999999999999,0.14350000000000002,0.1337644656228727,0.8569562377531026,0.1430437622468974,0.07816666666666666,0.5140507196710076,0.0,0.07708136458338229,23
random,0.3,3600,0.3,0.18533333333333332,0.8146666666666667,0.19133333333333333,0.1834581347855684,0.8128674069235794,0.1871325930764206,0.03133333333333335,0.3048320767649075,0.295425048669695,0.029952581887035944,23
uncertainty,0.3,3600,0.3,0.16058333333333333,0.8394166666666667,0.16658333333333333,0.16082368958475154,0.8396472893533639,0.16035271064663614,0.056083333333333346,0.294893762851268,0.304834523036989,0.05442255634731984,23
oracle_decision_value,0.3,3600,0.3,0.1285,0.8714999999999999,0.1345,0.12882913546630362,0.8718158066623122,0.12818419333768782,0.08816666666666667,0.6168608636052091,0.0,0.08594355674252298,23
learned_value,0.3,3600,0.3,0.129,0.871,0.135,0.12508509189925118,0.8672436316133246,0.13275636838667537,0.08766666666666667,0.6168608636052091,0.0,0.08531163430104834,23
random,0.4,4800,0.4,0.17591666666666667,0.8240833333333333,0.18391666666666667,0.17341729067392783,0.821685173089484,0.17831482691051603,0.04075000000000001,0.4049006168608636,0.395360155743024,0.03950576709744752,23
uncertainty,0.4,4800,0.4,0.1485,0.8515,0.1565,0.14823008849557523,0.8512410189418681,0.1487589810581319,0.06816666666666668,0.3985606579849212,0.40136275146009087,0.06739283242477614,23
oracle_decision_value,0.4,4800,0.4,0.12016666666666667,0.8798333333333334,0.12816666666666668,0.11980939414567733,0.8794905290659699,0.12050947093403008,0.0965,0.8224811514736121,0.0,0.0945338806379069,23
learned_value,0.4,4800,0.4,0.121,0.879,0.129,0.12066031313818924,0.8786740692357936,0.12132593076420639,0.09566666666666668,0.8224811514736121,0.0,0.09402426494991266,23
random,0.5,6000,0.5,0.16625,0.83375,0.17625000000000002,0.1650782845473111,0.8326257348138472,0.16737426518615284,0.050416666666666665,0.5051405071967101,0.49513303049967555,0.04915906978358817,23
uncertainty,0.5,6000,0.5,0.1375,0.8625,0.14750000000000002,0.13682777399591559,0.8618549967341607,0.13814500326583934,0.07916666666666666,0.503598355037697,0.49659312134977285,0.07776087256154429,23
oracle_decision_value,0.5,6000,0.5,0.11791666666666667,0.8820833333333333,0.12791666666666668,0.11793737236215113,0.8821032005225343,0.11789679947746567,0.09875,1.0,0.026606099935107073,0.09684866471051949,23
learned_value,0.5,6000,0.5,0.11791666666666667,0.8820833333333333,0.12791666666666668,0.11793737236215113,0.8821032005225343,0.11789679947746567,0.09875,0.9986291980808774,0.027903958468526932,0.09684555090179553,23
random,0.6,7200,0.6,0.1565,0.8435,0.1685,0.1562287270251872,0.8432397126061397,0.15676028739386028,0.060166666666666674,0.6031528444139822,0.5970149253731343,0.05860539928974727,23
uncertainty,0.6,7200,0.6,0.12925,0.87075,0.14125000000000001,0.12968005445881553,0.8711626387981711,0.12883736120182887,0.08741666666666667,0.6070938999314599,0.5932835820895522,0.08534169026849203,23
oracle_decision_value,0.6,7200,0.6,0.11791666666666667,0.8820833333333333,0.12991666666666668,0.11793737236215113,0.8821032005225343,0.11789679947746567,0.09875,1.0,0.22128487994808566,0.09684866471051949,23
learned_value,0.6,7200,0.6,0.11791666666666667,0.8820833333333333,0.12991666666666668,0.11793737236215113,0.8821032005225343,0.11789679947746567,0.09875,1.0,0.22128487994808566,0.09684866471051949,23
random,0.75,9000,0.75,0.1405,0.8594999999999999,0.15550000000000003,0.13955071477195372,0.8585891574134552,0.1414108425865448,0.07616666666666666,0.7601096641535298,0.7404282933160286,0.07430153533669795,23
uncertainty,0.75,9000,0.75,0.12225,0.87775,0.13724999999999998,0.12236215112321307,0.8778576094056172,0.12214239059438281,0.09441666666666668,0.7571967100753941,0.7431862426995457,0.09256869300575912,23
oracle_decision_value,0.75,9000,0.75,0.11791666666666667,0.8820833333333333,0.13291666666666668,0.11793737236215113,0.8821032005225343,0.11789679947746567,0.09875,1.0,0.5133030499675535,0.09684866471051949,23
learned_value,0.75,9000,0.75,0.11791666666666667,0.8820833333333333,0.13291666666666668,0.11793737236215113,0.8821032005225343,0.11789679947746567,0.09875,1.0,0.5133030499675535,0.09684866471051949,23
random,1.0,12000,1.0,0.11791666666666667,0.8820833333333333,0.13791666666666666,0.11793737236215113,0.8821032005225343,0.11789679947746567,0.09875,1.0,1.0,0.09684866471051949,23
uncertainty,1.0,12000,1.0,0.11791666666666667,0.8820833333333333,0.13791666666666666,0.11793737236215113,0.8821032005225343,0.11789679947746567,0.09875,1.0,1.0,0.09684866471051949,23
oracle_decision_value,1.0,12000,1.0,0.11791666666666667,0.8820833333333333,0.13791666666666666,0.11793737236215113,0.8821032005225343,0.11789679947746567,0.09875,1.0,1.0,0.09684866471051949,23
learned_value,1.0,12000,1.0,0.11791666666666667,0.8820833333333333,0.13791666666666666,0.11793737236215113,0.8821032005225343,0.11789679947746567,0.09875,1.0,1.0,0.09684866471051949,23
random,0.0,0,0.0,0.20966666666666667,0.7903333333333333,0.20966666666666667,0.20964566929133857,0.7903116531165312,0.20968834688346882,0.0,0.0,0.0,0.0,24
uncertainty,0.0,0,0.0,0.20966666666666667,0.7903333333333333,0.20966666666666667,0.20964566929133857,0.7903116531165312,0.20968834688346882,0.0,0.0,0.0,0.0,24
oracle_decision_value,0.0,0,0.0,0.20966666666666667,0.7903333333333333,0.20966666666666667,0.20964566929133857,0.7903116531165312,0.20968834688346882,0.0,0.0,0.0,0.0,24
learned_value,0.0,0,0.0,0.20966666666666667,0.7903333333333333,0.20966666666666667,0.20964566929133857,0.7903116531165312,0.20968834688346882,0.0,0.0,0.0,0.0,24
random,0.05,600,0.05,0.206,0.794,0.207,0.20570866141732283,0.7936991869918699,0.20630081300813008,0.003666666666666679,0.04528681650452868,0.0546538588936734,0.004279047254210609,24
uncertainty,0.05,600,0.05,0.1975,0.8025,0.1985,0.19767060367454067,0.8026761517615176,0.19732384823848237,0.012166666666666659,0.048305937604830596,0.051672739317654856,0.011043392520630486,24
oracle_decision_value,0.05,600,0.05,0.18691666666666668,0.8130833333333334,0.18791666666666668,0.18618766404199474,0.8123306233062331,0.18766937669376693,0.022749999999999992,0.10063737001006373,0.0,0.022093150352831485,24
learned_value,0.05,600,0.05,0.18966666666666668,0.8103333333333333,0.19066666666666668,0.19061679790026248,0.8113143631436315,0.18868563685636852,0.01999999999999999,0.10063737001006373,0.0,0.020029231369493895,24
random,0.1,1200,0.1,0.20116666666666666,0.7988333333333333,0.20316666666666666,0.2006233595800525,0.7982723577235772,0.2017276422764228,0.008500000000000008,0.0959409594095941,0.10400794965220271,0.00914377926689184,24
uncertainty,0.1,1200,0.1,0.18716666666666668,0.8128333333333333,0.18916666666666668,0.18618766404199474,0.8118224932249323,0.18817750677506773,0.022499999999999992,0.09929553840992955,0.10069559456773766,0.021821398952842627,24
oracle_decision_value,0.1,1200,0.1,0.16933333333333334,0.8306666666666667,0.17133333333333334,0.1687992125984252,0.8301151761517616,0.16988482384823844,0.04033333333333333,0.20127474002012746,0.0,0.040731980829518635,24
learned_value,0.1,1200,0.1,0.174,0.8260000000000001,0.176,0.17339238845144356,0.8253726287262872,0.17462737127371275,0.03566666666666668,0.20127474002012746,0.0,0.03607477991608673,24
random,0.2,2400,0.2,0.19083333333333333,0.8091666666666667,0.19483333333333333,0.1919291338582677,0.8102981029810298,0.18970189701897022,0.01883333333333334,0.19708151626970816,0.2028817489234846,0.01862643429994203,24
uncertainty,0.2,2400,0.2,0.16983333333333334,0.8301666666666667,0.17383333333333334,0.1691272965879265,0.8294376693766937,0.17056233062330628,0.03983333333333333,0.19875880576987587,0.20122557138125208,0.04030865681289487,24
oracle_decision_value,0.2,2400,0.2,0.14308333333333334,0.8569166666666667,0.14708333333333334,0.14189632545931757,0.8556910569105691,0.14430894308943087,0.06658333333333333,0.4025494800402549,0.0,0.06856176907017104,24
learned_value,0.2,2400,0.2,0.14475,0.8552500000000001,0.14875,0.1414041994750656,0.8517953929539296,0.1482046070460704,0.06491666666666668,0.4025494800402549,0.0,0.06596152561927814,24
random,0.25,3000,0.25,0.18625,0.81375,0.19125,0.18717191601049868,0.8147018970189702,0.18529810298102978,0.02341666666666667,0.24572291177457228,0.2542232527326929,0.023653160203777345,24
uncertainty,0.25,3000,0.25,0.16208333333333333,0.8379166666666666,0.16708333333333333,0.16108923884514437,0.836890243902439,0.16310975609756095,0.04758333333333334,0.24890976182489097,0.25107651540245113,0.04839353463728901,24
oracle_decision_value,0.25,3000,0.25,0.1335,0.8665,0.1385,0.1325459317585302,0.8655149051490515,0.1344850948509485,0.07616666666666666,0.5031868500503187,0.0,0.07818338360979062,24
learned_value,0.25,3000,0.25,0.13608333333333333,0.8639166666666667,0.14108333333333334,0.13270997375328084,0.8604336043360433,0.13956639566395668,0.07358333333333333,0.5031868500503187,0.0,0.07671163905627716,24
random,0.3,3600,0.3,0.18158333333333335,0.8184166666666667,0.18758333333333335,0.18061023622047245,0.8174119241192412,0.18258807588075876,0.02808333333333332,0.2963770546796377,0.3035773434912223,0.02848880627048289,24
uncertainty,0.3,3600,0.3,0.15441666666666667,0.8455833333333334,0.16041666666666668,0.1527230971128609,0.8438346883468835,0.15616531165311653,0.055249999999999994,0.3002348205300235,0.29976813514408746,0.05589653490905448,24
oracle_decision_value,0.3,3600,0.3,0.12791666666666668,0.8720833333333333,0.13391666666666668,0.1272965879265092,0.8714430894308943,0.12855691056910568,0.08174999999999999,0.6038242200603824,0.0,0.08534712182672051,24
learned_value,0.3,3600,0.3,0.12775,0.87225,0.13375,0.12631233595800526,0.8707655826558266,0.1292344173441734,0.08191666666666667,0.6038242200603824,0.0,0.08494931295331427,24
random,0.4,4800,0.4,0.17183333333333334,0.8281666666666667,0.17983333333333335,0.17125984251968504,0.8275745257452575,0.17242547425474253,0.03783333333333333,0.3991949010399195,0.40079496522027164,0.03855517504705558,24
uncertainty,0.4,4800,0.4,0.14358333333333334,0.8564166666666666,0.15158333333333335,0.14189632545931757,0.8546747967479674,0.14532520325203258,0.06608333333333333,0.39751761153975174,0.40245114276250415,0.06801040208170993,24
oracle_decision_value,0.4,4800,0.4,0.11775,0.88225,0.12575,0.1167979002624672,0.8812669376693767,0.1187330623306233,0.09191666666666667,0.8050989600805099,0.0,0.09386872998707922,24
learned_value,0.4,4800,0.4,0.11775,0.88225,0.12575,0.11646981627296588,0.8809281842818428,0.11907181571815717,0.09191666666666667,0.8050989600805099,0.0,0.0937267910048631,24
random,0.5,6000,0.5,0.16175,0.8382499999999999,0.17175,0.1620734908136483,0.8385840108401084,0.16141598915989164,0.04791666666666666,0.5008386447500839,0.4991719112288837,0.048896405847206836,24
uncertainty,0.5,6000,0.5,0.13408333333333333,0.8659166666666667,0.14408333333333334,0.13303805774278216,0.8648373983739838,0.13516260162601623,0.07558333333333334,0.49731633679973164,0.502649884067572,0.07769360930024637,24
oracle_decision_value,0.5,6000,0.5,0.11508333333333333,0.8849166666666667,0.12508333333333332,0.11400918635170604,0.8838075880758808,0.11619241192411922,0.09458333333333334,1.0,0.006293474660483604,0.09648212907328499,24
learned_value,0.5,6000,0.5,0.1155,0.8845,0.1255,0.11482939632545931,0.8838075880758808,0.11619241192411922,0.09416666666666666,0.9785306943978531,0.027492547201059953,0.09631239127849658,24
random,0.6,7200,0.6,0.15283333333333332,0.8471666666666666,0.16483333333333333,0.1541994750656168,0.8485772357723578,0.15142276422764223,0.05683333333333335,0.5976182489097618,0.6023517721099702,0.058049129892339665,24
uncertainty,0.6,7200,0.6,0.12841666666666668,0.8715833333333334,0.1404166666666667,0.12811679790026248,0.8712737127371274,0.1287262872628726,0.08124999999999999,0.5961086883596108,0.6038423318979794,0.08487670247829761,24
oracle_decision_value,0.6,7200,0.6,0.11508333333333333,0.8849166666666667,0.12708333333333333,0.11400918635170604,0.8838075880758808,0.11619241192411922,0.09458333333333334,1.0,0.20503477972838688,0.09648212907328499,24
learned_value,0.6,7200,0.6,0.11508333333333333,0.8849166666666667,0.12708333333333333,0.11400918635170604,0.8838075880758808,0.11619241192411922,0.09458333333333334,1.0,0.20503477972838688,0.09648212907328499,24
random,0.75,9000,0.75,0.13858333333333334,0.8614166666666667,0.15358333333333335,0.13943569553805774,0.8622967479674797,0.13770325203252032,0.07108333333333333,0.7455551828245556,0.7543888704869162,0.07242826754449772,24
uncertainty,0.75,9000,0.75,0.12,0.88,0.135,0.11991469816272966,0.8799119241192412,0.12008807588075876,0.08966666666666667,0.7482388460248239,0.7517389864193441,0.09214011396942777,24
oracle_decision_value,0.75,9000,0.75,0.11508333333333333,0.8849166666666667,0.13008333333333333,0.11400918635170604,0.8838075880758808,0.11619241192411922,0.09458333333333334,1.0,0.5031467373302418,0.09648212907328499,24
learned_value,0.75,9000,0.75,0.11508333333333333,0.8849166666666667,0.13008333333333333,0.11400918635170604,0.8838075880758808,0.11619241192411922,0.09458333333333334,1.0,0.5031467373302418,0.09648212907328499,24
random,1.0,12000,1.0,0.11508333333333333,0.8849166666666667,0.13508333333333333,0.11400918635170604,0.8838075880758808,0.11619241192411922,0.09458333333333334,1.0,1.0,0.09648212907328499,24
uncertainty,1.0,12000,1.0,0.11508333333333333,0.8849166666666667,0.13508333333333333,0.11400918635170604,0.8838075880758808,0.11619241192411922,0.09458333333333334,1.0,1.0,0.09648212907328499,24
oracle_decision_value,1.0,12000,1.0,0.11508333333333333,0.8849166666666667,0.13508333333333333,0.11400918635170604,0.8838075880758808,0.11619241192411922,0.09458333333333334,1.0,1.0,0.09648212907328499,24
learned_value,1.0,12000,1.0,0.11508333333333333,0.8849166666666667,0.13508333333333333,0.11400918635170604,0.8838075880758808,0.11619241192411922,0.09458333333333334,1.0,1.0,0.09648212907328499,24
random,0.0,0,0.0,0.20391666666666666,0.7960833333333334,0.20391666666666666,0.2015593895155939,0.7937039517749498,0.2062960482250502,0.0,0.0,0.0,0.0,25
uncertainty,0.0,0,0.0,0.20391666666666666,0.7960833333333334,0.20391666666666666,0.2015593895155939,0.7937039517749498,0.2062960482250502,0.0,0.0,0.0,0.0,25
oracle_decision_value,0.0,0,0.0,0.20391666666666666,0.7960833333333334,0.20391666666666666,0.2015593895155939,0.7937039517749498,0.2062960482250502,0.0,0.0,0.0,0.0,25
learned_value,0.0,0,0.0,0.20391666666666666,0.7960833333333334,0.20391666666666666,0.2015593895155939,0.7937039517749498,0.2062960482250502,0.0,0.0,0.0,0.0,25
random,0.05,600,0.05,0.20025,0.79975,0.20125,0.19724618447246184,0.7967180174146015,0.20328198258539854,0.0036666666666666514,0.04979184013322231,0.05020850708924104,0.00455002860853069,25
uncertainty,0.05,600,0.05,0.1935,0.8065,0.1945,0.19077637690776378,0.8037508372404555,0.19624916275954452,0.010416666666666657,0.054787676935886764,0.045204336947456215,0.012638361748229994,25
oracle_decision_value,0.05,600,0.05,0.18366666666666667,0.8163333333333334,0.18466666666666667,0.17949568679495687,0.8121232417950436,0.18787675820495642,0.02024999999999999,0.09991673605328892,0.0,0.02234090906101873,25
learned_value,0.05,600,0.05,0.185,0.815,0.186,0.18198407431984073,0.8119557937039518,0.18804420629604823,0.018916666666666665,0.09991673605328892,0.0,0.0214247508866896,25
random,0.1,1200,0.1,0.19475,0.80525,0.19675,0.19276708692767086,0.8032484929671801,0.19675150703281985,0.009166666666666656,0.1019150707743547,0.09808173477898248,0.009563601785525726,25
uncertainty,0.1,1200,0.1,0.18266666666666667,0.8173333333333334,0.18466666666666667,0.17850033178500332,0.8131279303415941,0.18687206965840586,0.02124999999999999,0.10591174021648626,0.09407839866555463,0.023578795670216635,25
oracle_decision_value,0.1,1200,0.1,0.16466666666666666,0.8353333333333334,0.16666666666666666,0.16058394160583941,0.8312123241795043,0.1687876758204957,0.03925000000000001,0.19983347210657784,0.0,0.041289928030441875,25
learned_value,0.1,1200,0.1,0.16941666666666666,0.8305833333333333,0.17141666666666666,0.1617451891174519,0.8228399196249163,0.17716008037508368,0.0345,0.19983347210657784,0.0,0.03800109009749171,25
random,0.2,2400,0.2,0.18475,0.81525,0.18875,0.18214996682149967,0.8126255860683188,0.1873744139316812,0.019166666666666665,0.20116569525395503,0.1988323603002502,0.018919991279494213,25
uncertainty,0.2,2400,0.2,0.16458333333333333,0.8354166666666667,0.16858333333333334,0.16058394160583941,0.8313797722705961,0.16862022772940388,0.03933333333333333,0.2,0.2,0.04131862989526,25
oracle_decision_value,0.2,2400,0.2,0.13875,0.86125,0.14275000000000002,0.13404114134041142,0.8564969859343603,0.1435030140656397,0.06516666666666665,0.3996669442131557,0.0,0.06895939794801259,25
learned_value,0.2,2400,0.2,0.1395,0.8605,0.14350000000000002,0.13453881884538818,0.8554922973878097,0.14450770261219026,0.06441666666666665,0.3996669442131557,0.0,0.06787597528631575,25
random,0.25,3000,0.25,0.18,0.8200000000000001,0.185,0.17733908427339085,0.8173141326188882,0.1826858673811118,0.02391666666666667,0.2524562864279767,0.2475396163469558,0.023981203585182357,25
uncertainty,0.25,3000,0.25,0.15808333333333333,0.8419166666666666,0.16308333333333333,0.15428002654280026,0.8380776959142666,0.16192230408573338,0.04583333333333334,0.2466278101582015,0.25337781484570476,0.04895900108318898,25
oracle_decision_value,0.25,3000,0.25,0.12908333333333333,0.8709166666666667,0.13408333333333333,0.12491705374917053,0.8667113194909578,0.1332886805090422,0.07483333333333334,0.4995836802664446,0.0,0.07848189188915407,25
learned_value,0.25,3000,0.25,0.13016666666666668,0.8698333333333333,0.13516666666666668,0.12641008626410086,0.8660415271265908,0.13395847287340923,0.07374999999999998,0.4995836802664446,0.0,0.07734270008146565,25
random,0.3,3600,0.3,0.17516666666666666,0.8248333333333333,0.18116666666666667,0.17402123424021235,0.8236771600803751,0.17632283991962494,0.028749999999999998,0.3024146544546211,0.297581317764804,0.028767569322239207,25
uncertainty,0.3,3600,0.3,0.15108333333333332,0.8489166666666667,0.15708333333333332,0.14681486396814863,0.8446081714668453,0.1553918285331547,0.05283333333333334,0.2929225645295587,0.30708924103419516,0.05579468036174571,25
oracle_decision_value,0.3,3600,0.3,0.12125,0.87875,0.12725,0.11629064366290644,0.8737441393168118,0.12625586068318817,0.08266666666666667,0.5995004163197336,0.0,0.08561921998570096,25
learned_value,0.3,3600,0.3,0.12291666666666666,0.8770833333333333,0.12891666666666665,0.11994027869940278,0.8740790354989953,0.12592096450100465,0.081,0.5995004163197336,0.0,0.08405422790071916,25
random,0.4,4800,0.4,0.16691666666666666,0.8330833333333334,0.17491666666666666,0.16556071665560718,0.8317146684527796,0.16828533154722036,0.037000000000000005,0.4021648626144879,0.3978315262718932,0.03887296503900948,25
uncertainty,0.4,4800,0.4,0.1395,0.8605,0.14750000000000002,0.13487060384870603,0.8558271935699933,0.14417280643000674,0.06441666666666665,0.3916736053288926,0.40834028356964136,0.06808925203168362,25
oracle_decision_value,0.4,4800,0.4,0.11283333333333333,0.8871666666666667,0.12083333333333332,0.10766423357664233,0.8819490957803081,0.11805090421969189,0.09108333333333334,0.7993338884263114,0.0,0.09425050310382092,25
learned_value,0.4,4800,0.4,0.11275,0.88725,0.12075,0.10766423357664233,0.8821165438713998,0.11788345612860018,0.09116666666666666,0.7993338884263114,0.0,0.09387526258775798,25
random,0.5,6000,0.5,0.15716666666666668,0.8428333333333333,0.16716666666666669,0.1551094890510949,0.8407568653717348,0.15924313462826523,0.046749999999999986,0.5014154870940882,0.49858215179316095,0.04887177054141643,25
uncertainty,0.5,6000,0.5,0.12966666666666668,0.8703333333333333,0.1396666666666667,0.12524883875248838,0.865874079035499,0.13412592096450104,0.07424999999999998,0.49192339716902583,0.5080900750625521,0.07783712015830052,25
oracle_decision_value,0.5,6000,0.5,0.111,0.889,0.121,0.10600530856005308,0.8839584728734092,0.11604152712659077,0.09291666666666666,0.9991673605328892,0.0,0.09701996516157453,25
learned_value,0.5,6000,0.5,0.111,0.889,0.121,0.10600530856005308,0.8839584728734092,0.11604152712659077,0.09291666666666666,0.9655287260616153,0.03369474562135113,0.09686829311665793,25
random,0.6,7200,0.6,0.14758333333333334,0.8524166666666666,0.15958333333333335,0.1458195089581951,0.8506363027461487,0.14936369725385135,0.05633333333333332,0.6019983347210658,0.5979983319432861,0.05862515822932523,25
uncertainty,0.6,7200,0.6,0.1215,0.8785000000000001,0.1335,0.11678832116788321,0.8737441393168118,0.12625586068318817,0.08241666666666667,0.5913405495420483,0.6086738949124271,0.08511719108502502,25
oracle_decision_value,0.6,7200,0.6,0.111,0.889,0.123,0.10600530856005308,0.8839584728734092,0.11604152712659077,0.09291666666666666,1.0,0.1993327773144287,0.09702023858290355,25
learned_value,0.6,7200,0.6,0.111,0.889,0.123,0.10600530856005308,0.8839584728734092,0.11604152712659077,0.09291666666666666,0.9681931723563697,0.23119266055045873,0.09688059011203723,25
random,0.75,9000,0.75,0.13391666666666666,0.8660833333333333,0.14891666666666664,0.12972793629727936,0.8618553248492967,0.13814467515070328,0.07,0.7530391340549542,0.7469557964970809,0.07259957715417648,25
uncertainty,0.75,9000,0.75,0.11416666666666667,0.8858333333333334,0.12916666666666665,0.10865958858659588,0.8802746148693905,0.11972538513060949,0.08975,0.7450457951706911,0.7549624687239366,0.0925331598405146,25
oracle_decision_value,0.75,9000,0.75,0.111,0.889,0.126,0.10600530856005308,0.8839584728734092,0.11604152712659077,0.09291666666666666,1.0,0.49958298582151794,0.09702023858290355,25
learned_value,0.75,9000,0.75,0.111,0.889,0.126,0.10600530856005308,0.8839584728734092,0.11604152712659077,0.09291666666666666,0.9681931723563697,0.531442869057548,0.09688059011203723,25
random,1.0,12000,1.0,0.111,0.889,0.131,0.10600530856005308,0.8839584728734092,0.11604152712659077,0.09291666666666666,1.0,1.0,0.09702023858290355,25
uncertainty,1.0,12000,1.0,0.111,0.889,0.131,0.10600530856005308,0.8839584728734092,0.11604152712659077,0.09291666666666666,1.0,1.0,0.09702023858290355,25
oracle_decision_value,1.0,12000,1.0,0.111,0.889,0.131,0.10600530856005308,0.8839584728734092,0.11604152712659077,0.09291666666666666,1.0,1.0,0.09702023858290355,25
learned_value,1.0,12000,1.0,0.111,0.889,0.131,0.10600530856005308,0.8839584728734092,0.11604152712659077,0.09291666666666666,1.0,1.0,0.09702023858290355,25
random,0.0,0,0.0,0.20825,0.79175,0.20825,0.2076539101497504,0.7911519198664441,0.20884808013355594,0.0,0.0,0.0,0.0,26
uncertainty,0.0,0,0.0,0.20825,0.79175,0.20825,0.2076539101497504,0.7911519198664441,0.20884808013355594,0.0,0.0,0.0,0.0,26
oracle_decision_value,0.0,0,0.0,0.20825,0.79175,0.20825,0.2076539101497504,0.7911519198664441,0.20884808013355594,0.0,0.0,0.0,0.0,26
learned_value,0.0,0,0.0,0.20825,0.79175,0.20825,0.2076539101497504,0.7911519198664441,0.20884808013355594,0.0,0.0,0.0,0.0,26
random,0.05,600,0.05,0.20491666666666666,0.7950833333333334,0.20591666666666666,0.20382695507487522,0.7939899833055092,0.20601001669449082,0.003333333333333327,0.05336658354114713,0.04661654135338346,0.005140433109508298,26
uncertainty,0.05,600,0.05,0.19725,0.80275,0.19825,0.19750415973377705,0.8030050083472454,0.19699499165275458,0.010999999999999982,0.04970906068162926,0.050292397660818715,0.011461635953423826,26
oracle_decision_value,0.05,600,0.05,0.18658333333333332,0.8134166666666667,0.18758333333333332,0.18752079866888519,0.8143572621035059,0.1856427378964941,0.021666666666666667,0.09975062344139651,0.0,0.02216569459169792,26
learned_value,0.05,600,0.05,0.18741666666666668,0.8125833333333333,0.18841666666666668,0.18768718801996673,0.8128547579298832,0.18714524207011685,0.020833333333333315,0.09975062344139651,0.0,0.021249444482415135,26
random,0.1,1200,0.1,0.19983333333333334,0.8001666666666667,0.20183333333333334,0.2,0.8003338898163606,0.19966611018363944,0.008416666666666656,0.1057356608478803,0.09423558897243108,0.010202385373287218,26
uncertainty,0.1,1200,0.1,0.18683333333333332,0.8131666666666667,0.18883333333333333,0.18785357737104824,0.8141903171953255,0.18580968280467447,0.021416666666666667,0.09875311720698254,0.1012531328320802,0.0219605152158371,26
oracle_decision_value,0.1,1200,0.1,0.16925,0.83075,0.17125,0.17038269550748752,0.8318864774624374,0.16811352253756262,0.03899999999999998,0.19950124688279303,0.0,0.0411145935624504,26
learned_value,0.1,1200,0.1,0.16975,0.8302499999999999,0.17175,0.1718801996672213,0.8323873121869783,0.16761268781302174,0.03849999999999998,0.19950124688279303,0.0,0.040361659119515336,26
random,0.2,2400,0.2,0.19075,0.80925,0.19475,0.19051580698835274,0.8090150250417363,0.19098497495826372,0.017499999999999988,0.20216126350789693,0.197827903091061,0.020273599639786748,26
uncertainty,0.2,2400,0.2,0.16916666666666666,0.8308333333333333,0.17316666666666666,0.17021630615640598,0.8318864774624374,0.16811352253756262,0.03908333333333333,0.200498753117207,0.19949874686716793,0.04128852315921634,26
oracle_decision_value,0.2,2400,0.2,0.14341666666666666,0.8565833333333334,0.14741666666666667,0.1442595673876872,0.8574290484140233,0.14257095158597666,0.06483333333333333,0.39900249376558605,0.0,0.06963999696345813,26
learned_value,0.2,2400,0.2,0.14408333333333334,0.8559166666666667,0.14808333333333334,0.14026622296173044,0.8520868113522537,0.14791318864774627,0.06416666666666665,0.39900249376558605,0.0,0.06788181613413131,26
random,0.25,3000,0.25,0.18641666666666667,0.8135833333333333,0.19141666666666668,0.18602329450915142,0.8131886477462438,0.18681135225375622,0.021833333333333316,0.2528678304239402,0.24711779448621554,0.0254208390866773,26
uncertainty,0.25,3000,0.25,0.16233333333333333,0.8376666666666667,0.16733333333333333,0.1622296173044925,0.8375626043405676,0.16243739565943238,0.04591666666666666,0.24970906068162926,0.25029239766081873,0.04948231878344563,26
oracle_decision_value,0.25,3000,0.25,0.13416666666666666,0.8658333333333333,0.13916666666666666,0.13577371048252912,0.8674457429048414,0.13255425709515856,0.07408333333333333,0.49875311720698257,0.0,0.07955328455797347,26
learned_value,0.25,3000,0.25,0.13466666666666666,0.8653333333333333,0.13966666666666666,0.13643926788685523,0.8671118530884808,0.13288814691151918,0.07358333333333333,0.49875311720698257,0.0,0.07894648257049913,26
random,0.3,3600,0.3,0.181,0.819,0.187,0.17970049916805325,0.8176961602671119,0.1823038397328881,0.027249999999999996,0.30490440565253535,0.29507101086048454,0.030499144356049272,26
uncertainty,0.3,3600,0.3,0.15541666666666668,0.8445833333333334,0.16141666666666668,0.15507487520798668,0.8442404006677796,0.1557595993322204,0.052833333333333315,0.30157938487115543,0.2984126984126984,0.05726473635506147,26
oracle_decision_value,0.3,3600,0.3,0.12625,0.87375,0.13225,0.1264559068219634,0.8739565943238731,0.12604340567612693,0.08199999999999999,0.5985037406483791,0.0,0.08702374745453695,26
learned_value,0.3,3600,0.3,0.12858333333333333,0.8714166666666667,0.13458333333333333,0.1276206322795341,0.8704507512520868,0.12954924874791318,0.07966666666666666,0.5985037406483791,0.0,0.08577493268604498,26
random,0.4,4800,0.4,0.17183333333333334,0.8281666666666667,0.17983333333333335,0.17054908485856904,0.8268781302170284,0.17312186978297162,0.03641666666666665,0.4079800498753117,0.3919799498746867,0.040446499057275674,26
uncertainty,0.4,4800,0.4,0.14341666666666666,0.8565833333333334,0.15141666666666667,0.1442595673876872,0.8574290484140233,0.14257095158597666,0.06483333333333333,0.399833748960931,0.40016708437761067,0.06973356552860895,26
oracle_decision_value,0.4,4800,0.4,0.11775,0.88225,0.12575,0.11730449251247921,0.8818030050083473,0.1181969949916527,0.0905,0.7980049875311721,0.0,0.0960690044674681,26
learned_value,0.4,4800,0.4,0.12033333333333333,0.8796666666666667,0.12833333333333333,0.1221297836938436,0.8814691151919867,0.11853088480801333,0.08791666666666666,0.7980049875311721,0.0,0.09456211083910881,26
random,0.5,6000,0.5,0.16108333333333333,0.8389166666666666,0.17108333333333334,0.16073211314475874,0.8385642737896494,0.16143572621035063,0.04716666666666666,0.5068994181213633,0.4930659983291562,0.050328558582867486,26
uncertainty,0.5,6000,0.5,0.13408333333333333,0.8659166666666667,0.14408333333333334,0.13560732113144758,0.8674457429048414,0.13255425709515856,0.07416666666666666,0.4994181213632585,0.5005847953216375,0.07961056416047753,26
oracle_decision_value,0.5,6000,0.5,0.11541666666666667,0.8845833333333333,0.12541666666666668,0.11497504159733778,0.8841402337228714,0.11585976627712857,0.09283333333333332,0.9975062344139651,0.0,0.0989795964913774,26
learned_value,0.5,6000,0.5,0.11558333333333333,0.8844166666666666,0.12558333333333332,0.11497504159733778,0.8838063439065108,0.1161936560934892,0.09266666666666666,0.971571072319202,0.02606516290726817,0.09885661910505034,26
random,0.6,7200,0.6,0.14891666666666667,0.8510833333333333,0.16091666666666668,0.14908485856905157,0.8512520868113522,0.14874791318864777,0.05933333333333332,0.6043225270157938,0.595655806182122,0.06032653203610289,26
uncertainty,0.6,7200,0.6,0.12608333333333333,0.8739166666666667,0.13808333333333334,0.12628951747088185,0.8741235392320534,0.12587646076794656,0.08216666666666667,0.6029925187032419,0.5969924812030075,0.08730861675224068,26
oracle_decision_value,0.6,7200,0.6,0.11541666666666667,0.8845833333333333,0.12741666666666668,0.11497504159733778,0.8841402337228714,0.11585976627712857,0.09283333333333332,1.0,0.19799498746867167,0.09898140714784269,26
learned_value,0.6,7200,0.6,0.11558333333333333,0.8844166666666666,0.12758333333333333,0.11497504159733778,0.8838063439065108,0.1161936560934892,0.09266666666666666,0.972734829592685,0.2253968253968254,0.09886554193573738,26
random,0.75,9000,0.75,0.13775,0.86225,0.15275,0.13760399334442597,0.8621035058430718,0.13789649415692817,0.07049999999999998,0.7552784704904406,0.7446950710108605,0.07465932793553817,26
uncertainty,0.75,9000,0.75,0.11916666666666667,0.8808333333333334,0.13416666666666666,0.11880199667221297,0.8804674457429048,0.11953255425709519,0.08908333333333332,0.7532834580216127,0.7467000835421888,0.09465973332036508,26
oracle_decision_value,0.75,9000,0.75,0.11541666666666667,0.8845833333333333,0.13041666666666668,0.11497504159733778,0.8841402337228714,0.11585976627712857,0.09283333333333332,1.0,0.49874686716791977,0.09898140714784269,26
learned_value,0.75,9000,0.75,0.11558333333333333,0.8844166666666666,0.13058333333333333,0.11497504159733778,0.8838063439065108,0.1161936560934892,0.09266666666666666,0.972734829592685,0.5261487050960735,0.09886554193573738,26
random,1.0,12000,1.0,0.11541666666666667,0.8845833333333333,0.13541666666666666,0.11497504159733778,0.8841402337228714,0.11585976627712857,0.09283333333333332,1.0,1.0,0.09898140714784269,26
uncertainty,1.0,12000,1.0,0.11541666666666667,0.8845833333333333,0.13541666666666666,0.11497504159733778,0.8841402337228714,0.11585976627712857,0.09283333333333332,1.0,1.0,0.09898140714784269,26
oracle_decision_value,1.0,12000,1.0,0.11541666666666667,0.8845833333333333,0.13541666666666666,0.11497504159733778,0.8841402337228714,0.11585976627712857,0.09283333333333332,1.0,1.0,0.09898140714784269,26
learned_value,1.0,12000,1.0,0.11541666666666667,0.8845833333333333,0.13541666666666666,0.11497504159733778,0.8841402337228714,0.11585976627712857,0.09283333333333332,1.0,1.0,0.09898140714784269,26
random,0.0,0,0.0,0.2075,0.7925,0.2075,0.21205579541680505,0.7970893275342924,0.2029106724657076,0.0,0.0,0.0,0.0,27
uncertainty,0.0,0,0.0,0.2075,0.7925,0.2075,0.21205579541680505,0.7970893275342924,0.2029106724657076,0.0,0.0,0.0,0.0,27
oracle_decision_value,0.0,0,0.0,0.2075,0.7925,0.2075,0.21205579541680505,0.7970893275342924,0.2029106724657076,0.0,0.0,0.0,0.0,27
learned_value,0.0,0,0.0,0.2075,0.7925,0.2075,0.21205579541680505,0.7970893275342924,0.2029106724657076,0.0,0.0,0.0,0.0,27
random,0.05,600,0.05,0.20325,0.7967500000000001,0.20425,0.2074061773497177,0.8009367681498829,0.1990632318501171,0.004250000000000004,0.04676018704074816,0.05322687957418496,0.00442301189582075,27
uncertainty,0.05,600,0.05,0.19591666666666666,0.8040833333333334,0.19691666666666666,0.19843905679176355,0.8066242890598863,0.19337571094011374,0.011583333333333334,0.049265197060788246,0.050731869594145045,0.011283675109369104,27
oracle_decision_value,0.05,600,0.05,0.18433333333333332,0.8156666666666667,0.18533333333333332,0.18648289604782464,0.8178320508531282,0.18216794914687184,0.02316666666666667,0.10020040080160321,0.0,0.02207135920322346,27
learned_value,0.05,600,0.05,0.1855,0.8145,0.1865,0.18830953171703754,0.8173302107728337,0.18266978922716626,0.021999999999999992,0.10020040080160321,0.0,0.02002857927100735,27
random,0.1,1200,0.1,0.19866666666666666,0.8013333333333333,0.20066666666666666,0.20275655928263037,0.8054533288725326,0.19454667112746737,0.008833333333333332,0.0978623914495658,0.1021290751829674,0.009403146729384812,27
uncertainty,0.1,1200,0.1,0.18425,0.81575,0.18625,0.18648289604782464,0.817999330879893,0.18200066912010704,0.023249999999999993,0.10070140280561123,0.09930139720558882,0.0221731668090868,27
oracle_decision_value,0.1,1200,0.1,0.16558333333333333,0.8344166666666667,0.16758333333333333,0.16655596147459314,0.8353964536634326,0.16460354633656737,0.04191666666666666,0.20040080160320642,0.0,0.04072520669614261,27
learned_value,0.1,1200,0.1,0.167,0.833,0.169,0.17502490866821654,0.841083974573436,0.15891602542656402,0.04049999999999998,0.20040080160320642,0.0,0.03894159413481891,27
random,0.2,2400,0.2,0.18816666666666668,0.8118333333333333,0.19216666666666668,0.19262703420790436,0.8163265306122449,0.18367346938775508,0.019333333333333313,0.20557782231128924,0.19444444444444445,0.019399086126061928,27
uncertainty,0.2,2400,0.2,0.16541666666666666,0.8345833333333333,0.16941666666666666,0.16622384589837264,0.8353964536634326,0.16460354633656737,0.042083333333333334,0.2015698062792251,0.19843646041250831,0.040923281679285044,27
oracle_decision_value,0.2,2400,0.2,0.13983333333333334,0.8601666666666666,0.14383333333333334,0.14065094652939222,0.8609902977584476,0.1390097022415524,0.06766666666666665,0.40080160320641284,0.0,0.06838135683664162,27
learned_value,0.2,2400,0.2,0.14125,0.85875,0.14525,0.13450680836931253,0.8519571763131482,0.14804282368685184,0.06625,0.40080160320641284,0.0,0.06699187063675816,27
random,0.25,3000,0.25,0.18316666666666667,0.8168333333333333,0.18816666666666668,0.18698106941215542,0.8206758113081298,0.17932418869187017,0.024333333333333318,0.25684702738810955,0.24318030605455754,0.02433569081657122,27
uncertainty,0.25,3000,0.25,0.15825,0.84175,0.16325,0.15858518764530055,0.8420876547340248,0.1579123452659752,0.04924999999999999,0.25083500334001335,0.24916833000665337,0.048867620623533906,27
oracle_decision_value,0.25,3000,0.25,0.13058333333333333,0.8694166666666667,0.13558333333333333,0.13234805712387912,0.8711943793911007,0.12880562060889933,0.07691666666666666,0.501002004008016,0.0,0.07801092405298456,27
learned_value,0.25,3000,0.25,0.13158333333333333,0.8684166666666666,0.13658333333333333,0.12387910993025573,0.860655737704918,0.139344262295082,0.07591666666666666,0.501002004008016,0.0,0.07651804377342555,27
random,0.3,3600,0.3,0.17916666666666667,0.8208333333333333,0.18516666666666667,0.18299568249750914,0.8246905319504851,0.17530946804951486,0.02833333333333332,0.3062792251169005,0.29374584165003326,0.028875574647248575,27
uncertainty,0.3,3600,0.3,0.15141666666666667,0.8485833333333334,0.15741666666666668,0.15260710727333113,0.8497825359652058,0.1502174640347942,0.05608333333333332,0.29742818971275886,0.30256154357950765,0.05567676619728231,27
oracle_decision_value,0.3,3600,0.3,0.12325,0.87675,0.12925,0.12387910993025573,0.8773837403813984,0.12261625961860156,0.08424999999999999,0.6012024048096193,0.0,0.08530909026632381,27
learned_value,0.3,3600,0.3,0.12475,0.87525,0.13075,0.12255064762537363,0.8730344596855135,0.12696554031448648,0.08274999999999999,0.6012024048096193,0.0,0.08384783694043027,27
random,0.4,4800,0.4,0.17083333333333334,0.8291666666666666,0.17883333333333334,0.17419461972766523,0.832552693208431,0.16744730679156905,0.03666666666666665,0.40380761523046094,0.3962075848303393,0.03834153805703625,27
uncertainty,0.4,4800,0.4,0.1405,0.8594999999999999,0.14850000000000002,0.14131517768183327,0.8603211776513884,0.13967882234861162,0.06699999999999998,0.39462257849031396,0.40535595475715236,0.06770398266001137,27
oracle_decision_value,0.4,4800,0.4,0.11533333333333333,0.8846666666666667,0.12333333333333332,0.11541016273663235,0.8847440615590498,0.11525593844095017,0.09216666666666666,0.8016032064128257,0.0,0.09384748777670412,27
learned_value,0.4,4800,0.4,0.1155,0.8845,0.1235,0.11491198937230156,0.8839076614252258,0.11609233857477419,0.09199999999999998,0.8016032064128257,0.0,0.09332069727833474,27
random,0.5,6000,0.5,0.16125,0.83875,0.17125,0.16439721022915973,0.84192037470726,0.15807962529274,0.046249999999999986,0.5063460253841016,0.49367930805056554,0.04829778714634512,27
uncertainty,0.5,6000,0.5,0.131,0.869,0.14100000000000001,0.13268017270009963,0.8706925393108063,0.12930746068919374,0.07649999999999998,0.4926519706078824,0.5073186959414504,0.07730108673543236,27
oracle_decision_value,0.5,6000,0.5,0.113,0.887,0.123,0.11358352706741946,0.8875878220140515,0.11241217798594849,0.09449999999999999,1.0,0.001996007984031936,0.09645499383336653,27
learned_value,0.5,6000,0.5,0.11325,0.88675,0.12325,0.11358352706741946,0.8870859819337571,0.1129140180662429,0.09424999999999999,0.9764529058116233,0.025449101796407185,0.09624491543457342,27
random,0.6,7200,0.6,0.15083333333333335,0.8491666666666666,0.16283333333333336,0.15293922284955164,0.8512880562060889,0.14871194379391106,0.05666666666666664,0.6072144288577155,0.592814371257485,0.05772328686055449,27
uncertainty,0.6,7200,0.6,0.1235,0.8765000000000001,0.1355,0.12421122550647626,0.8772164603546336,0.12278353964536637,0.08399999999999999,0.5933533734134937,0.6066200931470392,0.08481532310709848,27
oracle_decision_value,0.6,7200,0.6,0.113,0.887,0.125,0.11358352706741946,0.8875878220140515,0.11241217798594849,0.09449999999999999,1.0,0.20159680638722555,0.09645499383336653,27
learned_value,0.6,7200,0.6,0.113,0.887,0.125,0.11358352706741946,0.8875878220140515,0.11241217798594849,0.09449999999999999,1.0,0.20159680638722555,0.09645499383336653,27
random,0.75,9000,0.75,0.13733333333333334,0.8626666666666667,0.15233333333333332,0.1398206575888409,0.8651722984275677,0.1348277015724323,0.07016666666666665,0.7548430193720775,0.7451763140385895,0.07204741466038386,27
uncertainty,0.75,9000,0.75,0.11708333333333333,0.8829166666666667,0.13208333333333333,0.11740285619395549,0.8832385413181666,0.11676145868183341,0.09041666666666666,0.741315965263861,0.7586493679308051,0.09202177505828611,27
oracle_decision_value,0.75,9000,0.75,0.113,0.887,0.128,0.11358352706741946,0.8875878220140515,0.11241217798594849,0.09449999999999999,1.0,0.500998003992016,0.09645499383336653,27
learned_value,0.75,9000,0.75,0.113,0.887,0.128,0.11358352706741946,0.8875878220140515,0.11241217798594849,0.09449999999999999,1.0,0.500998003992016,0.09645499383336653,27
random,1.0,12000,1.0,0.113,0.887,0.133,0.11358352706741946,0.8875878220140515,0.11241217798594849,0.09449999999999999,1.0,1.0,0.09645499383336653,27
uncertainty,1.0,12000,1.0,0.113,0.887,0.133,0.11358352706741946,0.8875878220140515,0.11241217798594849,0.09449999999999999,1.0,1.0,0.09645499383336653,27
oracle_decision_value,1.0,12000,1.0,0.113,0.887,0.133,0.11358352706741946,0.8875878220140515,0.11241217798594849,0.09449999999999999,1.0,1.0,0.09645499383336653,27
learned_value,1.0,12000,1.0,0.113,0.887,0.133,0.11358352706741946,0.8875878220140515,0.11241217798594849,0.09449999999999999,1.0,1.0,0.09645499383336653,27
random,0.0,0,0.0,0.20733333333333334,0.7926666666666666,0.20733333333333334,0.21771647000166197,0.8031088082901554,0.1968911917098446,0.0,0.0,0.0,0.0,28
uncertainty,0.0,0,0.0,0.20733333333333334,0.7926666666666666,0.20733333333333334,0.21771647000166197,0.8031088082901554,0.1968911917098446,0.0,0.0,0.0,0.0,28
oracle_decision_value,0.0,0,0.0,0.20733333333333334,0.7926666666666666,0.20733333333333334,0.21771647000166197,0.8031088082901554,0.1968911917098446,0.0,0.0,0.0,0.0,28
learned_value,0.0,0,0.0,0.20733333333333334,0.7926666666666666,0.20733333333333334,0.21771647000166197,0.8031088082901554,0.1968911917098446,0.0,0.0,0.0,0.0,28
random,0.05,600,0.05,0.203,0.7969999999999999,0.20400000000000001,0.21356157553598137,0.8076215945178005,0.19237840548219953,0.004333333333333328,0.04845741113346747,0.05152418820410868,0.004292713181643406,28
uncertainty,0.05,600,0.05,0.19683333333333333,0.8031666666666667,0.19783333333333333,0.20724613594814692,0.8136386428213271,0.18636135717867286,0.01050000000000001,0.0482897384305835,0.05168986083499006,0.010987752022098448,28
oracle_decision_value,0.05,600,0.05,0.18575,0.81425,0.18675,0.19444906099385076,0.8229984957379242,0.17700150426207584,0.021583333333333343,0.1006036217303823,0.0,0.02193216721848179,28
learned_value,0.05,600,0.05,0.18608333333333332,0.8139166666666666,0.18708333333333332,0.19095894964267907,0.8188199899715861,0.18118001002841388,0.02125000000000002,0.1006036217303823,0.0,0.020416864871913624,28
random,0.1,1200,0.1,0.19808333333333333,0.8019166666666666,0.20008333333333334,0.20924048529167358,0.8131372221293666,0.18686277787063343,0.009250000000000008,0.0994299128101945,0.10056328694499668,0.009048581816831332,28
uncertainty,0.1,1200,0.1,0.1865,0.8135,0.1885,0.1954462356656141,0.8224970750459636,0.1775029249540364,0.020833333333333343,0.09758551307847083,0.10238568588469185,0.021325589780059127,28
oracle_decision_value,0.1,1200,0.1,0.16666666666666666,0.8333333333333334,0.16866666666666666,0.17517035067309292,0.8418853418017717,0.15811465819822834,0.040666666666666684,0.2012072434607646,0.0,0.04040500192361137,28
learned_value,0.1,1200,0.1,0.16825,0.83175,0.17025,0.17566893800897457,0.8392110981113154,0.16078890188868455,0.03908333333333333,0.2012072434607646,0.0,0.038845509665832854,28
random,0.2,2400,0.2,0.18825,0.81175,0.19225,0.199102542795413,0.822664215276617,0.17733578472338296,0.01908333333333334,0.20103957075788062,0.19897282968853544,0.019069242084836523,28
uncertainty,0.2,2400,0.2,0.16666666666666666,0.8333333333333334,0.17066666666666666,0.17517035067309292,0.8418853418017717,0.15811465819822834,0.040666666666666684,0.20137491616364855,0.1986414844267727,0.04043311020640695,28
oracle_decision_value,0.2,2400,0.2,0.13975,0.86025,0.14375000000000002,0.1480804387568556,0.8686277787063346,0.13137222129366544,0.06758333333333333,0.4024144869215292,0.0,0.06802223789487827,28
learned_value,0.2,2400,0.2,0.14241666666666666,0.8575833333333334,0.14641666666666667,0.1512381585507728,0.8664549557078389,0.13354504429216107,0.06491666666666668,0.4024144869215292,0.0,0.0657820706190663,28
random,0.25,3000,0.25,0.18358333333333332,0.8164166666666667,0.18858333333333333,0.1956124314442413,0.8285141233494903,0.17148587665050974,0.02375000000000002,0.2505030181086519,0.24950298210735586,0.023957369363051328,28
uncertainty,0.25,3000,0.25,0.15891666666666668,0.8410833333333333,0.16391666666666668,0.16802393219212233,0.8502423533344476,0.14975764666555236,0.04841666666666666,0.25217974513749164,0.24784625579854208,0.048523370238699765,28
oracle_decision_value,0.25,3000,0.25,0.12925,0.87075,0.13425,0.13827488781784944,0.8798261741601203,0.12017382583987968,0.07808333333333334,0.5030181086519114,0.0,0.0777791761453106,28
learned_value,0.25,3000,0.25,0.13158333333333333,0.8684166666666666,0.13658333333333333,0.13960445404686722,0.87648336954705,0.12351663045295003,0.07575000000000001,0.5030181086519114,0.0,0.07635425031457654,28
random,0.3,3600,0.3,0.1795,0.8205,0.1855,0.1917899285358152,0.8328597693464816,0.16714023065351835,0.02783333333333335,0.2994634473507713,0.3005301524188204,0.0286793797590087,28
uncertainty,0.3,3600,0.3,0.151,0.849,0.157,0.15888316436762506,0.8569279625605883,0.14307203743941166,0.056333333333333346,0.3038229376257545,0.2962226640159046,0.05595202148816855,28
oracle_decision_value,0.3,3600,0.3,0.12208333333333334,0.8779166666666667,0.12808333333333333,0.13129466511550605,0.8871803443088752,0.11281965569112484,0.08525,0.6036217303822937,0.0,0.08512318250545114,28
learned_value,0.3,3600,0.3,0.12433333333333334,0.8756666666666667,0.13033333333333333,0.13245803556589664,0.8838375396958048,0.11616246030419519,0.083,0.6036217303822937,0.0,0.08346440071563217,28
random,0.4,4800,0.4,0.17025,0.82975,0.17825000000000002,0.18198437759680905,0.8415510613404646,0.15844893865953535,0.03708333333333333,0.3963782696177062,0.40357852882703776,0.0381912699315927,28
uncertainty,0.4,4800,0.4,0.13975,0.86025,0.14775000000000002,0.1480804387568556,0.8686277787063346,0.13137222129366544,0.06758333333333333,0.403420523138833,0.3966202783300199,0.06813211370892584,28
oracle_decision_value,0.4,4800,0.4,0.11425,0.88575,0.12225,0.12315107196277214,0.8947016546882834,0.10529834531171656,0.09308333333333334,0.8048289738430584,0.0,0.09386391411496631,28
learned_value,0.4,4800,0.4,0.11516666666666667,0.8848333333333334,0.12316666666666667,0.12215389729100881,0.8918602707671737,0.10813972923282633,0.09216666666666667,0.8048289738430584,0.0,0.09313915544543458,28
random,0.5,6000,0.5,0.16033333333333333,0.8396666666666667,0.17033333333333334,0.17134784776466677,0.8507437740264081,0.1492562259735919,0.047000000000000014,0.4953051643192488,0.5046388336646785,0.047211493328788566,28
uncertainty,0.5,6000,0.5,0.12916666666666668,0.8708333333333333,0.1391666666666667,0.13827488781784944,0.8799933143907739,0.12000668560922612,0.07816666666666666,0.5067069081153588,0.4933730947647449,0.07808835439550463,28
oracle_decision_value,0.5,6000,0.5,0.11233333333333333,0.8876666666666667,0.12233333333333332,0.12198770151238159,0.8973758983787398,0.10262410162126023,0.09500000000000001,1.0,0.005964214711729622,0.09644576858424281,28
learned_value,0.5,6000,0.5,0.1125,0.8875,0.1225,0.12198770151238159,0.8970416179174328,0.10295838208256725,0.09483333333333334,0.971327967806841,0.03429423459244533,0.09631569866094204,28
random,0.6,7200,0.6,0.15125,0.84875,0.16325,0.16237327571879676,0.8599364867123517,0.14006351328764832,0.056083333333333346,0.5942320590207915,0.6056991385023194,0.05691640359274959,28
uncertainty,0.6,7200,0.6,0.12191666666666667,0.8780833333333333,0.13391666666666668,0.13112846933687886,0.8873474845395287,0.11265251546047128,0.08541666666666667,0.6058014755197854,0.5942677269715043,0.08525871570463649,28
oracle_decision_value,0.6,7200,0.6,0.11233333333333333,0.8876666666666667,0.12433333333333332,0.12198770151238159,0.8973758983787398,0.10262410162126023,0.09500000000000001,1.0,0.2047713717693837,0.09644576858424281,28
learned_value,0.6,7200,0.6,0.11241666666666666,0.8875833333333334,0.12441666666666666,0.12198770151238159,0.8972087581480862,0.1027912418519138,0.09491666666666668,0.9872568745808182,0.21736249171636846,0.09641784877700502,28
random,0.75,9000,0.75,0.13541666666666666,0.8645833333333334,0.15041666666666664,0.14558750207744722,0.8748119672405148,0.1251880327594852,0.07191666666666668,0.7513413816230717,0.748674618952949,0.0722524862604203,28
uncertainty,0.75,9000,0.75,0.11525,0.88475,0.13025,0.12398205085590826,0.8935316730737088,0.10646832692629116,0.09208333333333334,0.7523474178403756,0.7476805831676607,0.09227157589701862,28
oracle_decision_value,0.75,9000,0.75,0.11233333333333333,0.8876666666666667,0.12733333333333333,0.12198770151238159,0.8973758983787398,0.10262410162126023,0.09500000000000001,1.0,0.5029821073558648,0.09644576858424281,28
learned_value,0.75,9000,0.75,0.11241666666666666,0.8875833333333334,0.12741666666666668,0.12198770151238159,0.8972087581480862,0.1027912418519138,0.09491666666666668,0.9872568745808182,0.5155732273028496,0.09641784877700502,28
random,1.0,12000,1.0,0.11233333333333333,0.8876666666666667,0.13233333333333333,0.12198770151238159,0.8973758983787398,0.10262410162126023,0.09500000000000001,1.0,1.0,0.09644576858424281,28
uncertainty,1.0,12000,1.0,0.11233333333333333,0.8876666666666667,0.13233333333333333,0.12198770151238159,0.8973758983787398,0.10262410162126023,0.09500000000000001,1.0,1.0,0.09644576858424281,28
oracle_decision_value,1.0,12000,1.0,0.11233333333333333,0.8876666666666667,0.13233333333333333,0.12198770151238159,0.8973758983787398,0.10262410162126023,0.09500000000000001,1.0,1.0,0.09644576858424281,28
learned_value,1.0,12000,1.0,0.11233333333333333,0.8876666666666667,0.13233333333333333,0.12198770151238159,0.8973758983787398,0.10262410162126023,0.09500000000000001,1.0,1.0,0.09644576858424281,28
random,0.0,0,0.0,0.2075,0.7925,0.2075,0.21245791245791246,0.7973597359735973,0.20264026402640267,0.0,0.0,0.0,0.0,29
uncertainty,0.0,0,0.0,0.2075,0.7925,0.2075,0.21245791245791246,0.7973597359735973,0.20264026402640267,0.0,0.0,0.0,0.0,29
oracle_decision_value,0.0,0,0.0,0.2075,0.7925,0.2075,0.21245791245791246,0.7973597359735973,0.20264026402640267,0.0,0.0,0.0,0.0,29
learned_value,0.0,0,0.0,0.2075,0.7925,0.2075,0.21245791245791246,0.7973597359735973,0.20264026402640267,0.0,0.0,0.0,0.0,29
random,0.05,600,0.05,0.20258333333333334,0.7974166666666667,0.20358333333333334,0.20707070707070707,0.8018151815181518,0.1981848184818482,0.0049166666666666525,0.05087601078167116,0.04914248021108179,0.005006621411862506,29
uncertainty,0.05,600,0.05,0.19575,0.80425,0.19675,0.20033670033670034,0.8087458745874587,0.19125412541254128,0.011749999999999983,0.04818059299191375,0.05178100263852243,0.010991210346269403,29
oracle_decision_value,0.05,600,0.05,0.18508333333333332,0.8149166666666667,0.18608333333333332,0.1904040404040404,0.8201320132013201,0.17986798679867988,0.022416666666666668,0.10107816711590296,0.0,0.02211791532674126,29
learned_value,0.05,600,0.05,0.18658333333333332,0.8134166666666667,0.18758333333333332,0.1978114478114478,0.8244224422442245,0.17557755775577555,0.020916666666666667,0.10107816711590296,0.0,0.02143604259245902,29
random,0.1,1200,0.1,0.197,0.8029999999999999,0.199,0.20252525252525252,0.8084158415841585,0.19158415841584153,0.010499999999999982,0.10074123989218328,0.09927440633245382,0.010148501658728144,29
uncertainty,0.1,1200,0.1,0.18566666666666667,0.8143333333333334,0.18766666666666668,0.19090909090909092,0.8194719471947195,0.1805280528052805,0.021833333333333316,0.09838274932614555,0.10158311345646438,0.021573644006215104,29
oracle_decision_value,0.1,1200,0.1,0.16566666666666666,0.8343333333333334,0.16766666666666666,0.17037037037037037,0.838943894389439,0.16105610561056105,0.041833333333333333,0.20215633423180593,0.0,0.040750649596573284,29
learned_value,0.1,1200,0.1,0.16608333333333333,0.8339166666666666,0.16808333333333333,0.17323232323232324,0.8409240924092409,0.15907590759075907,0.04141666666666666,0.20215633423180593,0.0,0.039918396209253505,29
random,0.2,2400,0.2,0.18758333333333332,0.8124166666666667,0.19158333333333333,0.1925925925925926,0.8173267326732673,0.18267326732673272,0.019916666666666666,0.2033355795148248,0.1967348284960422,0.01981893355691123,29
uncertainty,0.2,2400,0.2,0.1665,0.8335,0.1705,0.1712121212121212,0.8381188118811881,0.16188118811881191,0.04099999999999998,0.1984501347708895,0.20151715039577836,0.040125787912852234,29
oracle_decision_value,0.2,2400,0.2,0.13925,0.86075,0.14325000000000002,0.14309764309764308,0.8645214521452145,0.13547854785478552,0.06824999999999998,0.40431266846361186,0.0,0.06878769010238979,29
learned_value,0.2,2400,0.2,0.14183333333333334,0.8581666666666666,0.14583333333333334,0.1452861952861953,0.8615511551155115,0.1384488448844885,0.06566666666666665,0.40431266846361186,0.0,0.06659841600499934,29
random,0.25,3000,0.25,0.18333333333333332,0.8166666666666667,0.18833333333333332,0.18821548821548822,0.8214521452145215,0.17854785478547852,0.02416666666666667,0.25370619946091644,0.24637203166226912,0.024695137684573452,29
uncertainty,0.25,3000,0.25,0.15808333333333333,0.8419166666666666,0.16308333333333333,0.1627946127946128,0.8465346534653465,0.1534653465346535,0.049416666666666664,0.2505053908355795,0.2495052770448549,0.048505601679952756,29
oracle_decision_value,0.25,3000,0.25,0.12975,0.87025,0.13475,0.13333333333333333,0.8737623762376238,0.12623762376237624,0.07774999999999999,0.5053908355795148,0.0,0.07870551346285744,29
learned_value,0.25,3000,0.25,0.13116666666666665,0.8688333333333333,0.13616666666666666,0.1335016835016835,0.8711221122112212,0.12887788778877884,0.07633333333333334,0.5053908355795148,0.0,0.07741983257775902,29
random,0.3,3600,0.3,0.179,0.821,0.185,0.1835016835016835,0.8254125412541254,0.17458745874587456,0.028499999999999998,0.30087601078167114,0.2991424802110818,0.02941703612549033,29
uncertainty,0.3,3600,0.3,0.15083333333333335,0.8491666666666666,0.15683333333333335,0.1543771043771044,0.8526402640264027,0.1473597359735973,0.05666666666666664,0.30576145552560646,0.29436015831134565,0.05654429285639914,29
oracle_decision_value,0.3,3600,0.3,0.123,0.877,0.129,0.12794612794612795,0.8818481848184818,0.11815181518151818,0.08449999999999999,0.6064690026954178,0.0,0.08609959802355786,29
learned_value,0.3,3600,0.3,0.12458333333333334,0.8754166666666666,0.13058333333333333,0.1292929292929293,0.8800330033003301,0.11996699669966993,0.08291666666666665,0.6064690026954178,0.0,0.0851962250691939,29
random,0.4,4800,0.4,0.16758333333333333,0.8324166666666667,0.17558333333333334,0.1718855218855219,0.8366336633663366,0.1633663366336634,0.039916666666666656,0.403133423180593,0.3969327176781003,0.03899130871197699,29
uncertainty,0.4,4800,0.4,0.13916666666666666,0.8608333333333333,0.14716666666666667,0.14309764309764308,0.8646864686468647,0.13531353135313529,0.06833333333333333,0.40599730458221023,0.3941292875989446,0.06897409022173819,29
oracle_decision_value,0.4,4800,0.4,0.1145,0.8855,0.1225,0.11885521885521885,0.8897689768976897,0.11023102310231025,0.09299999999999999,0.8086253369272237,0.0,0.09480051363377094,29
learned_value,0.4,4800,0.4,0.11541666666666667,0.8845833333333333,0.12341666666666667,0.11986531986531987,0.888943894389439,0.111056105610561,0.09208333333333332,0.8064353099730458,0.0021437994722955144,0.09415746295040649,29
random,0.5,6000,0.5,0.15716666666666668,0.8428333333333333,0.16716666666666669,0.16178451178451178,0.8473597359735974,0.15264026402640263,0.05033333333333331,0.5006738544474394,0.49934036939313986,0.04840643192863393,29
uncertainty,0.5,6000,0.5,0.13025,0.86975,0.14025,0.13383838383838384,0.8732673267326733,0.12673267326732673,0.07724999999999999,0.5032008086253369,0.49686675461741425,0.07851909299825195,29
oracle_decision_value,0.5,6000,0.5,0.11208333333333333,0.8879166666666667,0.12208333333333332,0.1164983164983165,0.8922442244224422,0.10775577557755778,0.09541666666666666,1.0,0.010554089709762533,0.09739319369204029,29
learned_value,0.5,6000,0.5,0.11233333333333333,0.8876666666666667,0.12233333333333332,0.117003367003367,0.8922442244224422,0.10775577557755778,0.09516666666666666,0.95838948787062,0.05128627968337731,0.0971815066408963,29
random,0.6,7200,0.6,0.14691666666666667,0.8530833333333333,0.15891666666666668,0.15168350168350167,0.8577557755775578,0.14224422442244222,0.06058333333333332,0.6032681940700808,0.5968007915567283,0.058972436635292856,29
uncertainty,0.6,7200,0.6,0.1235,0.8765000000000001,0.1355,0.12895622895622896,0.8818481848184818,0.11815181518151818,0.08399999999999999,0.6025943396226415,0.5974604221635884,0.08585925270330044,29
oracle_decision_value,0.6,7200,0.6,0.11208333333333333,0.8879166666666667,0.12408333333333332,0.1164983164983165,0.8922442244224422,0.10775577557755778,0.09541666666666666,1.0,0.20844327176781002,0.09739319369204029,29
learned_value,0.6,7200,0.6,0.11216666666666666,0.8878333333333334,0.12416666666666666,0.11666666666666667,0.8922442244224422,0.10775577557755778,0.09533333333333333,0.9848382749326146,0.2232849604221636,0.09734794744188541,29
random,0.75,9000,0.75,0.13475,0.86525,0.14975,0.1388888888888889,0.8693069306930693,0.1306930693069307,0.07274999999999998,0.7520215633423181,0.7480211081794196,0.07317211780422928,29
uncertainty,0.75,9000,0.75,0.1165,0.8835,0.1315,0.12087542087542087,0.8877887788778878,0.11221122112211224,0.09099999999999998,0.7515161725067385,0.7485158311345647,0.09301915310062747,29
oracle_decision_value,0.75,9000,0.75,0.11208333333333333,0.8879166666666667,0.12708333333333333,0.1164983164983165,0.8922442244224422,0.10775577557755778,0.09541666666666666,1.0,0.5052770448548812,0.09739319369204029,29
learned_value,0.75,9000,0.75,0.11216666666666666,0.8878333333333334,0.12716666666666665,0.11666666666666667,0.8922442244224422,0.10775577557755778,0.09533333333333333,0.9848382749326146,0.5201187335092349,0.09734794744188541,29
random,1.0,12000,1.0,0.11208333333333333,0.8879166666666667,0.13208333333333333,0.1164983164983165,0.8922442244224422,0.10775577557755778,0.09541666666666666,1.0,1.0,0.09739319369204029,29
uncertainty,1.0,12000,1.0,0.11208333333333333,0.8879166666666667,0.13208333333333333,0.1164983164983165,0.8922442244224422,0.10775577557755778,0.09541666666666666,1.0,1.0,0.09739319369204029,29
oracle_decision_value,1.0,12000,1.0,0.11208333333333333,0.8879166666666667,0.13208333333333333,0.1164983164983165,0.8922442244224422,0.10775577557755778,0.09541666666666666,1.0,1.0,0.09739319369204029,29
learned_value,1.0,12000,1.0,0.11208333333333333,0.8879166666666667,0.13208333333333333,0.1164983164983165,0.8922442244224422,0.10775577557755778,0.09541666666666666,1.0,1.0,0.09739319369204029,29
