layer,factor_label_condition,factor_grouping_condition,measurement_label_condition,measurement_grouping_condition,seed,stack,policy_kind,target_key,target_rate,policy_source,outer_rows_source,n,positive_n,negative_n,tp,fn,fp,tn,recall,fpr,precision,row_fpr_upper95,negative_dependency_groups,failed_dependency_groups,dependency_group_event_rate,dependency_group_event_upper95,risk_gate_pass,train_n,selection_n,outer_n,training_label_column,training_group_column,acquisition_threshold,decision_threshold,selection_acquisition_rate,outer_acquisition_rate,selection_recall,selection_fpr
fixed_policy_measurement,audited,dependency_primary,audited,dependency_primary,1729,compact_to_qwen,cheap_only,anchor,,frozen_audited_dependency_primary_pilot_predictions,frozen_baseline_outer_holdout,420,71,349,13,58,17,332,0.18309859154929578,0.04871060171919771,0.43333333333333335,0.0721711346734761,347,17,0.04899135446685879,0.0725819148103667,False,,,,,,,,,,,
fixed_policy_measurement,audited,singleton_weak,audited,singleton_weak,1729,compact_to_qwen,cheap_only,anchor,,frozen_audited_dependency_primary_pilot_predictions,frozen_baseline_outer_holdout,420,71,349,13,58,17,332,0.18309859154929578,0.04871060171919771,0.43333333333333335,0.0721711346734761,349,17,0.04871060171919771,0.0721711346734761,False,,,,,,,,,,,
fixed_policy_measurement,original,dependency_primary,original,dependency_primary,1729,compact_to_qwen,cheap_only,anchor,,frozen_audited_dependency_primary_pilot_predictions,frozen_baseline_outer_holdout,420,71,349,13,58,17,332,0.18309859154929578,0.04871060171919771,0.43333333333333335,0.0721711346734761,347,17,0.04899135446685879,0.0725819148103667,False,,,,,,,,,,,
fixed_policy_measurement,original,singleton_weak,original,singleton_weak,1729,compact_to_qwen,cheap_only,anchor,,frozen_audited_dependency_primary_pilot_predictions,frozen_baseline_outer_holdout,420,71,349,13,58,17,332,0.18309859154929578,0.04871060171919771,0.43333333333333335,0.0721711346734761,349,17,0.04871060171919771,0.0721711346734761,False,,,,,,,,,,,
fixed_policy_measurement,audited,dependency_primary,audited,dependency_primary,1729,compact_to_qwen,full_information,anchor,,frozen_audited_dependency_primary_pilot_predictions,frozen_baseline_outer_holdout,420,71,349,62,9,14,335,0.8732394366197183,0.04011461318051576,0.8157894736842105,0.06200219374162649,347,14,0.040345821325648415,0.06235543281596552,False,,,,,,,,,,,
fixed_policy_measurement,audited,singleton_weak,audited,singleton_weak,1729,compact_to_qwen,full_information,anchor,,frozen_audited_dependency_primary_pilot_predictions,frozen_baseline_outer_holdout,420,71,349,62,9,14,335,0.8732394366197183,0.04011461318051576,0.8157894736842105,0.06200219374162649,349,14,0.04011461318051576,0.06200219374162649,False,,,,,,,,,,,
fixed_policy_measurement,original,dependency_primary,original,dependency_primary,1729,compact_to_qwen,full_information,anchor,,frozen_audited_dependency_primary_pilot_predictions,frozen_baseline_outer_holdout,420,71,349,62,9,14,335,0.8732394366197183,0.04011461318051576,0.8157894736842105,0.06200219374162649,347,14,0.040345821325648415,0.06235543281596552,False,,,,,,,,,,,
fixed_policy_measurement,original,singleton_weak,original,singleton_weak,1729,compact_to_qwen,full_information,anchor,,frozen_audited_dependency_primary_pilot_predictions,frozen_baseline_outer_holdout,420,71,349,62,9,14,335,0.8732394366197183,0.04011461318051576,0.8157894736842105,0.06200219374162649,349,14,0.04011461318051576,0.06200219374162649,False,,,,,,,,,,,
fixed_policy_measurement,audited,dependency_primary,audited,dependency_primary,1729,compact_to_qwen,selective_deployable,0.10,0.1,frozen_audited_dependency_primary_pilot_predictions,frozen_baseline_outer_holdout,420,71,349,23,48,9,340,0.323943661971831,0.025787965616045846,0.71875,0.04456857254031658,347,9,0.025936599423631124,0.044822948705678975,True,,,,,,,,,,,
fixed_policy_measurement,audited,singleton_weak,audited,singleton_weak,1729,compact_to_qwen,selective_deployable,0.10,0.1,frozen_audited_dependency_primary_pilot_predictions,frozen_baseline_outer_holdout,420,71,349,23,48,9,340,0.323943661971831,0.025787965616045846,0.71875,0.04456857254031658,349,9,0.025787965616045846,0.04456857254031658,True,,,,,,,,,,,
fixed_policy_measurement,original,dependency_primary,original,dependency_primary,1729,compact_to_qwen,selective_deployable,0.10,0.1,frozen_audited_dependency_primary_pilot_predictions,frozen_baseline_outer_holdout,420,71,349,23,48,9,340,0.323943661971831,0.025787965616045846,0.71875,0.04456857254031658,347,9,0.025936599423631124,0.044822948705678975,True,,,,,,,,,,,
fixed_policy_measurement,original,singleton_weak,original,singleton_weak,1729,compact_to_qwen,selective_deployable,0.10,0.1,frozen_audited_dependency_primary_pilot_predictions,frozen_baseline_outer_holdout,420,71,349,23,48,9,340,0.323943661971831,0.025787965616045846,0.71875,0.04456857254031658,349,9,0.025787965616045846,0.04456857254031658,True,,,,,,,,,,,
fixed_policy_measurement,audited,dependency_primary,audited,dependency_primary,1729,compact_to_qwen,selective_deployable,0.25,0.25,frozen_audited_dependency_primary_pilot_predictions,frozen_baseline_outer_holdout,420,71,349,41,30,16,333,0.5774647887323944,0.045845272206303724,0.7192982456140351,0.0688005183497085,347,16,0.04610951008645533,0.06919223556730196,False,,,,,,,,,,,
fixed_policy_measurement,audited,singleton_weak,audited,singleton_weak,1729,compact_to_qwen,selective_deployable,0.25,0.25,frozen_audited_dependency_primary_pilot_predictions,frozen_baseline_outer_holdout,420,71,349,41,30,16,333,0.5774647887323944,0.045845272206303724,0.7192982456140351,0.0688005183497085,349,16,0.045845272206303724,0.0688005183497085,False,,,,,,,,,,,
fixed_policy_measurement,original,dependency_primary,original,dependency_primary,1729,compact_to_qwen,selective_deployable,0.25,0.25,frozen_audited_dependency_primary_pilot_predictions,frozen_baseline_outer_holdout,420,71,349,41,30,16,333,0.5774647887323944,0.045845272206303724,0.7192982456140351,0.0688005183497085,347,16,0.04610951008645533,0.06919223556730196,False,,,,,,,,,,,
fixed_policy_measurement,original,singleton_weak,original,singleton_weak,1729,compact_to_qwen,selective_deployable,0.25,0.25,frozen_audited_dependency_primary_pilot_predictions,frozen_baseline_outer_holdout,420,71,349,41,30,16,333,0.5774647887323944,0.045845272206303724,0.7192982456140351,0.0688005183497085,349,16,0.045845272206303724,0.0688005183497085,False,,,,,,,,,,,
fixed_policy_measurement,audited,dependency_primary,audited,dependency_primary,1729,compact_to_qwen,selective_deployable,0.50,0.5,frozen_audited_dependency_primary_pilot_predictions,frozen_baseline_outer_holdout,420,71,349,51,20,11,338,0.7183098591549296,0.03151862464183381,0.8225806451612904,0.05163164376229004,347,11,0.03170028818443804,0.05192610743152733,False,,,,,,,,,,,
fixed_policy_measurement,audited,singleton_weak,audited,singleton_weak,1729,compact_to_qwen,selective_deployable,0.50,0.5,frozen_audited_dependency_primary_pilot_predictions,frozen_baseline_outer_holdout,420,71,349,51,20,11,338,0.7183098591549296,0.03151862464183381,0.8225806451612904,0.05163164376229004,349,11,0.03151862464183381,0.05163164376229004,False,,,,,,,,,,,
fixed_policy_measurement,original,dependency_primary,original,dependency_primary,1729,compact_to_qwen,selective_deployable,0.50,0.5,frozen_audited_dependency_primary_pilot_predictions,frozen_baseline_outer_holdout,420,71,349,51,20,11,338,0.7183098591549296,0.03151862464183381,0.8225806451612904,0.05163164376229004,347,11,0.03170028818443804,0.05192610743152733,False,,,,,,,,,,,
fixed_policy_measurement,original,singleton_weak,original,singleton_weak,1729,compact_to_qwen,selective_deployable,0.50,0.5,frozen_audited_dependency_primary_pilot_predictions,frozen_baseline_outer_holdout,420,71,349,51,20,11,338,0.7183098591549296,0.03151862464183381,0.8225806451612904,0.05163164376229004,349,11,0.03151862464183381,0.05163164376229004,False,,,,,,,,,,,
fixed_policy_measurement,audited,dependency_primary,audited,dependency_primary,1729,rule_compact_to_qwen,cheap_only,anchor,,frozen_audited_dependency_primary_pilot_predictions,frozen_baseline_outer_holdout,420,71,349,16,55,35,314,0.22535211267605634,0.10028653295128939,0.3137254901960784,0.13076132938123652,347,35,0.10086455331412104,0.13150205052075944,False,,,,,,,,,,,
fixed_policy_measurement,audited,singleton_weak,audited,singleton_weak,1729,rule_compact_to_qwen,cheap_only,anchor,,frozen_audited_dependency_primary_pilot_predictions,frozen_baseline_outer_holdout,420,71,349,16,55,35,314,0.22535211267605634,0.10028653295128939,0.3137254901960784,0.13076132938123652,349,35,0.10028653295128939,0.13076132938123652,False,,,,,,,,,,,
fixed_policy_measurement,original,dependency_primary,original,dependency_primary,1729,rule_compact_to_qwen,cheap_only,anchor,,frozen_audited_dependency_primary_pilot_predictions,frozen_baseline_outer_holdout,420,71,349,15,56,36,313,0.2112676056338028,0.10315186246418338,0.29411764705882354,0.13393571721255926,347,36,0.1037463976945245,0.1346942415693272,False,,,,,,,,,,,
fixed_policy_measurement,original,singleton_weak,original,singleton_weak,1729,rule_compact_to_qwen,cheap_only,anchor,,frozen_audited_dependency_primary_pilot_predictions,frozen_baseline_outer_holdout,420,71,349,15,56,36,313,0.2112676056338028,0.10315186246418338,0.29411764705882354,0.13393571721255926,349,36,0.10315186246418338,0.13393571721255926,False,,,,,,,,,,,
fixed_policy_measurement,audited,dependency_primary,audited,dependency_primary,1729,rule_compact_to_qwen,full_information,anchor,,frozen_audited_dependency_primary_pilot_predictions,frozen_baseline_outer_holdout,420,71,349,59,12,14,335,0.8309859154929577,0.04011461318051576,0.8082191780821918,0.06200219374162649,347,14,0.040345821325648415,0.06235543281596552,False,,,,,,,,,,,
fixed_policy_measurement,audited,singleton_weak,audited,singleton_weak,1729,rule_compact_to_qwen,full_information,anchor,,frozen_audited_dependency_primary_pilot_predictions,frozen_baseline_outer_holdout,420,71,349,59,12,14,335,0.8309859154929577,0.04011461318051576,0.8082191780821918,0.06200219374162649,349,14,0.04011461318051576,0.06200219374162649,False,,,,,,,,,,,
fixed_policy_measurement,original,dependency_primary,original,dependency_primary,1729,rule_compact_to_qwen,full_information,anchor,,frozen_audited_dependency_primary_pilot_predictions,frozen_baseline_outer_holdout,420,71,349,59,12,14,335,0.8309859154929577,0.04011461318051576,0.8082191780821918,0.06200219374162649,347,14,0.040345821325648415,0.06235543281596552,False,,,,,,,,,,,
fixed_policy_measurement,original,singleton_weak,original,singleton_weak,1729,rule_compact_to_qwen,full_information,anchor,,frozen_audited_dependency_primary_pilot_predictions,frozen_baseline_outer_holdout,420,71,349,59,12,14,335,0.8309859154929577,0.04011461318051576,0.8082191780821918,0.06200219374162649,349,14,0.04011461318051576,0.06200219374162649,False,,,,,,,,,,,
fixed_policy_measurement,audited,dependency_primary,audited,dependency_primary,1729,rule_compact_to_qwen,selective_deployable,0.10,0.1,frozen_audited_dependency_primary_pilot_predictions,frozen_baseline_outer_holdout,420,71,349,26,45,28,321,0.36619718309859156,0.08022922636103152,0.48148148148148145,0.10834438899688771,347,28,0.08069164265129683,0.10895917901725036,False,,,,,,,,,,,
fixed_policy_measurement,audited,singleton_weak,audited,singleton_weak,1729,rule_compact_to_qwen,selective_deployable,0.10,0.1,frozen_audited_dependency_primary_pilot_predictions,frozen_baseline_outer_holdout,420,71,349,26,45,28,321,0.36619718309859156,0.08022922636103152,0.48148148148148145,0.10834438899688771,349,28,0.08022922636103152,0.10834438899688771,False,,,,,,,,,,,
fixed_policy_measurement,original,dependency_primary,original,dependency_primary,1729,rule_compact_to_qwen,selective_deployable,0.10,0.1,frozen_audited_dependency_primary_pilot_predictions,frozen_baseline_outer_holdout,420,71,349,24,47,30,319,0.3380281690140845,0.08595988538681948,0.4444444444444444,0.11478722277063949,347,30,0.08645533141210375,0.11543824422626413,False,,,,,,,,,,,
fixed_policy_measurement,original,singleton_weak,original,singleton_weak,1729,rule_compact_to_qwen,selective_deployable,0.10,0.1,frozen_audited_dependency_primary_pilot_predictions,frozen_baseline_outer_holdout,420,71,349,24,47,30,319,0.3380281690140845,0.08595988538681948,0.4444444444444444,0.11478722277063949,349,30,0.08595988538681948,0.11478722277063949,False,,,,,,,,,,,
fixed_policy_measurement,audited,dependency_primary,audited,dependency_primary,1729,rule_compact_to_qwen,selective_deployable,0.25,0.25,frozen_audited_dependency_primary_pilot_predictions,frozen_baseline_outer_holdout,420,71,349,38,33,9,340,0.5352112676056338,0.025787965616045846,0.8085106382978723,0.04456857254031658,347,9,0.025936599423631124,0.044822948705678975,True,,,,,,,,,,,
fixed_policy_measurement,audited,singleton_weak,audited,singleton_weak,1729,rule_compact_to_qwen,selective_deployable,0.25,0.25,frozen_audited_dependency_primary_pilot_predictions,frozen_baseline_outer_holdout,420,71,349,38,33,9,340,0.5352112676056338,0.025787965616045846,0.8085106382978723,0.04456857254031658,349,9,0.025787965616045846,0.04456857254031658,True,,,,,,,,,,,
fixed_policy_measurement,original,dependency_primary,original,dependency_primary,1729,rule_compact_to_qwen,selective_deployable,0.25,0.25,frozen_audited_dependency_primary_pilot_predictions,frozen_baseline_outer_holdout,420,71,349,36,35,11,338,0.5070422535211268,0.03151862464183381,0.7659574468085106,0.05163164376229004,347,11,0.03170028818443804,0.05192610743152733,False,,,,,,,,,,,
fixed_policy_measurement,original,singleton_weak,original,singleton_weak,1729,rule_compact_to_qwen,selective_deployable,0.25,0.25,frozen_audited_dependency_primary_pilot_predictions,frozen_baseline_outer_holdout,420,71,349,36,35,11,338,0.5070422535211268,0.03151862464183381,0.7659574468085106,0.05163164376229004,349,11,0.03151862464183381,0.05163164376229004,False,,,,,,,,,,,
fixed_policy_measurement,audited,dependency_primary,audited,dependency_primary,1729,rule_compact_to_qwen,selective_deployable,0.50,0.5,frozen_audited_dependency_primary_pilot_predictions,frozen_baseline_outer_holdout,420,71,349,55,16,14,335,0.7746478873239436,0.04011461318051576,0.7971014492753623,0.06200219374162649,347,14,0.040345821325648415,0.06235543281596552,False,,,,,,,,,,,
fixed_policy_measurement,audited,singleton_weak,audited,singleton_weak,1729,rule_compact_to_qwen,selective_deployable,0.50,0.5,frozen_audited_dependency_primary_pilot_predictions,frozen_baseline_outer_holdout,420,71,349,55,16,14,335,0.7746478873239436,0.04011461318051576,0.7971014492753623,0.06200219374162649,349,14,0.04011461318051576,0.06200219374162649,False,,,,,,,,,,,
fixed_policy_measurement,original,dependency_primary,original,dependency_primary,1729,rule_compact_to_qwen,selective_deployable,0.50,0.5,frozen_audited_dependency_primary_pilot_predictions,frozen_baseline_outer_holdout,420,71,349,55,16,14,335,0.7746478873239436,0.04011461318051576,0.7971014492753623,0.06200219374162649,347,14,0.040345821325648415,0.06235543281596552,False,,,,,,,,,,,
fixed_policy_measurement,original,singleton_weak,original,singleton_weak,1729,rule_compact_to_qwen,selective_deployable,0.50,0.5,frozen_audited_dependency_primary_pilot_predictions,frozen_baseline_outer_holdout,420,71,349,55,16,14,335,0.7746478873239436,0.04011461318051576,0.7971014492753623,0.06200219374162649,349,14,0.04011461318051576,0.06200219374162649,False,,,,,,,,,,,
fixed_policy_measurement,audited,dependency_primary,audited,dependency_primary,1729,rule_to_compact,cheap_only,anchor,,frozen_audited_dependency_primary_pilot_predictions,frozen_baseline_outer_holdout,420,71,349,16,55,35,314,0.22535211267605634,0.10028653295128939,0.3137254901960784,0.13076132938123652,347,35,0.10086455331412104,0.13150205052075944,False,,,,,,,,,,,
fixed_policy_measurement,audited,singleton_weak,audited,singleton_weak,1729,rule_to_compact,cheap_only,anchor,,frozen_audited_dependency_primary_pilot_predictions,frozen_baseline_outer_holdout,420,71,349,16,55,35,314,0.22535211267605634,0.10028653295128939,0.3137254901960784,0.13076132938123652,349,35,0.10028653295128939,0.13076132938123652,False,,,,,,,,,,,
fixed_policy_measurement,original,dependency_primary,original,dependency_primary,1729,rule_to_compact,cheap_only,anchor,,frozen_audited_dependency_primary_pilot_predictions,frozen_baseline_outer_holdout,420,71,349,15,56,36,313,0.2112676056338028,0.10315186246418338,0.29411764705882354,0.13393571721255926,347,36,0.1037463976945245,0.1346942415693272,False,,,,,,,,,,,
fixed_policy_measurement,original,singleton_weak,original,singleton_weak,1729,rule_to_compact,cheap_only,anchor,,frozen_audited_dependency_primary_pilot_predictions,frozen_baseline_outer_holdout,420,71,349,15,56,36,313,0.2112676056338028,0.10315186246418338,0.29411764705882354,0.13393571721255926,349,36,0.10315186246418338,0.13393571721255926,False,,,,,,,,,,,
fixed_policy_measurement,audited,dependency_primary,audited,dependency_primary,1729,rule_to_compact,full_information,anchor,,frozen_audited_dependency_primary_pilot_predictions,frozen_baseline_outer_holdout,420,71,349,16,55,35,314,0.22535211267605634,0.10028653295128939,0.3137254901960784,0.13076132938123652,347,35,0.10086455331412104,0.13150205052075944,False,,,,,,,,,,,
fixed_policy_measurement,audited,singleton_weak,audited,singleton_weak,1729,rule_to_compact,full_information,anchor,,frozen_audited_dependency_primary_pilot_predictions,frozen_baseline_outer_holdout,420,71,349,16,55,35,314,0.22535211267605634,0.10028653295128939,0.3137254901960784,0.13076132938123652,349,35,0.10028653295128939,0.13076132938123652,False,,,,,,,,,,,
fixed_policy_measurement,original,dependency_primary,original,dependency_primary,1729,rule_to_compact,full_information,anchor,,frozen_audited_dependency_primary_pilot_predictions,frozen_baseline_outer_holdout,420,71,349,15,56,36,313,0.2112676056338028,0.10315186246418338,0.29411764705882354,0.13393571721255926,347,36,0.1037463976945245,0.1346942415693272,False,,,,,,,,,,,
fixed_policy_measurement,original,singleton_weak,original,singleton_weak,1729,rule_to_compact,full_information,anchor,,frozen_audited_dependency_primary_pilot_predictions,frozen_baseline_outer_holdout,420,71,349,15,56,36,313,0.2112676056338028,0.10315186246418338,0.29411764705882354,0.13393571721255926,349,36,0.10315186246418338,0.13393571721255926,False,,,,,,,,,,,
fixed_policy_measurement,audited,dependency_primary,audited,dependency_primary,1729,rule_to_compact,selective_deployable,0.10,0.1,frozen_audited_dependency_primary_pilot_predictions,frozen_baseline_outer_holdout,420,71,349,16,55,35,314,0.22535211267605634,0.10028653295128939,0.3137254901960784,0.13076132938123652,347,35,0.10086455331412104,0.13150205052075944,False,,,,,,,,,,,
fixed_policy_measurement,audited,singleton_weak,audited,singleton_weak,1729,rule_to_compact,selective_deployable,0.10,0.1,frozen_audited_dependency_primary_pilot_predictions,frozen_baseline_outer_holdout,420,71,349,16,55,35,314,0.22535211267605634,0.10028653295128939,0.3137254901960784,0.13076132938123652,349,35,0.10028653295128939,0.13076132938123652,False,,,,,,,,,,,
fixed_policy_measurement,original,dependency_primary,original,dependency_primary,1729,rule_to_compact,selective_deployable,0.10,0.1,frozen_audited_dependency_primary_pilot_predictions,frozen_baseline_outer_holdout,420,71,349,15,56,36,313,0.2112676056338028,0.10315186246418338,0.29411764705882354,0.13393571721255926,347,36,0.1037463976945245,0.1346942415693272,False,,,,,,,,,,,
fixed_policy_measurement,original,singleton_weak,original,singleton_weak,1729,rule_to_compact,selective_deployable,0.10,0.1,frozen_audited_dependency_primary_pilot_predictions,frozen_baseline_outer_holdout,420,71,349,15,56,36,313,0.2112676056338028,0.10315186246418338,0.29411764705882354,0.13393571721255926,349,36,0.10315186246418338,0.13393571721255926,False,,,,,,,,,,,
fixed_policy_measurement,audited,dependency_primary,audited,dependency_primary,1729,rule_to_compact,selective_deployable,0.25,0.25,frozen_audited_dependency_primary_pilot_predictions,frozen_baseline_outer_holdout,420,71,349,16,55,33,316,0.22535211267605634,0.09455587392550144,0.32653061224489793,0.12439292439465133,347,33,0.09510086455331412,0.12509790712815239,False,,,,,,,,,,,
fixed_policy_measurement,audited,singleton_weak,audited,singleton_weak,1729,rule_to_compact,selective_deployable,0.25,0.25,frozen_audited_dependency_primary_pilot_predictions,frozen_baseline_outer_holdout,420,71,349,16,55,33,316,0.22535211267605634,0.09455587392550144,0.32653061224489793,0.12439292439465133,349,33,0.09455587392550144,0.12439292439465133,False,,,,,,,,,,,
fixed_policy_measurement,original,dependency_primary,original,dependency_primary,1729,rule_to_compact,selective_deployable,0.25,0.25,frozen_audited_dependency_primary_pilot_predictions,frozen_baseline_outer_holdout,420,71,349,15,56,34,315,0.2112676056338028,0.09742120343839542,0.30612244897959184,0.12758048140252998,347,34,0.09798270893371758,0.12830335582408076,False,,,,,,,,,,,
fixed_policy_measurement,original,singleton_weak,original,singleton_weak,1729,rule_to_compact,selective_deployable,0.25,0.25,frozen_audited_dependency_primary_pilot_predictions,frozen_baseline_outer_holdout,420,71,349,15,56,34,315,0.2112676056338028,0.09742120343839542,0.30612244897959184,0.12758048140252998,349,34,0.09742120343839542,0.12758048140252998,False,,,,,,,,,,,
fixed_policy_measurement,audited,dependency_primary,audited,dependency_primary,1729,rule_to_compact,selective_deployable,0.50,0.5,frozen_audited_dependency_primary_pilot_predictions,frozen_baseline_outer_holdout,420,71,349,16,55,35,314,0.22535211267605634,0.10028653295128939,0.3137254901960784,0.13076132938123652,347,35,0.10086455331412104,0.13150205052075944,False,,,,,,,,,,,
fixed_policy_measurement,audited,singleton_weak,audited,singleton_weak,1729,rule_to_compact,selective_deployable,0.50,0.5,frozen_audited_dependency_primary_pilot_predictions,frozen_baseline_outer_holdout,420,71,349,16,55,35,314,0.22535211267605634,0.10028653295128939,0.3137254901960784,0.13076132938123652,349,35,0.10028653295128939,0.13076132938123652,False,,,,,,,,,,,
fixed_policy_measurement,original,dependency_primary,original,dependency_primary,1729,rule_to_compact,selective_deployable,0.50,0.5,frozen_audited_dependency_primary_pilot_predictions,frozen_baseline_outer_holdout,420,71,349,15,56,36,313,0.2112676056338028,0.10315186246418338,0.29411764705882354,0.13393571721255926,347,36,0.1037463976945245,0.1346942415693272,False,,,,,,,,,,,
fixed_policy_measurement,original,singleton_weak,original,singleton_weak,1729,rule_to_compact,selective_deployable,0.50,0.5,frozen_audited_dependency_primary_pilot_predictions,frozen_baseline_outer_holdout,420,71,349,15,56,36,313,0.2112676056338028,0.10315186246418338,0.29411764705882354,0.13393571721255926,349,36,0.10315186246418338,0.13393571721255926,False,,,,,,,,,,,
fixed_policy_measurement,audited,dependency_primary,audited,dependency_primary,2718,compact_to_qwen,cheap_only,anchor,,frozen_audited_dependency_primary_pilot_predictions,frozen_baseline_outer_holdout,420,71,349,2,69,13,336,0.028169014084507043,0.03724928366762178,0.13333333333333333,0.05857079629240329,347,13,0.037463976945244955,0.05890459855125166,False,,,,,,,,,,,
fixed_policy_measurement,audited,singleton_weak,audited,singleton_weak,2718,compact_to_qwen,cheap_only,anchor,,frozen_audited_dependency_primary_pilot_predictions,frozen_baseline_outer_holdout,420,71,349,2,69,13,336,0.028169014084507043,0.03724928366762178,0.13333333333333333,0.05857079629240329,349,13,0.03724928366762178,0.05857079629240329,False,,,,,,,,,,,
fixed_policy_measurement,original,dependency_primary,original,dependency_primary,2718,compact_to_qwen,cheap_only,anchor,,frozen_audited_dependency_primary_pilot_predictions,frozen_baseline_outer_holdout,420,72,348,2,70,13,335,0.027777777777777776,0.03735632183908046,0.13333333333333333,0.05873722324632595,346,13,0.03757225433526012,0.059072930335105876,False,,,,,,,,,,,
fixed_policy_measurement,original,singleton_weak,original,singleton_weak,2718,compact_to_qwen,cheap_only,anchor,,frozen_audited_dependency_primary_pilot_predictions,frozen_baseline_outer_holdout,420,72,348,2,70,13,335,0.027777777777777776,0.03735632183908046,0.13333333333333333,0.05873722324632595,348,13,0.03735632183908046,0.05873722324632595,False,,,,,,,,,,,
fixed_policy_measurement,audited,dependency_primary,audited,dependency_primary,2718,compact_to_qwen,full_information,anchor,,frozen_audited_dependency_primary_pilot_predictions,frozen_baseline_outer_holdout,420,71,349,62,9,20,329,0.8732394366197183,0.05730659025787966,0.7560975609756098,0.08218591616153102,347,20,0.05763688760806916,0.08265328077456838,False,,,,,,,,,,,
fixed_policy_measurement,audited,singleton_weak,audited,singleton_weak,2718,compact_to_qwen,full_information,anchor,,frozen_audited_dependency_primary_pilot_predictions,frozen_baseline_outer_holdout,420,71,349,62,9,20,329,0.8732394366197183,0.05730659025787966,0.7560975609756098,0.08218591616153102,349,20,0.05730659025787966,0.08218591616153102,False,,,,,,,,,,,
fixed_policy_measurement,original,dependency_primary,original,dependency_primary,2718,compact_to_qwen,full_information,anchor,,frozen_audited_dependency_primary_pilot_predictions,frozen_baseline_outer_holdout,420,72,348,63,9,19,329,0.875,0.05459770114942529,0.7682926829268293,0.07908630229698733,346,19,0.05491329479768786,0.07953745393199206,False,,,,,,,,,,,
fixed_policy_measurement,original,singleton_weak,original,singleton_weak,2718,compact_to_qwen,full_information,anchor,,frozen_audited_dependency_primary_pilot_predictions,frozen_baseline_outer_holdout,420,72,348,63,9,19,329,0.875,0.05459770114942529,0.7682926829268293,0.07908630229698733,348,19,0.05459770114942529,0.07908630229698733,False,,,,,,,,,,,
fixed_policy_measurement,audited,dependency_primary,audited,dependency_primary,2718,compact_to_qwen,selective_deployable,0.10,0.1,frozen_audited_dependency_primary_pilot_predictions,frozen_baseline_outer_holdout,420,71,349,16,55,28,321,0.22535211267605634,0.08022922636103152,0.36363636363636365,0.10834438899688771,347,28,0.08069164265129683,0.10895917901725036,False,,,,,,,,,,,
fixed_policy_measurement,audited,singleton_weak,audited,singleton_weak,2718,compact_to_qwen,selective_deployable,0.10,0.1,frozen_audited_dependency_primary_pilot_predictions,frozen_baseline_outer_holdout,420,71,349,16,55,28,321,0.22535211267605634,0.08022922636103152,0.36363636363636365,0.10834438899688771,349,28,0.08022922636103152,0.10834438899688771,False,,,,,,,,,,,
fixed_policy_measurement,original,dependency_primary,original,dependency_primary,2718,compact_to_qwen,selective_deployable,0.10,0.1,frozen_audited_dependency_primary_pilot_predictions,frozen_baseline_outer_holdout,420,72,348,16,56,28,320,0.2222222222222222,0.08045977011494253,0.36363636363636365,0.10865091468854385,346,28,0.08092485549132948,0.10926919681107912,False,,,,,,,,,,,
fixed_policy_measurement,original,singleton_weak,original,singleton_weak,2718,compact_to_qwen,selective_deployable,0.10,0.1,frozen_audited_dependency_primary_pilot_predictions,frozen_baseline_outer_holdout,420,72,348,16,56,28,320,0.2222222222222222,0.08045977011494253,0.36363636363636365,0.10865091468854385,348,28,0.08045977011494253,0.10865091468854385,False,,,,,,,,,,,
fixed_policy_measurement,audited,dependency_primary,audited,dependency_primary,2718,compact_to_qwen,selective_deployable,0.25,0.25,frozen_audited_dependency_primary_pilot_predictions,frozen_baseline_outer_holdout,420,71,349,26,45,15,334,0.36619718309859156,0.04297994269340974,0.6341463414634146,0.06541143768987555,347,15,0.043227665706051875,0.06578397786941731,False,,,,,,,,,,,
fixed_policy_measurement,audited,singleton_weak,audited,singleton_weak,2718,compact_to_qwen,selective_deployable,0.25,0.25,frozen_audited_dependency_primary_pilot_predictions,frozen_baseline_outer_holdout,420,71,349,26,45,15,334,0.36619718309859156,0.04297994269340974,0.6341463414634146,0.06541143768987555,349,15,0.04297994269340974,0.06541143768987555,False,,,,,,,,,,,
fixed_policy_measurement,original,dependency_primary,original,dependency_primary,2718,compact_to_qwen,selective_deployable,0.25,0.25,frozen_audited_dependency_primary_pilot_predictions,frozen_baseline_outer_holdout,420,72,348,26,46,15,333,0.3611111111111111,0.04310344827586207,0.6341463414634146,0.06559717894199792,346,15,0.04335260115606936,0.06597184353044218,False,,,,,,,,,,,
fixed_policy_measurement,original,singleton_weak,original,singleton_weak,2718,compact_to_qwen,selective_deployable,0.25,0.25,frozen_audited_dependency_primary_pilot_predictions,frozen_baseline_outer_holdout,420,72,348,26,46,15,333,0.3611111111111111,0.04310344827586207,0.6341463414634146,0.06559717894199792,348,15,0.04310344827586207,0.06559717894199792,False,,,,,,,,,,,
fixed_policy_measurement,audited,dependency_primary,audited,dependency_primary,2718,compact_to_qwen,selective_deployable,0.50,0.5,frozen_audited_dependency_primary_pilot_predictions,frozen_baseline_outer_holdout,420,71,349,46,25,17,332,0.647887323943662,0.04871060171919771,0.7301587301587301,0.0721711346734761,347,17,0.04899135446685879,0.0725819148103667,False,,,,,,,,,,,
fixed_policy_measurement,audited,singleton_weak,audited,singleton_weak,2718,compact_to_qwen,selective_deployable,0.50,0.5,frozen_audited_dependency_primary_pilot_predictions,frozen_baseline_outer_holdout,420,71,349,46,25,17,332,0.647887323943662,0.04871060171919771,0.7301587301587301,0.0721711346734761,349,17,0.04871060171919771,0.0721711346734761,False,,,,,,,,,,,
fixed_policy_measurement,original,dependency_primary,original,dependency_primary,2718,compact_to_qwen,selective_deployable,0.50,0.5,frozen_audited_dependency_primary_pilot_predictions,frozen_baseline_outer_holdout,420,72,348,46,26,17,331,0.6388888888888888,0.04885057471264368,0.7301587301587301,0.07237594200517827,346,17,0.049132947976878616,0.07278906306362326,False,,,,,,,,,,,
fixed_policy_measurement,original,singleton_weak,original,singleton_weak,2718,compact_to_qwen,selective_deployable,0.50,0.5,frozen_audited_dependency_primary_pilot_predictions,frozen_baseline_outer_holdout,420,72,348,46,26,17,331,0.6388888888888888,0.04885057471264368,0.7301587301587301,0.07237594200517827,348,17,0.04885057471264368,0.07237594200517827,False,,,,,,,,,,,
fixed_policy_measurement,audited,dependency_primary,audited,dependency_primary,2718,rule_compact_to_qwen,cheap_only,anchor,,frozen_audited_dependency_primary_pilot_predictions,frozen_baseline_outer_holdout,420,71,349,18,53,23,326,0.2535211267605634,0.0659025787965616,0.43902439024390244,0.0920773606800653,347,23,0.06628242074927954,0.09260053407755514,False,,,,,,,,,,,
fixed_policy_measurement,audited,singleton_weak,audited,singleton_weak,2718,rule_compact_to_qwen,cheap_only,anchor,,frozen_audited_dependency_primary_pilot_predictions,frozen_baseline_outer_holdout,420,71,349,18,53,23,326,0.2535211267605634,0.0659025787965616,0.43902439024390244,0.0920773606800653,349,23,0.0659025787965616,0.0920773606800653,False,,,,,,,,,,,
fixed_policy_measurement,original,dependency_primary,original,dependency_primary,2718,rule_compact_to_qwen,cheap_only,anchor,,frozen_audited_dependency_primary_pilot_predictions,frozen_baseline_outer_holdout,420,72,348,18,54,23,325,0.25,0.06609195402298851,0.43902439024390244,0.09233820655979783,346,23,0.06647398843930635,0.09286435588897034,False,,,,,,,,,,,
fixed_policy_measurement,original,singleton_weak,original,singleton_weak,2718,rule_compact_to_qwen,cheap_only,anchor,,frozen_audited_dependency_primary_pilot_predictions,frozen_baseline_outer_holdout,420,72,348,18,54,23,325,0.25,0.06609195402298851,0.43902439024390244,0.09233820655979783,348,23,0.06609195402298851,0.09233820655979783,False,,,,,,,,,,,
fixed_policy_measurement,audited,dependency_primary,audited,dependency_primary,2718,rule_compact_to_qwen,full_information,anchor,,frozen_audited_dependency_primary_pilot_predictions,frozen_baseline_outer_holdout,420,71,349,57,14,18,331,0.8028169014084507,0.05157593123209169,0.76,0.07552475092839267,347,18,0.05187319884726225,0.07595448844757033,False,,,,,,,,,,,
fixed_policy_measurement,audited,singleton_weak,audited,singleton_weak,2718,rule_compact_to_qwen,full_information,anchor,,frozen_audited_dependency_primary_pilot_predictions,frozen_baseline_outer_holdout,420,71,349,57,14,18,331,0.8028169014084507,0.05157593123209169,0.76,0.07552475092839267,349,18,0.05157593123209169,0.07552475092839267,False,,,,,,,,,,,
fixed_policy_measurement,original,dependency_primary,original,dependency_primary,2718,rule_compact_to_qwen,full_information,anchor,,frozen_audited_dependency_primary_pilot_predictions,frozen_baseline_outer_holdout,420,72,348,58,14,17,331,0.8055555555555556,0.04885057471264368,0.7733333333333333,0.07237594200517827,346,17,0.049132947976878616,0.07278906306362326,False,,,,,,,,,,,
fixed_policy_measurement,original,singleton_weak,original,singleton_weak,2718,rule_compact_to_qwen,full_information,anchor,,frozen_audited_dependency_primary_pilot_predictions,frozen_baseline_outer_holdout,420,72,348,58,14,17,331,0.8055555555555556,0.04885057471264368,0.7733333333333333,0.07237594200517827,348,17,0.04885057471264368,0.07237594200517827,False,,,,,,,,,,,
fixed_policy_measurement,audited,dependency_primary,audited,dependency_primary,2718,rule_compact_to_qwen,selective_deployable,0.10,0.1,frozen_audited_dependency_primary_pilot_predictions,frozen_baseline_outer_holdout,420,71,349,21,50,14,335,0.29577464788732394,0.04011461318051576,0.6,0.06200219374162649,347,14,0.040345821325648415,0.06235543281596552,False,,,,,,,,,,,
fixed_policy_measurement,audited,singleton_weak,audited,singleton_weak,2718,rule_compact_to_qwen,selective_deployable,0.10,0.1,frozen_audited_dependency_primary_pilot_predictions,frozen_baseline_outer_holdout,420,71,349,21,50,14,335,0.29577464788732394,0.04011461318051576,0.6,0.06200219374162649,349,14,0.04011461318051576,0.06200219374162649,False,,,,,,,,,,,
fixed_policy_measurement,original,dependency_primary,original,dependency_primary,2718,rule_compact_to_qwen,selective_deployable,0.10,0.1,frozen_audited_dependency_primary_pilot_predictions,frozen_baseline_outer_holdout,420,72,348,21,51,14,334,0.2916666666666667,0.040229885057471264,0.6,0.06217831166867447,346,14,0.04046242774566474,0.06253356577852343,False,,,,,,,,,,,
fixed_policy_measurement,original,singleton_weak,original,singleton_weak,2718,rule_compact_to_qwen,selective_deployable,0.10,0.1,frozen_audited_dependency_primary_pilot_predictions,frozen_baseline_outer_holdout,420,72,348,21,51,14,334,0.2916666666666667,0.040229885057471264,0.6,0.06217831166867447,348,14,0.040229885057471264,0.06217831166867447,False,,,,,,,,,,,
fixed_policy_measurement,audited,dependency_primary,audited,dependency_primary,2718,rule_compact_to_qwen,selective_deployable,0.25,0.25,frozen_audited_dependency_primary_pilot_predictions,frozen_baseline_outer_holdout,420,71,349,34,37,14,335,0.4788732394366197,0.04011461318051576,0.7083333333333334,0.06200219374162649,347,14,0.040345821325648415,0.06235543281596552,False,,,,,,,,,,,
fixed_policy_measurement,audited,singleton_weak,audited,singleton_weak,2718,rule_compact_to_qwen,selective_deployable,0.25,0.25,frozen_audited_dependency_primary_pilot_predictions,frozen_baseline_outer_holdout,420,71,349,34,37,14,335,0.4788732394366197,0.04011461318051576,0.7083333333333334,0.06200219374162649,349,14,0.04011461318051576,0.06200219374162649,False,,,,,,,,,,,
fixed_policy_measurement,original,dependency_primary,original,dependency_primary,2718,rule_compact_to_qwen,selective_deployable,0.25,0.25,frozen_audited_dependency_primary_pilot_predictions,frozen_baseline_outer_holdout,420,72,348,34,38,14,334,0.4722222222222222,0.040229885057471264,0.7083333333333334,0.06217831166867447,346,14,0.04046242774566474,0.06253356577852343,False,,,,,,,,,,,
fixed_policy_measurement,original,singleton_weak,original,singleton_weak,2718,rule_compact_to_qwen,selective_deployable,0.25,0.25,frozen_audited_dependency_primary_pilot_predictions,frozen_baseline_outer_holdout,420,72,348,34,38,14,334,0.4722222222222222,0.040229885057471264,0.7083333333333334,0.06217831166867447,348,14,0.040229885057471264,0.06217831166867447,False,,,,,,,,,,,
fixed_policy_measurement,audited,dependency_primary,audited,dependency_primary,2718,rule_compact_to_qwen,selective_deployable,0.50,0.5,frozen_audited_dependency_primary_pilot_predictions,frozen_baseline_outer_holdout,420,71,349,49,22,16,333,0.6901408450704225,0.045845272206303724,0.7538461538461538,0.0688005183497085,347,16,0.04610951008645533,0.06919223556730196,False,,,,,,,,,,,
fixed_policy_measurement,audited,singleton_weak,audited,singleton_weak,2718,rule_compact_to_qwen,selective_deployable,0.50,0.5,frozen_audited_dependency_primary_pilot_predictions,frozen_baseline_outer_holdout,420,71,349,49,22,16,333,0.6901408450704225,0.045845272206303724,0.7538461538461538,0.0688005183497085,349,16,0.045845272206303724,0.0688005183497085,False,,,,,,,,,,,
fixed_policy_measurement,original,dependency_primary,original,dependency_primary,2718,rule_compact_to_qwen,selective_deployable,0.50,0.5,frozen_audited_dependency_primary_pilot_predictions,frozen_baseline_outer_holdout,420,72,348,49,23,16,332,0.6805555555555556,0.04597701149425287,0.7538461538461538,0.06899582108347843,346,16,0.046242774566473986,0.06938977131925557,False,,,,,,,,,,,
fixed_policy_measurement,original,singleton_weak,original,singleton_weak,2718,rule_compact_to_qwen,selective_deployable,0.50,0.5,frozen_audited_dependency_primary_pilot_predictions,frozen_baseline_outer_holdout,420,72,348,49,23,16,332,0.6805555555555556,0.04597701149425287,0.7538461538461538,0.06899582108347843,348,16,0.04597701149425287,0.06899582108347843,False,,,,,,,,,,,
fixed_policy_measurement,audited,dependency_primary,audited,dependency_primary,2718,rule_to_compact,cheap_only,anchor,,frozen_audited_dependency_primary_pilot_predictions,frozen_baseline_outer_holdout,420,71,349,18,53,26,323,0.2535211267605634,0.07449856733524356,0.4090909090909091,0.10186684887996843,347,26,0.07492795389048991,0.10244518112436252,False,,,,,,,,,,,
fixed_policy_measurement,audited,singleton_weak,audited,singleton_weak,2718,rule_to_compact,cheap_only,anchor,,frozen_audited_dependency_primary_pilot_predictions,frozen_baseline_outer_holdout,420,71,349,18,53,26,323,0.2535211267605634,0.07449856733524356,0.4090909090909091,0.10186684887996843,349,26,0.07449856733524356,0.10186684887996843,False,,,,,,,,,,,
fixed_policy_measurement,original,dependency_primary,original,dependency_primary,2718,rule_to_compact,cheap_only,anchor,,frozen_audited_dependency_primary_pilot_predictions,frozen_baseline_outer_holdout,420,72,348,18,54,26,322,0.25,0.07471264367816093,0.4090909090909091,0.10215519678029178,346,26,0.07514450867052024,0.102736815877144,False,,,,,,,,,,,
fixed_policy_measurement,original,singleton_weak,original,singleton_weak,2718,rule_to_compact,cheap_only,anchor,,frozen_audited_dependency_primary_pilot_predictions,frozen_baseline_outer_holdout,420,72,348,18,54,26,322,0.25,0.07471264367816093,0.4090909090909091,0.10215519678029178,348,26,0.07471264367816093,0.10215519678029178,False,,,,,,,,,,,
fixed_policy_measurement,audited,dependency_primary,audited,dependency_primary,2718,rule_to_compact,full_information,anchor,,frozen_audited_dependency_primary_pilot_predictions,frozen_baseline_outer_holdout,420,71,349,18,53,23,326,0.2535211267605634,0.0659025787965616,0.43902439024390244,0.0920773606800653,347,23,0.06628242074927954,0.09260053407755514,False,,,,,,,,,,,
fixed_policy_measurement,audited,singleton_weak,audited,singleton_weak,2718,rule_to_compact,full_information,anchor,,frozen_audited_dependency_primary_pilot_predictions,frozen_baseline_outer_holdout,420,71,349,18,53,23,326,0.2535211267605634,0.0659025787965616,0.43902439024390244,0.0920773606800653,349,23,0.0659025787965616,0.0920773606800653,False,,,,,,,,,,,
fixed_policy_measurement,original,dependency_primary,original,dependency_primary,2718,rule_to_compact,full_information,anchor,,frozen_audited_dependency_primary_pilot_predictions,frozen_baseline_outer_holdout,420,72,348,18,54,23,325,0.25,0.06609195402298851,0.43902439024390244,0.09233820655979783,346,23,0.06647398843930635,0.09286435588897034,False,,,,,,,,,,,
fixed_policy_measurement,original,singleton_weak,original,singleton_weak,2718,rule_to_compact,full_information,anchor,,frozen_audited_dependency_primary_pilot_predictions,frozen_baseline_outer_holdout,420,72,348,18,54,23,325,0.25,0.06609195402298851,0.43902439024390244,0.09233820655979783,348,23,0.06609195402298851,0.09233820655979783,False,,,,,,,,,,,
fixed_policy_measurement,audited,dependency_primary,audited,dependency_primary,2718,rule_to_compact,selective_deployable,0.10,0.1,frozen_audited_dependency_primary_pilot_predictions,frozen_baseline_outer_holdout,420,71,349,18,53,27,322,0.2535211267605634,0.07736389684813753,0.4,0.10511016803183339,347,27,0.07780979827089338,0.10570675870055461,False,,,,,,,,,,,
fixed_policy_measurement,audited,singleton_weak,audited,singleton_weak,2718,rule_to_compact,selective_deployable,0.10,0.1,frozen_audited_dependency_primary_pilot_predictions,frozen_baseline_outer_holdout,420,71,349,18,53,27,322,0.2535211267605634,0.07736389684813753,0.4,0.10511016803183339,349,27,0.07736389684813753,0.10511016803183339,False,,,,,,,,,,,
fixed_policy_measurement,original,dependency_primary,original,dependency_primary,2718,rule_to_compact,selective_deployable,0.10,0.1,frozen_audited_dependency_primary_pilot_predictions,frozen_baseline_outer_holdout,420,72,348,18,54,27,321,0.25,0.07758620689655173,0.4,0.10540761954830204,346,27,0.07803468208092486,0.10600759988603706,False,,,,,,,,,,,
fixed_policy_measurement,original,singleton_weak,original,singleton_weak,2718,rule_to_compact,selective_deployable,0.10,0.1,frozen_audited_dependency_primary_pilot_predictions,frozen_baseline_outer_holdout,420,72,348,18,54,27,321,0.25,0.07758620689655173,0.4,0.10540761954830204,348,27,0.07758620689655173,0.10540761954830204,False,,,,,,,,,,,
fixed_policy_measurement,audited,dependency_primary,audited,dependency_primary,2718,rule_to_compact,selective_deployable,0.25,0.25,frozen_audited_dependency_primary_pilot_predictions,frozen_baseline_outer_holdout,420,71,349,18,53,30,319,0.2535211267605634,0.08595988538681948,0.375,0.11478722277063949,347,30,0.08645533141210375,0.11543824422626413,False,,,,,,,,,,,
fixed_policy_measurement,audited,singleton_weak,audited,singleton_weak,2718,rule_to_compact,selective_deployable,0.25,0.25,frozen_audited_dependency_primary_pilot_predictions,frozen_baseline_outer_holdout,420,71,349,18,53,30,319,0.2535211267605634,0.08595988538681948,0.375,0.11478722277063949,349,30,0.08595988538681948,0.11478722277063949,False,,,,,,,,,,,
fixed_policy_measurement,original,dependency_primary,original,dependency_primary,2718,rule_to_compact,selective_deployable,0.25,0.25,frozen_audited_dependency_primary_pilot_predictions,frozen_baseline_outer_holdout,420,72,348,18,54,30,318,0.25,0.08620689655172414,0.375,0.11511181345031386,346,30,0.08670520231213873,0.1157665307824958,False,,,,,,,,,,,
fixed_policy_measurement,original,singleton_weak,original,singleton_weak,2718,rule_to_compact,selective_deployable,0.25,0.25,frozen_audited_dependency_primary_pilot_predictions,frozen_baseline_outer_holdout,420,72,348,18,54,30,318,0.25,0.08620689655172414,0.375,0.11511181345031386,348,30,0.08620689655172414,0.11511181345031386,False,,,,,,,,,,,
fixed_policy_measurement,audited,dependency_primary,audited,dependency_primary,2718,rule_to_compact,selective_deployable,0.50,0.5,frozen_audited_dependency_primary_pilot_predictions,frozen_baseline_outer_holdout,420,71,349,18,53,23,326,0.2535211267605634,0.0659025787965616,0.43902439024390244,0.0920773606800653,347,23,0.06628242074927954,0.09260053407755514,False,,,,,,,,,,,
fixed_policy_measurement,audited,singleton_weak,audited,singleton_weak,2718,rule_to_compact,selective_deployable,0.50,0.5,frozen_audited_dependency_primary_pilot_predictions,frozen_baseline_outer_holdout,420,71,349,18,53,23,326,0.2535211267605634,0.0659025787965616,0.43902439024390244,0.0920773606800653,349,23,0.0659025787965616,0.0920773606800653,False,,,,,,,,,,,
fixed_policy_measurement,original,dependency_primary,original,dependency_primary,2718,rule_to_compact,selective_deployable,0.50,0.5,frozen_audited_dependency_primary_pilot_predictions,frozen_baseline_outer_holdout,420,72,348,18,54,23,325,0.25,0.06609195402298851,0.43902439024390244,0.09233820655979783,346,23,0.06647398843930635,0.09286435588897034,False,,,,,,,,,,,
fixed_policy_measurement,original,singleton_weak,original,singleton_weak,2718,rule_to_compact,selective_deployable,0.50,0.5,frozen_audited_dependency_primary_pilot_predictions,frozen_baseline_outer_holdout,420,72,348,18,54,23,325,0.25,0.06609195402298851,0.43902439024390244,0.09233820655979783,348,23,0.06609195402298851,0.09233820655979783,False,,,,,,,,,,,
fixed_policy_measurement,audited,dependency_primary,audited,dependency_primary,3141,compact_to_qwen,cheap_only,anchor,,frozen_audited_dependency_primary_pilot_predictions,frozen_baseline_outer_holdout,420,71,349,5,66,15,334,0.07042253521126761,0.04297994269340974,0.25,0.06541143768987555,347,15,0.043227665706051875,0.06578397786941731,False,,,,,,,,,,,
fixed_policy_measurement,audited,singleton_weak,audited,singleton_weak,3141,compact_to_qwen,cheap_only,anchor,,frozen_audited_dependency_primary_pilot_predictions,frozen_baseline_outer_holdout,420,71,349,5,66,15,334,0.07042253521126761,0.04297994269340974,0.25,0.06541143768987555,349,15,0.04297994269340974,0.06541143768987555,False,,,,,,,,,,,
fixed_policy_measurement,original,dependency_primary,original,dependency_primary,3141,compact_to_qwen,cheap_only,anchor,,frozen_audited_dependency_primary_pilot_predictions,frozen_baseline_outer_holdout,420,72,348,5,67,15,333,0.06944444444444445,0.04310344827586207,0.25,0.06559717894199792,346,15,0.04335260115606936,0.06597184353044218,False,,,,,,,,,,,
fixed_policy_measurement,original,singleton_weak,original,singleton_weak,3141,compact_to_qwen,cheap_only,anchor,,frozen_audited_dependency_primary_pilot_predictions,frozen_baseline_outer_holdout,420,72,348,5,67,15,333,0.06944444444444445,0.04310344827586207,0.25,0.06559717894199792,348,15,0.04310344827586207,0.06559717894199792,False,,,,,,,,,,,
fixed_policy_measurement,audited,dependency_primary,audited,dependency_primary,3141,compact_to_qwen,full_information,anchor,,frozen_audited_dependency_primary_pilot_predictions,frozen_baseline_outer_holdout,420,71,349,60,11,22,327,0.8450704225352113,0.06303724928366762,0.7317073170731707,0.08879245157053443,347,22,0.06340057636887608,0.08929709961567887,False,,,,,,,,,,,
fixed_policy_measurement,audited,singleton_weak,audited,singleton_weak,3141,compact_to_qwen,full_information,anchor,,frozen_audited_dependency_primary_pilot_predictions,frozen_baseline_outer_holdout,420,71,349,60,11,22,327,0.8450704225352113,0.06303724928366762,0.7317073170731707,0.08879245157053443,349,22,0.06303724928366762,0.08879245157053443,False,,,,,,,,,,,
fixed_policy_measurement,original,dependency_primary,original,dependency_primary,3141,compact_to_qwen,full_information,anchor,,frozen_audited_dependency_primary_pilot_predictions,frozen_baseline_outer_holdout,420,72,348,61,11,21,327,0.8472222222222222,0.0603448275862069,0.7439024390243902,0.08573789738883353,346,21,0.06069364161849711,0.0862267104207964,False,,,,,,,,,,,
fixed_policy_measurement,original,singleton_weak,original,singleton_weak,3141,compact_to_qwen,full_information,anchor,,frozen_audited_dependency_primary_pilot_predictions,frozen_baseline_outer_holdout,420,72,348,61,11,21,327,0.8472222222222222,0.0603448275862069,0.7439024390243902,0.08573789738883353,348,21,0.0603448275862069,0.08573789738883353,False,,,,,,,,,,,
fixed_policy_measurement,audited,dependency_primary,audited,dependency_primary,3141,compact_to_qwen,selective_deployable,0.10,0.1,frozen_audited_dependency_primary_pilot_predictions,frozen_baseline_outer_holdout,420,71,349,18,53,22,327,0.2535211267605634,0.06303724928366762,0.45,0.08879245157053443,347,22,0.06340057636887608,0.08929709961567887,False,,,,,,,,,,,
fixed_policy_measurement,audited,singleton_weak,audited,singleton_weak,3141,compact_to_qwen,selective_deployable,0.10,0.1,frozen_audited_dependency_primary_pilot_predictions,frozen_baseline_outer_holdout,420,71,349,18,53,22,327,0.2535211267605634,0.06303724928366762,0.45,0.08879245157053443,349,22,0.06303724928366762,0.08879245157053443,False,,,,,,,,,,,
fixed_policy_measurement,original,dependency_primary,original,dependency_primary,3141,compact_to_qwen,selective_deployable,0.10,0.1,frozen_audited_dependency_primary_pilot_predictions,frozen_baseline_outer_holdout,420,72,348,17,55,23,325,0.2361111111111111,0.06609195402298851,0.425,0.09233820655979783,346,23,0.06647398843930635,0.09286435588897034,False,,,,,,,,,,,
fixed_policy_measurement,original,singleton_weak,original,singleton_weak,3141,compact_to_qwen,selective_deployable,0.10,0.1,frozen_audited_dependency_primary_pilot_predictions,frozen_baseline_outer_holdout,420,72,348,17,55,23,325,0.2361111111111111,0.06609195402298851,0.425,0.09233820655979783,348,23,0.06609195402298851,0.09233820655979783,False,,,,,,,,,,,
fixed_policy_measurement,audited,dependency_primary,audited,dependency_primary,3141,compact_to_qwen,selective_deployable,0.25,0.25,frozen_audited_dependency_primary_pilot_predictions,frozen_baseline_outer_holdout,420,71,349,28,43,22,327,0.39436619718309857,0.06303724928366762,0.56,0.08879245157053443,347,22,0.06340057636887608,0.08929709961567887,False,,,,,,,,,,,
fixed_policy_measurement,audited,singleton_weak,audited,singleton_weak,3141,compact_to_qwen,selective_deployable,0.25,0.25,frozen_audited_dependency_primary_pilot_predictions,frozen_baseline_outer_holdout,420,71,349,28,43,22,327,0.39436619718309857,0.06303724928366762,0.56,0.08879245157053443,349,22,0.06303724928366762,0.08879245157053443,False,,,,,,,,,,,
fixed_policy_measurement,original,dependency_primary,original,dependency_primary,3141,compact_to_qwen,selective_deployable,0.25,0.25,frozen_audited_dependency_primary_pilot_predictions,frozen_baseline_outer_holdout,420,72,348,28,44,22,326,0.3888888888888889,0.06321839080459771,0.56,0.089044060796342,346,22,0.06358381502890173,0.08955158024348812,False,,,,,,,,,,,
fixed_policy_measurement,original,singleton_weak,original,singleton_weak,3141,compact_to_qwen,selective_deployable,0.25,0.25,frozen_audited_dependency_primary_pilot_predictions,frozen_baseline_outer_holdout,420,72,348,28,44,22,326,0.3888888888888889,0.06321839080459771,0.56,0.089044060796342,348,22,0.06321839080459771,0.089044060796342,False,,,,,,,,,,,
fixed_policy_measurement,audited,dependency_primary,audited,dependency_primary,3141,compact_to_qwen,selective_deployable,0.50,0.5,frozen_audited_dependency_primary_pilot_predictions,frozen_baseline_outer_holdout,420,71,349,47,24,20,329,0.6619718309859155,0.05730659025787966,0.7014925373134329,0.08218591616153102,347,20,0.05763688760806916,0.08265328077456838,False,,,,,,,,,,,
fixed_policy_measurement,audited,singleton_weak,audited,singleton_weak,3141,compact_to_qwen,selective_deployable,0.50,0.5,frozen_audited_dependency_primary_pilot_predictions,frozen_baseline_outer_holdout,420,71,349,47,24,20,329,0.6619718309859155,0.05730659025787966,0.7014925373134329,0.08218591616153102,349,20,0.05730659025787966,0.08218591616153102,False,,,,,,,,,,,
fixed_policy_measurement,original,dependency_primary,original,dependency_primary,3141,compact_to_qwen,selective_deployable,0.50,0.5,frozen_audited_dependency_primary_pilot_predictions,frozen_baseline_outer_holdout,420,72,348,47,25,20,328,0.6527777777777778,0.05747126436781609,0.7014925373134329,0.0824189360829214,346,20,0.057803468208092484,0.08288896156304905,False,,,,,,,,,,,
fixed_policy_measurement,original,singleton_weak,original,singleton_weak,3141,compact_to_qwen,selective_deployable,0.50,0.5,frozen_audited_dependency_primary_pilot_predictions,frozen_baseline_outer_holdout,420,72,348,47,25,20,328,0.6527777777777778,0.05747126436781609,0.7014925373134329,0.0824189360829214,348,20,0.05747126436781609,0.0824189360829214,False,,,,,,,,,,,
fixed_policy_measurement,audited,dependency_primary,audited,dependency_primary,3141,rule_compact_to_qwen,cheap_only,anchor,,frozen_audited_dependency_primary_pilot_predictions,frozen_baseline_outer_holdout,420,71,349,13,58,11,338,0.18309859154929578,0.03151862464183381,0.5416666666666666,0.05163164376229004,347,11,0.03170028818443804,0.05192610743152733,False,,,,,,,,,,,
fixed_policy_measurement,audited,singleton_weak,audited,singleton_weak,3141,rule_compact_to_qwen,cheap_only,anchor,,frozen_audited_dependency_primary_pilot_predictions,frozen_baseline_outer_holdout,420,71,349,13,58,11,338,0.18309859154929578,0.03151862464183381,0.5416666666666666,0.05163164376229004,349,11,0.03151862464183381,0.05163164376229004,False,,,,,,,,,,,
fixed_policy_measurement,original,dependency_primary,original,dependency_primary,3141,rule_compact_to_qwen,cheap_only,anchor,,frozen_audited_dependency_primary_pilot_predictions,frozen_baseline_outer_holdout,420,72,348,13,59,11,337,0.18055555555555555,0.031609195402298854,0.5416666666666666,0.05177845699600946,346,11,0.031791907514450865,0.05207460224965863,False,,,,,,,,,,,
fixed_policy_measurement,original,singleton_weak,original,singleton_weak,3141,rule_compact_to_qwen,cheap_only,anchor,,frozen_audited_dependency_primary_pilot_predictions,frozen_baseline_outer_holdout,420,72,348,13,59,11,337,0.18055555555555555,0.031609195402298854,0.5416666666666666,0.05177845699600946,348,11,0.031609195402298854,0.05177845699600946,False,,,,,,,,,,,
fixed_policy_measurement,audited,dependency_primary,audited,dependency_primary,3141,rule_compact_to_qwen,full_information,anchor,,frozen_audited_dependency_primary_pilot_predictions,frozen_baseline_outer_holdout,420,71,349,60,11,19,330,0.8450704225352113,0.054441260744985676,0.759493670886076,0.07886263986355725,347,19,0.05475504322766571,0.07931123669358123,False,,,,,,,,,,,
fixed_policy_measurement,audited,singleton_weak,audited,singleton_weak,3141,rule_compact_to_qwen,full_information,anchor,,frozen_audited_dependency_primary_pilot_predictions,frozen_baseline_outer_holdout,420,71,349,60,11,19,330,0.8450704225352113,0.054441260744985676,0.759493670886076,0.07886263986355725,349,19,0.054441260744985676,0.07886263986355725,False,,,,,,,,,,,
fixed_policy_measurement,original,dependency_primary,original,dependency_primary,3141,rule_compact_to_qwen,full_information,anchor,,frozen_audited_dependency_primary_pilot_predictions,frozen_baseline_outer_holdout,420,72,348,61,11,18,330,0.8472222222222222,0.05172413793103448,0.7721518987341772,0.07573901025268069,346,18,0.05202312138728324,0.0761711959411054,False,,,,,,,,,,,
fixed_policy_measurement,original,singleton_weak,original,singleton_weak,3141,rule_compact_to_qwen,full_information,anchor,,frozen_audited_dependency_primary_pilot_predictions,frozen_baseline_outer_holdout,420,72,348,61,11,18,330,0.8472222222222222,0.05172413793103448,0.7721518987341772,0.07573901025268069,348,18,0.05172413793103448,0.07573901025268069,False,,,,,,,,,,,
fixed_policy_measurement,audited,dependency_primary,audited,dependency_primary,3141,rule_compact_to_qwen,selective_deployable,0.10,0.1,frozen_audited_dependency_primary_pilot_predictions,frozen_baseline_outer_holdout,420,71,349,20,51,12,337,0.28169014084507044,0.034383954154727794,0.625,0.05511488840986523,347,12,0.0345821325648415,0.0554291043677078,False,,,,,,,,,,,
fixed_policy_measurement,audited,singleton_weak,audited,singleton_weak,3141,rule_compact_to_qwen,selective_deployable,0.10,0.1,frozen_audited_dependency_primary_pilot_predictions,frozen_baseline_outer_holdout,420,71,349,20,51,12,337,0.28169014084507044,0.034383954154727794,0.625,0.05511488840986523,349,12,0.034383954154727794,0.05511488840986523,False,,,,,,,,,,,
fixed_policy_measurement,original,dependency_primary,original,dependency_primary,3141,rule_compact_to_qwen,selective_deployable,0.10,0.1,frozen_audited_dependency_primary_pilot_predictions,frozen_baseline_outer_holdout,420,72,348,20,52,12,336,0.2777777777777778,0.034482758620689655,0.625,0.05527154987503182,346,12,0.03468208092485549,0.055587559544555715,False,,,,,,,,,,,
fixed_policy_measurement,original,singleton_weak,original,singleton_weak,3141,rule_compact_to_qwen,selective_deployable,0.10,0.1,frozen_audited_dependency_primary_pilot_predictions,frozen_baseline_outer_holdout,420,72,348,20,52,12,336,0.2777777777777778,0.034482758620689655,0.625,0.05527154987503182,348,12,0.034482758620689655,0.05527154987503182,False,,,,,,,,,,,
fixed_policy_measurement,audited,dependency_primary,audited,dependency_primary,3141,rule_compact_to_qwen,selective_deployable,0.25,0.25,frozen_audited_dependency_primary_pilot_predictions,frozen_baseline_outer_holdout,420,71,349,32,39,11,338,0.4507042253521127,0.03151862464183381,0.7441860465116279,0.05163164376229004,347,11,0.03170028818443804,0.05192610743152733,False,,,,,,,,,,,
fixed_policy_measurement,audited,singleton_weak,audited,singleton_weak,3141,rule_compact_to_qwen,selective_deployable,0.25,0.25,frozen_audited_dependency_primary_pilot_predictions,frozen_baseline_outer_holdout,420,71,349,32,39,11,338,0.4507042253521127,0.03151862464183381,0.7441860465116279,0.05163164376229004,349,11,0.03151862464183381,0.05163164376229004,False,,,,,,,,,,,
fixed_policy_measurement,original,dependency_primary,original,dependency_primary,3141,rule_compact_to_qwen,selective_deployable,0.25,0.25,frozen_audited_dependency_primary_pilot_predictions,frozen_baseline_outer_holdout,420,72,348,31,41,12,336,0.4305555555555556,0.034482758620689655,0.7209302325581395,0.05527154987503182,346,12,0.03468208092485549,0.055587559544555715,False,,,,,,,,,,,
fixed_policy_measurement,original,singleton_weak,original,singleton_weak,3141,rule_compact_to_qwen,selective_deployable,0.25,0.25,frozen_audited_dependency_primary_pilot_predictions,frozen_baseline_outer_holdout,420,72,348,31,41,12,336,0.4305555555555556,0.034482758620689655,0.7209302325581395,0.05527154987503182,348,12,0.034482758620689655,0.05527154987503182,False,,,,,,,,,,,
fixed_policy_measurement,audited,dependency_primary,audited,dependency_primary,3141,rule_compact_to_qwen,selective_deployable,0.50,0.5,frozen_audited_dependency_primary_pilot_predictions,frozen_baseline_outer_holdout,420,71,349,42,29,13,336,0.5915492957746479,0.03724928366762178,0.7636363636363637,0.05857079629240329,347,13,0.037463976945244955,0.05890459855125166,False,,,,,,,,,,,
fixed_policy_measurement,audited,singleton_weak,audited,singleton_weak,3141,rule_compact_to_qwen,selective_deployable,0.50,0.5,frozen_audited_dependency_primary_pilot_predictions,frozen_baseline_outer_holdout,420,71,349,42,29,13,336,0.5915492957746479,0.03724928366762178,0.7636363636363637,0.05857079629240329,349,13,0.03724928366762178,0.05857079629240329,False,,,,,,,,,,,
fixed_policy_measurement,original,dependency_primary,original,dependency_primary,3141,rule_compact_to_qwen,selective_deployable,0.50,0.5,frozen_audited_dependency_primary_pilot_predictions,frozen_baseline_outer_holdout,420,72,348,41,31,14,334,0.5694444444444444,0.040229885057471264,0.7454545454545455,0.06217831166867447,346,14,0.04046242774566474,0.06253356577852343,False,,,,,,,,,,,
fixed_policy_measurement,original,singleton_weak,original,singleton_weak,3141,rule_compact_to_qwen,selective_deployable,0.50,0.5,frozen_audited_dependency_primary_pilot_predictions,frozen_baseline_outer_holdout,420,72,348,41,31,14,334,0.5694444444444444,0.040229885057471264,0.7454545454545455,0.06217831166867447,348,14,0.040229885057471264,0.06217831166867447,False,,,,,,,,,,,
fixed_policy_measurement,audited,dependency_primary,audited,dependency_primary,3141,rule_to_compact,cheap_only,anchor,,frozen_audited_dependency_primary_pilot_predictions,frozen_baseline_outer_holdout,420,71,349,12,59,12,337,0.16901408450704225,0.034383954154727794,0.5,0.05511488840986523,347,12,0.0345821325648415,0.0554291043677078,False,,,,,,,,,,,
fixed_policy_measurement,audited,singleton_weak,audited,singleton_weak,3141,rule_to_compact,cheap_only,anchor,,frozen_audited_dependency_primary_pilot_predictions,frozen_baseline_outer_holdout,420,71,349,12,59,12,337,0.16901408450704225,0.034383954154727794,0.5,0.05511488840986523,349,12,0.034383954154727794,0.05511488840986523,False,,,,,,,,,,,
fixed_policy_measurement,original,dependency_primary,original,dependency_primary,3141,rule_to_compact,cheap_only,anchor,,frozen_audited_dependency_primary_pilot_predictions,frozen_baseline_outer_holdout,420,72,348,12,60,12,336,0.16666666666666666,0.034482758620689655,0.5,0.05527154987503182,346,12,0.03468208092485549,0.055587559544555715,False,,,,,,,,,,,
fixed_policy_measurement,original,singleton_weak,original,singleton_weak,3141,rule_to_compact,cheap_only,anchor,,frozen_audited_dependency_primary_pilot_predictions,frozen_baseline_outer_holdout,420,72,348,12,60,12,336,0.16666666666666666,0.034482758620689655,0.5,0.05527154987503182,348,12,0.034482758620689655,0.05527154987503182,False,,,,,,,,,,,
fixed_policy_measurement,audited,dependency_primary,audited,dependency_primary,3141,rule_to_compact,full_information,anchor,,frozen_audited_dependency_primary_pilot_predictions,frozen_baseline_outer_holdout,420,71,349,13,58,11,338,0.18309859154929578,0.03151862464183381,0.5416666666666666,0.05163164376229004,347,11,0.03170028818443804,0.05192610743152733,False,,,,,,,,,,,
fixed_policy_measurement,audited,singleton_weak,audited,singleton_weak,3141,rule_to_compact,full_information,anchor,,frozen_audited_dependency_primary_pilot_predictions,frozen_baseline_outer_holdout,420,71,349,13,58,11,338,0.18309859154929578,0.03151862464183381,0.5416666666666666,0.05163164376229004,349,11,0.03151862464183381,0.05163164376229004,False,,,,,,,,,,,
fixed_policy_measurement,original,dependency_primary,original,dependency_primary,3141,rule_to_compact,full_information,anchor,,frozen_audited_dependency_primary_pilot_predictions,frozen_baseline_outer_holdout,420,72,348,13,59,11,337,0.18055555555555555,0.031609195402298854,0.5416666666666666,0.05177845699600946,346,11,0.031791907514450865,0.05207460224965863,False,,,,,,,,,,,
fixed_policy_measurement,original,singleton_weak,original,singleton_weak,3141,rule_to_compact,full_information,anchor,,frozen_audited_dependency_primary_pilot_predictions,frozen_baseline_outer_holdout,420,72,348,13,59,11,337,0.18055555555555555,0.031609195402298854,0.5416666666666666,0.05177845699600946,348,11,0.031609195402298854,0.05177845699600946,False,,,,,,,,,,,
fixed_policy_measurement,audited,dependency_primary,audited,dependency_primary,3141,rule_to_compact,selective_deployable,0.10,0.1,frozen_audited_dependency_primary_pilot_predictions,frozen_baseline_outer_holdout,420,71,349,13,58,12,337,0.18309859154929578,0.034383954154727794,0.52,0.05511488840986523,347,12,0.0345821325648415,0.0554291043677078,False,,,,,,,,,,,
fixed_policy_measurement,audited,singleton_weak,audited,singleton_weak,3141,rule_to_compact,selective_deployable,0.10,0.1,frozen_audited_dependency_primary_pilot_predictions,frozen_baseline_outer_holdout,420,71,349,13,58,12,337,0.18309859154929578,0.034383954154727794,0.52,0.05511488840986523,349,12,0.034383954154727794,0.05511488840986523,False,,,,,,,,,,,
fixed_policy_measurement,original,dependency_primary,original,dependency_primary,3141,rule_to_compact,selective_deployable,0.10,0.1,frozen_audited_dependency_primary_pilot_predictions,frozen_baseline_outer_holdout,420,72,348,13,59,12,336,0.18055555555555555,0.034482758620689655,0.52,0.05527154987503182,346,12,0.03468208092485549,0.055587559544555715,False,,,,,,,,,,,
fixed_policy_measurement,original,singleton_weak,original,singleton_weak,3141,rule_to_compact,selective_deployable,0.10,0.1,frozen_audited_dependency_primary_pilot_predictions,frozen_baseline_outer_holdout,420,72,348,13,59,12,336,0.18055555555555555,0.034482758620689655,0.52,0.05527154987503182,348,12,0.034482758620689655,0.05527154987503182,False,,,,,,,,,,,
fixed_policy_measurement,audited,dependency_primary,audited,dependency_primary,3141,rule_to_compact,selective_deployable,0.25,0.25,frozen_audited_dependency_primary_pilot_predictions,frozen_baseline_outer_holdout,420,71,349,13,58,12,337,0.18309859154929578,0.034383954154727794,0.52,0.05511488840986523,347,12,0.0345821325648415,0.0554291043677078,False,,,,,,,,,,,
fixed_policy_measurement,audited,singleton_weak,audited,singleton_weak,3141,rule_to_compact,selective_deployable,0.25,0.25,frozen_audited_dependency_primary_pilot_predictions,frozen_baseline_outer_holdout,420,71,349,13,58,12,337,0.18309859154929578,0.034383954154727794,0.52,0.05511488840986523,349,12,0.034383954154727794,0.05511488840986523,False,,,,,,,,,,,
fixed_policy_measurement,original,dependency_primary,original,dependency_primary,3141,rule_to_compact,selective_deployable,0.25,0.25,frozen_audited_dependency_primary_pilot_predictions,frozen_baseline_outer_holdout,420,72,348,13,59,12,336,0.18055555555555555,0.034482758620689655,0.52,0.05527154987503182,346,12,0.03468208092485549,0.055587559544555715,False,,,,,,,,,,,
fixed_policy_measurement,original,singleton_weak,original,singleton_weak,3141,rule_to_compact,selective_deployable,0.25,0.25,frozen_audited_dependency_primary_pilot_predictions,frozen_baseline_outer_holdout,420,72,348,13,59,12,336,0.18055555555555555,0.034482758620689655,0.52,0.05527154987503182,348,12,0.034482758620689655,0.05527154987503182,False,,,,,,,,,,,
fixed_policy_measurement,audited,dependency_primary,audited,dependency_primary,3141,rule_to_compact,selective_deployable,0.50,0.5,frozen_audited_dependency_primary_pilot_predictions,frozen_baseline_outer_holdout,420,71,349,13,58,11,338,0.18309859154929578,0.03151862464183381,0.5416666666666666,0.05163164376229004,347,11,0.03170028818443804,0.05192610743152733,False,,,,,,,,,,,
fixed_policy_measurement,audited,singleton_weak,audited,singleton_weak,3141,rule_to_compact,selective_deployable,0.50,0.5,frozen_audited_dependency_primary_pilot_predictions,frozen_baseline_outer_holdout,420,71,349,13,58,11,338,0.18309859154929578,0.03151862464183381,0.5416666666666666,0.05163164376229004,349,11,0.03151862464183381,0.05163164376229004,False,,,,,,,,,,,
fixed_policy_measurement,original,dependency_primary,original,dependency_primary,3141,rule_to_compact,selective_deployable,0.50,0.5,frozen_audited_dependency_primary_pilot_predictions,frozen_baseline_outer_holdout,420,72,348,13,59,11,337,0.18055555555555555,0.031609195402298854,0.5416666666666666,0.05177845699600946,346,11,0.031791907514450865,0.05207460224965863,False,,,,,,,,,,,
fixed_policy_measurement,original,singleton_weak,original,singleton_weak,3141,rule_to_compact,selective_deployable,0.50,0.5,frozen_audited_dependency_primary_pilot_predictions,frozen_baseline_outer_holdout,420,72,348,13,59,11,337,0.18055555555555555,0.031609195402298854,0.5416666666666666,0.05177845699600946,348,11,0.031609195402298854,0.05177845699600946,False,,,,,,,,,,,
fixed_policy_measurement,audited,dependency_primary,audited,dependency_primary,5772,compact_to_qwen,cheap_only,anchor,,frozen_audited_dependency_primary_pilot_predictions,frozen_baseline_outer_holdout,420,71,349,11,60,15,334,0.15492957746478872,0.04297994269340974,0.4230769230769231,0.06541143768987555,347,15,0.043227665706051875,0.06578397786941731,False,,,,,,,,,,,
fixed_policy_measurement,audited,singleton_weak,audited,singleton_weak,5772,compact_to_qwen,cheap_only,anchor,,frozen_audited_dependency_primary_pilot_predictions,frozen_baseline_outer_holdout,420,71,349,11,60,15,334,0.15492957746478872,0.04297994269340974,0.4230769230769231,0.06541143768987555,349,15,0.04297994269340974,0.06541143768987555,False,,,,,,,,,,,
fixed_policy_measurement,original,dependency_primary,original,dependency_primary,5772,compact_to_qwen,cheap_only,anchor,,frozen_audited_dependency_primary_pilot_predictions,frozen_baseline_outer_holdout,420,71,349,11,60,15,334,0.15492957746478872,0.04297994269340974,0.4230769230769231,0.06541143768987555,347,15,0.043227665706051875,0.06578397786941731,False,,,,,,,,,,,
fixed_policy_measurement,original,singleton_weak,original,singleton_weak,5772,compact_to_qwen,cheap_only,anchor,,frozen_audited_dependency_primary_pilot_predictions,frozen_baseline_outer_holdout,420,71,349,11,60,15,334,0.15492957746478872,0.04297994269340974,0.4230769230769231,0.06541143768987555,349,15,0.04297994269340974,0.06541143768987555,False,,,,,,,,,,,
fixed_policy_measurement,audited,dependency_primary,audited,dependency_primary,5772,compact_to_qwen,full_information,anchor,,frozen_audited_dependency_primary_pilot_predictions,frozen_baseline_outer_holdout,420,71,349,63,8,11,338,0.8873239436619719,0.03151862464183381,0.8513513513513513,0.05163164376229004,347,11,0.03170028818443804,0.05192610743152733,False,,,,,,,,,,,
fixed_policy_measurement,audited,singleton_weak,audited,singleton_weak,5772,compact_to_qwen,full_information,anchor,,frozen_audited_dependency_primary_pilot_predictions,frozen_baseline_outer_holdout,420,71,349,63,8,11,338,0.8873239436619719,0.03151862464183381,0.8513513513513513,0.05163164376229004,349,11,0.03151862464183381,0.05163164376229004,False,,,,,,,,,,,
fixed_policy_measurement,original,dependency_primary,original,dependency_primary,5772,compact_to_qwen,full_information,anchor,,frozen_audited_dependency_primary_pilot_predictions,frozen_baseline_outer_holdout,420,71,349,62,9,12,337,0.8732394366197183,0.034383954154727794,0.8378378378378378,0.05511488840986523,347,12,0.0345821325648415,0.0554291043677078,False,,,,,,,,,,,
fixed_policy_measurement,original,singleton_weak,original,singleton_weak,5772,compact_to_qwen,full_information,anchor,,frozen_audited_dependency_primary_pilot_predictions,frozen_baseline_outer_holdout,420,71,349,62,9,12,337,0.8732394366197183,0.034383954154727794,0.8378378378378378,0.05511488840986523,349,12,0.034383954154727794,0.05511488840986523,False,,,,,,,,,,,
fixed_policy_measurement,audited,dependency_primary,audited,dependency_primary,5772,compact_to_qwen,selective_deployable,0.10,0.1,frozen_audited_dependency_primary_pilot_predictions,frozen_baseline_outer_holdout,420,71,349,20,51,12,337,0.28169014084507044,0.034383954154727794,0.625,0.05511488840986523,347,12,0.0345821325648415,0.0554291043677078,False,,,,,,,,,,,
fixed_policy_measurement,audited,singleton_weak,audited,singleton_weak,5772,compact_to_qwen,selective_deployable,0.10,0.1,frozen_audited_dependency_primary_pilot_predictions,frozen_baseline_outer_holdout,420,71,349,20,51,12,337,0.28169014084507044,0.034383954154727794,0.625,0.05511488840986523,349,12,0.034383954154727794,0.05511488840986523,False,,,,,,,,,,,
fixed_policy_measurement,original,dependency_primary,original,dependency_primary,5772,compact_to_qwen,selective_deployable,0.10,0.1,frozen_audited_dependency_primary_pilot_predictions,frozen_baseline_outer_holdout,420,71,349,20,51,12,337,0.28169014084507044,0.034383954154727794,0.625,0.05511488840986523,347,12,0.0345821325648415,0.0554291043677078,False,,,,,,,,,,,
fixed_policy_measurement,original,singleton_weak,original,singleton_weak,5772,compact_to_qwen,selective_deployable,0.10,0.1,frozen_audited_dependency_primary_pilot_predictions,frozen_baseline_outer_holdout,420,71,349,20,51,12,337,0.28169014084507044,0.034383954154727794,0.625,0.05511488840986523,349,12,0.034383954154727794,0.05511488840986523,False,,,,,,,,,,,
fixed_policy_measurement,audited,dependency_primary,audited,dependency_primary,5772,compact_to_qwen,selective_deployable,0.25,0.25,frozen_audited_dependency_primary_pilot_predictions,frozen_baseline_outer_holdout,420,71,349,39,32,12,337,0.5492957746478874,0.034383954154727794,0.7647058823529411,0.05511488840986523,347,12,0.0345821325648415,0.0554291043677078,False,,,,,,,,,,,
fixed_policy_measurement,audited,singleton_weak,audited,singleton_weak,5772,compact_to_qwen,selective_deployable,0.25,0.25,frozen_audited_dependency_primary_pilot_predictions,frozen_baseline_outer_holdout,420,71,349,39,32,12,337,0.5492957746478874,0.034383954154727794,0.7647058823529411,0.05511488840986523,349,12,0.034383954154727794,0.05511488840986523,False,,,,,,,,,,,
fixed_policy_measurement,original,dependency_primary,original,dependency_primary,5772,compact_to_qwen,selective_deployable,0.25,0.25,frozen_audited_dependency_primary_pilot_predictions,frozen_baseline_outer_holdout,420,71,349,38,33,13,336,0.5352112676056338,0.03724928366762178,0.7450980392156863,0.05857079629240329,347,13,0.037463976945244955,0.05890459855125166,False,,,,,,,,,,,
fixed_policy_measurement,original,singleton_weak,original,singleton_weak,5772,compact_to_qwen,selective_deployable,0.25,0.25,frozen_audited_dependency_primary_pilot_predictions,frozen_baseline_outer_holdout,420,71,349,38,33,13,336,0.5352112676056338,0.03724928366762178,0.7450980392156863,0.05857079629240329,349,13,0.03724928366762178,0.05857079629240329,False,,,,,,,,,,,
fixed_policy_measurement,audited,dependency_primary,audited,dependency_primary,5772,compact_to_qwen,selective_deployable,0.50,0.5,frozen_audited_dependency_primary_pilot_predictions,frozen_baseline_outer_holdout,420,71,349,57,14,13,336,0.8028169014084507,0.03724928366762178,0.8142857142857143,0.05857079629240329,347,13,0.037463976945244955,0.05890459855125166,False,,,,,,,,,,,
fixed_policy_measurement,audited,singleton_weak,audited,singleton_weak,5772,compact_to_qwen,selective_deployable,0.50,0.5,frozen_audited_dependency_primary_pilot_predictions,frozen_baseline_outer_holdout,420,71,349,57,14,13,336,0.8028169014084507,0.03724928366762178,0.8142857142857143,0.05857079629240329,349,13,0.03724928366762178,0.05857079629240329,False,,,,,,,,,,,
fixed_policy_measurement,original,dependency_primary,original,dependency_primary,5772,compact_to_qwen,selective_deployable,0.50,0.5,frozen_audited_dependency_primary_pilot_predictions,frozen_baseline_outer_holdout,420,71,349,56,15,14,335,0.7887323943661971,0.04011461318051576,0.8,0.06200219374162649,347,14,0.040345821325648415,0.06235543281596552,False,,,,,,,,,,,
fixed_policy_measurement,original,singleton_weak,original,singleton_weak,5772,compact_to_qwen,selective_deployable,0.50,0.5,frozen_audited_dependency_primary_pilot_predictions,frozen_baseline_outer_holdout,420,71,349,56,15,14,335,0.7887323943661971,0.04011461318051576,0.8,0.06200219374162649,349,14,0.04011461318051576,0.06200219374162649,False,,,,,,,,,,,
fixed_policy_measurement,audited,dependency_primary,audited,dependency_primary,5772,rule_compact_to_qwen,cheap_only,anchor,,frozen_audited_dependency_primary_pilot_predictions,frozen_baseline_outer_holdout,420,71,349,12,59,22,327,0.16901408450704225,0.06303724928366762,0.35294117647058826,0.08879245157053443,347,22,0.06340057636887608,0.08929709961567887,False,,,,,,,,,,,
fixed_policy_measurement,audited,singleton_weak,audited,singleton_weak,5772,rule_compact_to_qwen,cheap_only,anchor,,frozen_audited_dependency_primary_pilot_predictions,frozen_baseline_outer_holdout,420,71,349,12,59,22,327,0.16901408450704225,0.06303724928366762,0.35294117647058826,0.08879245157053443,349,22,0.06303724928366762,0.08879245157053443,False,,,,,,,,,,,
fixed_policy_measurement,original,dependency_primary,original,dependency_primary,5772,rule_compact_to_qwen,cheap_only,anchor,,frozen_audited_dependency_primary_pilot_predictions,frozen_baseline_outer_holdout,420,71,349,13,58,21,328,0.18309859154929578,0.06017191977077364,0.38235294117647056,0.08549556272192184,347,21,0.06051873198847262,0.08598160936447057,False,,,,,,,,,,,
fixed_policy_measurement,original,singleton_weak,original,singleton_weak,5772,rule_compact_to_qwen,cheap_only,anchor,,frozen_audited_dependency_primary_pilot_predictions,frozen_baseline_outer_holdout,420,71,349,13,58,21,328,0.18309859154929578,0.06017191977077364,0.38235294117647056,0.08549556272192184,349,21,0.06017191977077364,0.08549556272192184,False,,,,,,,,,,,
fixed_policy_measurement,audited,dependency_primary,audited,dependency_primary,5772,rule_compact_to_qwen,full_information,anchor,,frozen_audited_dependency_primary_pilot_predictions,frozen_baseline_outer_holdout,420,71,349,64,7,13,336,0.9014084507042254,0.03724928366762178,0.8311688311688312,0.05857079629240329,347,13,0.037463976945244955,0.05890459855125166,False,,,,,,,,,,,
fixed_policy_measurement,audited,singleton_weak,audited,singleton_weak,5772,rule_compact_to_qwen,full_information,anchor,,frozen_audited_dependency_primary_pilot_predictions,frozen_baseline_outer_holdout,420,71,349,64,7,13,336,0.9014084507042254,0.03724928366762178,0.8311688311688312,0.05857079629240329,349,13,0.03724928366762178,0.05857079629240329,False,,,,,,,,,,,
fixed_policy_measurement,original,dependency_primary,original,dependency_primary,5772,rule_compact_to_qwen,full_information,anchor,,frozen_audited_dependency_primary_pilot_predictions,frozen_baseline_outer_holdout,420,71,349,63,8,14,335,0.8873239436619719,0.04011461318051576,0.8181818181818182,0.06200219374162649,347,14,0.040345821325648415,0.06235543281596552,False,,,,,,,,,,,
fixed_policy_measurement,original,singleton_weak,original,singleton_weak,5772,rule_compact_to_qwen,full_information,anchor,,frozen_audited_dependency_primary_pilot_predictions,frozen_baseline_outer_holdout,420,71,349,63,8,14,335,0.8873239436619719,0.04011461318051576,0.8181818181818182,0.06200219374162649,349,14,0.04011461318051576,0.06200219374162649,False,,,,,,,,,,,
fixed_policy_measurement,audited,dependency_primary,audited,dependency_primary,5772,rule_compact_to_qwen,selective_deployable,0.10,0.1,frozen_audited_dependency_primary_pilot_predictions,frozen_baseline_outer_holdout,420,71,349,22,49,16,333,0.30985915492957744,0.045845272206303724,0.5789473684210527,0.0688005183497085,347,16,0.04610951008645533,0.06919223556730196,False,,,,,,,,,,,
fixed_policy_measurement,audited,singleton_weak,audited,singleton_weak,5772,rule_compact_to_qwen,selective_deployable,0.10,0.1,frozen_audited_dependency_primary_pilot_predictions,frozen_baseline_outer_holdout,420,71,349,22,49,16,333,0.30985915492957744,0.045845272206303724,0.5789473684210527,0.0688005183497085,349,16,0.045845272206303724,0.0688005183497085,False,,,,,,,,,,,
fixed_policy_measurement,original,dependency_primary,original,dependency_primary,5772,rule_compact_to_qwen,selective_deployable,0.10,0.1,frozen_audited_dependency_primary_pilot_predictions,frozen_baseline_outer_holdout,420,71,349,22,49,16,333,0.30985915492957744,0.045845272206303724,0.5789473684210527,0.0688005183497085,347,16,0.04610951008645533,0.06919223556730196,False,,,,,,,,,,,
fixed_policy_measurement,original,singleton_weak,original,singleton_weak,5772,rule_compact_to_qwen,selective_deployable,0.10,0.1,frozen_audited_dependency_primary_pilot_predictions,frozen_baseline_outer_holdout,420,71,349,22,49,16,333,0.30985915492957744,0.045845272206303724,0.5789473684210527,0.0688005183497085,349,16,0.045845272206303724,0.0688005183497085,False,,,,,,,,,,,
fixed_policy_measurement,audited,dependency_primary,audited,dependency_primary,5772,rule_compact_to_qwen,selective_deployable,0.25,0.25,frozen_audited_dependency_primary_pilot_predictions,frozen_baseline_outer_holdout,420,71,349,39,32,14,335,0.5492957746478874,0.04011461318051576,0.7358490566037735,0.06200219374162649,347,14,0.040345821325648415,0.06235543281596552,False,,,,,,,,,,,
fixed_policy_measurement,audited,singleton_weak,audited,singleton_weak,5772,rule_compact_to_qwen,selective_deployable,0.25,0.25,frozen_audited_dependency_primary_pilot_predictions,frozen_baseline_outer_holdout,420,71,349,39,32,14,335,0.5492957746478874,0.04011461318051576,0.7358490566037735,0.06200219374162649,349,14,0.04011461318051576,0.06200219374162649,False,,,,,,,,,,,
fixed_policy_measurement,original,dependency_primary,original,dependency_primary,5772,rule_compact_to_qwen,selective_deployable,0.25,0.25,frozen_audited_dependency_primary_pilot_predictions,frozen_baseline_outer_holdout,420,71,349,39,32,14,335,0.5492957746478874,0.04011461318051576,0.7358490566037735,0.06200219374162649,347,14,0.040345821325648415,0.06235543281596552,False,,,,,,,,,,,
fixed_policy_measurement,original,singleton_weak,original,singleton_weak,5772,rule_compact_to_qwen,selective_deployable,0.25,0.25,frozen_audited_dependency_primary_pilot_predictions,frozen_baseline_outer_holdout,420,71,349,39,32,14,335,0.5492957746478874,0.04011461318051576,0.7358490566037735,0.06200219374162649,349,14,0.04011461318051576,0.06200219374162649,False,,,,,,,,,,,
fixed_policy_measurement,audited,dependency_primary,audited,dependency_primary,5772,rule_compact_to_qwen,selective_deployable,0.50,0.5,frozen_audited_dependency_primary_pilot_predictions,frozen_baseline_outer_holdout,420,71,349,54,17,13,336,0.7605633802816901,0.03724928366762178,0.8059701492537313,0.05857079629240329,347,13,0.037463976945244955,0.05890459855125166,False,,,,,,,,,,,
fixed_policy_measurement,audited,singleton_weak,audited,singleton_weak,5772,rule_compact_to_qwen,selective_deployable,0.50,0.5,frozen_audited_dependency_primary_pilot_predictions,frozen_baseline_outer_holdout,420,71,349,54,17,13,336,0.7605633802816901,0.03724928366762178,0.8059701492537313,0.05857079629240329,349,13,0.03724928366762178,0.05857079629240329,False,,,,,,,,,,,
fixed_policy_measurement,original,dependency_primary,original,dependency_primary,5772,rule_compact_to_qwen,selective_deployable,0.50,0.5,frozen_audited_dependency_primary_pilot_predictions,frozen_baseline_outer_holdout,420,71,349,53,18,14,335,0.7464788732394366,0.04011461318051576,0.7910447761194029,0.06200219374162649,347,14,0.040345821325648415,0.06235543281596552,False,,,,,,,,,,,
fixed_policy_measurement,original,singleton_weak,original,singleton_weak,5772,rule_compact_to_qwen,selective_deployable,0.50,0.5,frozen_audited_dependency_primary_pilot_predictions,frozen_baseline_outer_holdout,420,71,349,53,18,14,335,0.7464788732394366,0.04011461318051576,0.7910447761194029,0.06200219374162649,349,14,0.04011461318051576,0.06200219374162649,False,,,,,,,,,,,
fixed_policy_measurement,audited,dependency_primary,audited,dependency_primary,5772,rule_to_compact,cheap_only,anchor,,frozen_audited_dependency_primary_pilot_predictions,frozen_baseline_outer_holdout,420,71,349,11,60,25,324,0.15492957746478872,0.07163323782234957,0.3055555555555556,0.09861396086651453,347,25,0.07204610951008646,0.09917397283798585,False,,,,,,,,,,,
fixed_policy_measurement,audited,singleton_weak,audited,singleton_weak,5772,rule_to_compact,cheap_only,anchor,,frozen_audited_dependency_primary_pilot_predictions,frozen_baseline_outer_holdout,420,71,349,11,60,25,324,0.15492957746478872,0.07163323782234957,0.3055555555555556,0.09861396086651453,349,25,0.07163323782234957,0.09861396086651453,False,,,,,,,,,,,
fixed_policy_measurement,original,dependency_primary,original,dependency_primary,5772,rule_to_compact,cheap_only,anchor,,frozen_audited_dependency_primary_pilot_predictions,frozen_baseline_outer_holdout,420,71,349,12,59,24,325,0.16901408450704225,0.06876790830945559,0.3333333333333333,0.09535098763963369,347,24,0.069164265129683,0.09589261444550476,False,,,,,,,,,,,
fixed_policy_measurement,original,singleton_weak,original,singleton_weak,5772,rule_to_compact,cheap_only,anchor,,frozen_audited_dependency_primary_pilot_predictions,frozen_baseline_outer_holdout,420,71,349,12,59,24,325,0.16901408450704225,0.06876790830945559,0.3333333333333333,0.09535098763963369,349,24,0.06876790830945559,0.09535098763963369,False,,,,,,,,,,,
fixed_policy_measurement,audited,dependency_primary,audited,dependency_primary,5772,rule_to_compact,full_information,anchor,,frozen_audited_dependency_primary_pilot_predictions,frozen_baseline_outer_holdout,420,71,349,12,59,22,327,0.16901408450704225,0.06303724928366762,0.35294117647058826,0.08879245157053443,347,22,0.06340057636887608,0.08929709961567887,False,,,,,,,,,,,
fixed_policy_measurement,audited,singleton_weak,audited,singleton_weak,5772,rule_to_compact,full_information,anchor,,frozen_audited_dependency_primary_pilot_predictions,frozen_baseline_outer_holdout,420,71,349,12,59,22,327,0.16901408450704225,0.06303724928366762,0.35294117647058826,0.08879245157053443,349,22,0.06303724928366762,0.08879245157053443,False,,,,,,,,,,,
fixed_policy_measurement,original,dependency_primary,original,dependency_primary,5772,rule_to_compact,full_information,anchor,,frozen_audited_dependency_primary_pilot_predictions,frozen_baseline_outer_holdout,420,71,349,13,58,21,328,0.18309859154929578,0.06017191977077364,0.38235294117647056,0.08549556272192184,347,21,0.06051873198847262,0.08598160936447057,False,,,,,,,,,,,
fixed_policy_measurement,original,singleton_weak,original,singleton_weak,5772,rule_to_compact,full_information,anchor,,frozen_audited_dependency_primary_pilot_predictions,frozen_baseline_outer_holdout,420,71,349,13,58,21,328,0.18309859154929578,0.06017191977077364,0.38235294117647056,0.08549556272192184,349,21,0.06017191977077364,0.08549556272192184,False,,,,,,,,,,,
fixed_policy_measurement,audited,dependency_primary,audited,dependency_primary,5772,rule_to_compact,selective_deployable,0.10,0.1,frozen_audited_dependency_primary_pilot_predictions,frozen_baseline_outer_holdout,420,71,349,11,60,24,325,0.15492957746478872,0.06876790830945559,0.3142857142857143,0.09535098763963369,347,24,0.069164265129683,0.09589261444550476,False,,,,,,,,,,,
fixed_policy_measurement,audited,singleton_weak,audited,singleton_weak,5772,rule_to_compact,selective_deployable,0.10,0.1,frozen_audited_dependency_primary_pilot_predictions,frozen_baseline_outer_holdout,420,71,349,11,60,24,325,0.15492957746478872,0.06876790830945559,0.3142857142857143,0.09535098763963369,349,24,0.06876790830945559,0.09535098763963369,False,,,,,,,,,,,
fixed_policy_measurement,original,dependency_primary,original,dependency_primary,5772,rule_to_compact,selective_deployable,0.10,0.1,frozen_audited_dependency_primary_pilot_predictions,frozen_baseline_outer_holdout,420,71,349,12,59,23,326,0.16901408450704225,0.0659025787965616,0.34285714285714286,0.0920773606800653,347,23,0.06628242074927954,0.09260053407755514,False,,,,,,,,,,,
fixed_policy_measurement,original,singleton_weak,original,singleton_weak,5772,rule_to_compact,selective_deployable,0.10,0.1,frozen_audited_dependency_primary_pilot_predictions,frozen_baseline_outer_holdout,420,71,349,12,59,23,326,0.16901408450704225,0.0659025787965616,0.34285714285714286,0.0920773606800653,349,23,0.0659025787965616,0.0920773606800653,False,,,,,,,,,,,
fixed_policy_measurement,audited,dependency_primary,audited,dependency_primary,5772,rule_to_compact,selective_deployable,0.25,0.25,frozen_audited_dependency_primary_pilot_predictions,frozen_baseline_outer_holdout,420,71,349,12,59,22,327,0.16901408450704225,0.06303724928366762,0.35294117647058826,0.08879245157053443,347,22,0.06340057636887608,0.08929709961567887,False,,,,,,,,,,,
fixed_policy_measurement,audited,singleton_weak,audited,singleton_weak,5772,rule_to_compact,selective_deployable,0.25,0.25,frozen_audited_dependency_primary_pilot_predictions,frozen_baseline_outer_holdout,420,71,349,12,59,22,327,0.16901408450704225,0.06303724928366762,0.35294117647058826,0.08879245157053443,349,22,0.06303724928366762,0.08879245157053443,False,,,,,,,,,,,
fixed_policy_measurement,original,dependency_primary,original,dependency_primary,5772,rule_to_compact,selective_deployable,0.25,0.25,frozen_audited_dependency_primary_pilot_predictions,frozen_baseline_outer_holdout,420,71,349,13,58,21,328,0.18309859154929578,0.06017191977077364,0.38235294117647056,0.08549556272192184,347,21,0.06051873198847262,0.08598160936447057,False,,,,,,,,,,,
fixed_policy_measurement,original,singleton_weak,original,singleton_weak,5772,rule_to_compact,selective_deployable,0.25,0.25,frozen_audited_dependency_primary_pilot_predictions,frozen_baseline_outer_holdout,420,71,349,13,58,21,328,0.18309859154929578,0.06017191977077364,0.38235294117647056,0.08549556272192184,349,21,0.06017191977077364,0.08549556272192184,False,,,,,,,,,,,
fixed_policy_measurement,audited,dependency_primary,audited,dependency_primary,5772,rule_to_compact,selective_deployable,0.50,0.5,frozen_audited_dependency_primary_pilot_predictions,frozen_baseline_outer_holdout,420,71,349,12,59,22,327,0.16901408450704225,0.06303724928366762,0.35294117647058826,0.08879245157053443,347,22,0.06340057636887608,0.08929709961567887,False,,,,,,,,,,,
fixed_policy_measurement,audited,singleton_weak,audited,singleton_weak,5772,rule_to_compact,selective_deployable,0.50,0.5,frozen_audited_dependency_primary_pilot_predictions,frozen_baseline_outer_holdout,420,71,349,12,59,22,327,0.16901408450704225,0.06303724928366762,0.35294117647058826,0.08879245157053443,349,22,0.06303724928366762,0.08879245157053443,False,,,,,,,,,,,
fixed_policy_measurement,original,dependency_primary,original,dependency_primary,5772,rule_to_compact,selective_deployable,0.50,0.5,frozen_audited_dependency_primary_pilot_predictions,frozen_baseline_outer_holdout,420,71,349,13,58,21,328,0.18309859154929578,0.06017191977077364,0.38235294117647056,0.08549556272192184,347,21,0.06051873198847262,0.08598160936447057,False,,,,,,,,,,,
fixed_policy_measurement,original,singleton_weak,original,singleton_weak,5772,rule_to_compact,selective_deployable,0.50,0.5,frozen_audited_dependency_primary_pilot_predictions,frozen_baseline_outer_holdout,420,71,349,13,58,21,328,0.18309859154929578,0.06017191977077364,0.38235294117647056,0.08549556272192184,349,21,0.06017191977077364,0.08549556272192184,False,,,,,,,,,,,
fixed_policy_measurement,audited,dependency_primary,audited,dependency_primary,8111,compact_to_qwen,cheap_only,anchor,,frozen_audited_dependency_primary_pilot_predictions,frozen_baseline_outer_holdout,420,71,349,1,70,3,346,0.014084507042253521,0.008595988538681949,0.25,0.02206588200576443,347,3,0.008645533141210375,0.02219219049605374,True,,,,,,,,,,,
fixed_policy_measurement,audited,singleton_weak,audited,singleton_weak,8111,compact_to_qwen,cheap_only,anchor,,frozen_audited_dependency_primary_pilot_predictions,frozen_baseline_outer_holdout,420,71,349,1,70,3,346,0.014084507042253521,0.008595988538681949,0.25,0.02206588200576443,349,3,0.008595988538681949,0.02206588200576443,True,,,,,,,,,,,
fixed_policy_measurement,original,dependency_primary,original,dependency_primary,8111,compact_to_qwen,cheap_only,anchor,,frozen_audited_dependency_primary_pilot_predictions,frozen_baseline_outer_holdout,420,75,345,1,74,3,342,0.013333333333333334,0.008695652173913044,0.25,0.02231995328696475,343,3,0.008746355685131196,0.022449195640136005,True,,,,,,,,,,,
fixed_policy_measurement,original,singleton_weak,original,singleton_weak,8111,compact_to_qwen,cheap_only,anchor,,frozen_audited_dependency_primary_pilot_predictions,frozen_baseline_outer_holdout,420,75,345,1,74,3,342,0.013333333333333334,0.008695652173913044,0.25,0.02231995328696475,345,3,0.008695652173913044,0.02231995328696475,True,,,,,,,,,,,
fixed_policy_measurement,audited,dependency_primary,audited,dependency_primary,8111,compact_to_qwen,full_information,anchor,,frozen_audited_dependency_primary_pilot_predictions,frozen_baseline_outer_holdout,420,71,349,55,16,19,330,0.7746478873239436,0.054441260744985676,0.7432432432432432,0.07886263986355725,347,19,0.05475504322766571,0.07931123669358123,False,,,,,,,,,,,
fixed_policy_measurement,audited,singleton_weak,audited,singleton_weak,8111,compact_to_qwen,full_information,anchor,,frozen_audited_dependency_primary_pilot_predictions,frozen_baseline_outer_holdout,420,71,349,55,16,19,330,0.7746478873239436,0.054441260744985676,0.7432432432432432,0.07886263986355725,349,19,0.054441260744985676,0.07886263986355725,False,,,,,,,,,,,
fixed_policy_measurement,original,dependency_primary,original,dependency_primary,8111,compact_to_qwen,full_information,anchor,,frozen_audited_dependency_primary_pilot_predictions,frozen_baseline_outer_holdout,420,75,345,58,17,16,329,0.7733333333333333,0.0463768115942029,0.7837837837837838,0.06958843796635428,343,16,0.04664723032069971,0.06998920300814261,False,,,,,,,,,,,
fixed_policy_measurement,original,singleton_weak,original,singleton_weak,8111,compact_to_qwen,full_information,anchor,,frozen_audited_dependency_primary_pilot_predictions,frozen_baseline_outer_holdout,420,75,345,58,17,16,329,0.7733333333333333,0.0463768115942029,0.7837837837837838,0.06958843796635428,345,16,0.0463768115942029,0.06958843796635428,False,,,,,,,,,,,
fixed_policy_measurement,audited,dependency_primary,audited,dependency_primary,8111,compact_to_qwen,selective_deployable,0.10,0.1,frozen_audited_dependency_primary_pilot_predictions,frozen_baseline_outer_holdout,420,71,349,11,60,17,332,0.15492957746478872,0.04871060171919771,0.39285714285714285,0.0721711346734761,347,17,0.04899135446685879,0.0725819148103667,False,,,,,,,,,,,
fixed_policy_measurement,audited,singleton_weak,audited,singleton_weak,8111,compact_to_qwen,selective_deployable,0.10,0.1,frozen_audited_dependency_primary_pilot_predictions,frozen_baseline_outer_holdout,420,71,349,11,60,17,332,0.15492957746478872,0.04871060171919771,0.39285714285714285,0.0721711346734761,349,17,0.04871060171919771,0.0721711346734761,False,,,,,,,,,,,
fixed_policy_measurement,original,dependency_primary,original,dependency_primary,8111,compact_to_qwen,selective_deployable,0.10,0.1,frozen_audited_dependency_primary_pilot_predictions,frozen_baseline_outer_holdout,420,75,345,12,63,16,329,0.16,0.0463768115942029,0.42857142857142855,0.06958843796635428,343,16,0.04664723032069971,0.06998920300814261,False,,,,,,,,,,,
fixed_policy_measurement,original,singleton_weak,original,singleton_weak,8111,compact_to_qwen,selective_deployable,0.10,0.1,frozen_audited_dependency_primary_pilot_predictions,frozen_baseline_outer_holdout,420,75,345,12,63,16,329,0.16,0.0463768115942029,0.42857142857142855,0.06958843796635428,345,16,0.0463768115942029,0.06958843796635428,False,,,,,,,,,,,
fixed_policy_measurement,audited,dependency_primary,audited,dependency_primary,8111,compact_to_qwen,selective_deployable,0.25,0.25,frozen_audited_dependency_primary_pilot_predictions,frozen_baseline_outer_holdout,420,71,349,30,41,25,324,0.4225352112676056,0.07163323782234957,0.5454545454545454,0.09861396086651453,347,25,0.07204610951008646,0.09917397283798585,False,,,,,,,,,,,
fixed_policy_measurement,audited,singleton_weak,audited,singleton_weak,8111,compact_to_qwen,selective_deployable,0.25,0.25,frozen_audited_dependency_primary_pilot_predictions,frozen_baseline_outer_holdout,420,71,349,30,41,25,324,0.4225352112676056,0.07163323782234957,0.5454545454545454,0.09861396086651453,349,25,0.07163323782234957,0.09861396086651453,False,,,,,,,,,,,
fixed_policy_measurement,original,dependency_primary,original,dependency_primary,8111,compact_to_qwen,selective_deployable,0.25,0.25,frozen_audited_dependency_primary_pilot_predictions,frozen_baseline_outer_holdout,420,75,345,32,43,23,322,0.4266666666666667,0.06666666666666667,0.5818181818181818,0.09312968479417107,343,23,0.06705539358600583,0.09366491582135207,False,,,,,,,,,,,
fixed_policy_measurement,original,singleton_weak,original,singleton_weak,8111,compact_to_qwen,selective_deployable,0.25,0.25,frozen_audited_dependency_primary_pilot_predictions,frozen_baseline_outer_holdout,420,75,345,32,43,23,322,0.4266666666666667,0.06666666666666667,0.5818181818181818,0.09312968479417107,345,23,0.06666666666666667,0.09312968479417107,False,,,,,,,,,,,
fixed_policy_measurement,audited,dependency_primary,audited,dependency_primary,8111,compact_to_qwen,selective_deployable,0.50,0.5,frozen_audited_dependency_primary_pilot_predictions,frozen_baseline_outer_holdout,420,71,349,46,25,16,333,0.647887323943662,0.045845272206303724,0.7419354838709677,0.0688005183497085,347,16,0.04610951008645533,0.06919223556730196,False,,,,,,,,,,,
fixed_policy_measurement,audited,singleton_weak,audited,singleton_weak,8111,compact_to_qwen,selective_deployable,0.50,0.5,frozen_audited_dependency_primary_pilot_predictions,frozen_baseline_outer_holdout,420,71,349,46,25,16,333,0.647887323943662,0.045845272206303724,0.7419354838709677,0.0688005183497085,349,16,0.045845272206303724,0.0688005183497085,False,,,,,,,,,,,
fixed_policy_measurement,original,dependency_primary,original,dependency_primary,8111,compact_to_qwen,selective_deployable,0.50,0.5,frozen_audited_dependency_primary_pilot_predictions,frozen_baseline_outer_holdout,420,75,345,48,27,14,331,0.64,0.04057971014492753,0.7741935483870968,0.06271271924981928,343,14,0.04081632653061224,0.06307412299325009,False,,,,,,,,,,,
fixed_policy_measurement,original,singleton_weak,original,singleton_weak,8111,compact_to_qwen,selective_deployable,0.50,0.5,frozen_audited_dependency_primary_pilot_predictions,frozen_baseline_outer_holdout,420,75,345,48,27,14,331,0.64,0.04057971014492753,0.7741935483870968,0.06271271924981928,345,14,0.04057971014492753,0.06271271924981928,False,,,,,,,,,,,
fixed_policy_measurement,audited,dependency_primary,audited,dependency_primary,8111,rule_compact_to_qwen,cheap_only,anchor,,frozen_audited_dependency_primary_pilot_predictions,frozen_baseline_outer_holdout,420,71,349,14,57,18,331,0.19718309859154928,0.05157593123209169,0.4375,0.07552475092839267,347,18,0.05187319884726225,0.07595448844757033,False,,,,,,,,,,,
fixed_policy_measurement,audited,singleton_weak,audited,singleton_weak,8111,rule_compact_to_qwen,cheap_only,anchor,,frozen_audited_dependency_primary_pilot_predictions,frozen_baseline_outer_holdout,420,71,349,14,57,18,331,0.19718309859154928,0.05157593123209169,0.4375,0.07552475092839267,349,18,0.05157593123209169,0.07552475092839267,False,,,,,,,,,,,
fixed_policy_measurement,original,dependency_primary,original,dependency_primary,8111,rule_compact_to_qwen,cheap_only,anchor,,frozen_audited_dependency_primary_pilot_predictions,frozen_baseline_outer_holdout,420,75,345,15,60,17,328,0.2,0.04927536231884058,0.46875,0.07299739685365168,343,17,0.04956268221574344,0.07341766197929514,False,,,,,,,,,,,
fixed_policy_measurement,original,singleton_weak,original,singleton_weak,8111,rule_compact_to_qwen,cheap_only,anchor,,frozen_audited_dependency_primary_pilot_predictions,frozen_baseline_outer_holdout,420,75,345,15,60,17,328,0.2,0.04927536231884058,0.46875,0.07299739685365168,345,17,0.04927536231884058,0.07299739685365168,False,,,,,,,,,,,
fixed_policy_measurement,audited,dependency_primary,audited,dependency_primary,8111,rule_compact_to_qwen,full_information,anchor,,frozen_audited_dependency_primary_pilot_predictions,frozen_baseline_outer_holdout,420,71,349,57,14,16,333,0.8028169014084507,0.045845272206303724,0.7808219178082192,0.0688005183497085,347,16,0.04610951008645533,0.06919223556730196,False,,,,,,,,,,,
fixed_policy_measurement,audited,singleton_weak,audited,singleton_weak,8111,rule_compact_to_qwen,full_information,anchor,,frozen_audited_dependency_primary_pilot_predictions,frozen_baseline_outer_holdout,420,71,349,57,14,16,333,0.8028169014084507,0.045845272206303724,0.7808219178082192,0.0688005183497085,349,16,0.045845272206303724,0.0688005183497085,False,,,,,,,,,,,
fixed_policy_measurement,original,dependency_primary,original,dependency_primary,8111,rule_compact_to_qwen,full_information,anchor,,frozen_audited_dependency_primary_pilot_predictions,frozen_baseline_outer_holdout,420,75,345,60,15,13,332,0.8,0.03768115942028986,0.821917808219178,0.05924222681894716,343,13,0.037900874635568516,0.05958374724453875,False,,,,,,,,,,,
fixed_policy_measurement,original,singleton_weak,original,singleton_weak,8111,rule_compact_to_qwen,full_information,anchor,,frozen_audited_dependency_primary_pilot_predictions,frozen_baseline_outer_holdout,420,75,345,60,15,13,332,0.8,0.03768115942028986,0.821917808219178,0.05924222681894716,345,13,0.03768115942028986,0.05924222681894716,False,,,,,,,,,,,
fixed_policy_measurement,audited,dependency_primary,audited,dependency_primary,8111,rule_compact_to_qwen,selective_deployable,0.10,0.1,frozen_audited_dependency_primary_pilot_predictions,frozen_baseline_outer_holdout,420,71,349,21,50,14,335,0.29577464788732394,0.04011461318051576,0.6,0.06200219374162649,347,14,0.040345821325648415,0.06235543281596552,False,,,,,,,,,,,
fixed_policy_measurement,audited,singleton_weak,audited,singleton_weak,8111,rule_compact_to_qwen,selective_deployable,0.10,0.1,frozen_audited_dependency_primary_pilot_predictions,frozen_baseline_outer_holdout,420,71,349,21,50,14,335,0.29577464788732394,0.04011461318051576,0.6,0.06200219374162649,349,14,0.04011461318051576,0.06200219374162649,False,,,,,,,,,,,
fixed_policy_measurement,original,dependency_primary,original,dependency_primary,8111,rule_compact_to_qwen,selective_deployable,0.10,0.1,frozen_audited_dependency_primary_pilot_predictions,frozen_baseline_outer_holdout,420,75,345,21,54,14,331,0.28,0.04057971014492753,0.6,0.06271271924981928,343,14,0.04081632653061224,0.06307412299325009,False,,,,,,,,,,,
fixed_policy_measurement,original,singleton_weak,original,singleton_weak,8111,rule_compact_to_qwen,selective_deployable,0.10,0.1,frozen_audited_dependency_primary_pilot_predictions,frozen_baseline_outer_holdout,420,75,345,21,54,14,331,0.28,0.04057971014492753,0.6,0.06271271924981928,345,14,0.04057971014492753,0.06271271924981928,False,,,,,,,,,,,
fixed_policy_measurement,audited,dependency_primary,audited,dependency_primary,8111,rule_compact_to_qwen,selective_deployable,0.25,0.25,frozen_audited_dependency_primary_pilot_predictions,frozen_baseline_outer_holdout,420,71,349,30,41,6,343,0.4225352112676056,0.017191977077363897,0.8333333333333334,0.03364884405080613,347,6,0.01729106628242075,0.03384114484604091,True,,,,,,,,,,,
fixed_policy_measurement,audited,singleton_weak,audited,singleton_weak,8111,rule_compact_to_qwen,selective_deployable,0.25,0.25,frozen_audited_dependency_primary_pilot_predictions,frozen_baseline_outer_holdout,420,71,349,30,41,6,343,0.4225352112676056,0.017191977077363897,0.8333333333333334,0.03364884405080613,349,6,0.017191977077363897,0.03364884405080613,True,,,,,,,,,,,
fixed_policy_measurement,original,dependency_primary,original,dependency_primary,8111,rule_compact_to_qwen,selective_deployable,0.25,0.25,frozen_audited_dependency_primary_pilot_predictions,frozen_baseline_outer_holdout,420,75,345,30,45,6,339,0.4,0.017391304347826087,0.8333333333333334,0.03403565611664818,343,6,0.01749271137026239,0.0342324161943794,True,,,,,,,,,,,
fixed_policy_measurement,original,singleton_weak,original,singleton_weak,8111,rule_compact_to_qwen,selective_deployable,0.25,0.25,frozen_audited_dependency_primary_pilot_predictions,frozen_baseline_outer_holdout,420,75,345,30,45,6,339,0.4,0.017391304347826087,0.8333333333333334,0.03403565611664818,345,6,0.017391304347826087,0.03403565611664818,True,,,,,,,,,,,
fixed_policy_measurement,audited,dependency_primary,audited,dependency_primary,8111,rule_compact_to_qwen,selective_deployable,0.50,0.5,frozen_audited_dependency_primary_pilot_predictions,frozen_baseline_outer_holdout,420,71,349,49,22,17,332,0.6901408450704225,0.04871060171919771,0.7424242424242424,0.0721711346734761,347,17,0.04899135446685879,0.0725819148103667,False,,,,,,,,,,,
fixed_policy_measurement,audited,singleton_weak,audited,singleton_weak,8111,rule_compact_to_qwen,selective_deployable,0.50,0.5,frozen_audited_dependency_primary_pilot_predictions,frozen_baseline_outer_holdout,420,71,349,49,22,17,332,0.6901408450704225,0.04871060171919771,0.7424242424242424,0.0721711346734761,349,17,0.04871060171919771,0.0721711346734761,False,,,,,,,,,,,
fixed_policy_measurement,original,dependency_primary,original,dependency_primary,8111,rule_compact_to_qwen,selective_deployable,0.50,0.5,frozen_audited_dependency_primary_pilot_predictions,frozen_baseline_outer_holdout,420,75,345,51,24,15,330,0.68,0.043478260869565216,0.7727272727272727,0.06616078508709561,343,15,0.043731778425655975,0.06654193306290958,False,,,,,,,,,,,
fixed_policy_measurement,original,singleton_weak,original,singleton_weak,8111,rule_compact_to_qwen,selective_deployable,0.50,0.5,frozen_audited_dependency_primary_pilot_predictions,frozen_baseline_outer_holdout,420,75,345,51,24,15,330,0.68,0.043478260869565216,0.7727272727272727,0.06616078508709561,345,15,0.043478260869565216,0.06616078508709561,False,,,,,,,,,,,
fixed_policy_measurement,audited,dependency_primary,audited,dependency_primary,8111,rule_to_compact,cheap_only,anchor,,frozen_audited_dependency_primary_pilot_predictions,frozen_baseline_outer_holdout,420,71,349,14,57,18,331,0.19718309859154928,0.05157593123209169,0.4375,0.07552475092839267,347,18,0.05187319884726225,0.07595448844757033,False,,,,,,,,,,,
fixed_policy_measurement,audited,singleton_weak,audited,singleton_weak,8111,rule_to_compact,cheap_only,anchor,,frozen_audited_dependency_primary_pilot_predictions,frozen_baseline_outer_holdout,420,71,349,14,57,18,331,0.19718309859154928,0.05157593123209169,0.4375,0.07552475092839267,349,18,0.05157593123209169,0.07552475092839267,False,,,,,,,,,,,
fixed_policy_measurement,original,dependency_primary,original,dependency_primary,8111,rule_to_compact,cheap_only,anchor,,frozen_audited_dependency_primary_pilot_predictions,frozen_baseline_outer_holdout,420,75,345,15,60,17,328,0.2,0.04927536231884058,0.46875,0.07299739685365168,343,17,0.04956268221574344,0.07341766197929514,False,,,,,,,,,,,
fixed_policy_measurement,original,singleton_weak,original,singleton_weak,8111,rule_to_compact,cheap_only,anchor,,frozen_audited_dependency_primary_pilot_predictions,frozen_baseline_outer_holdout,420,75,345,15,60,17,328,0.2,0.04927536231884058,0.46875,0.07299739685365168,345,17,0.04927536231884058,0.07299739685365168,False,,,,,,,,,,,
fixed_policy_measurement,audited,dependency_primary,audited,dependency_primary,8111,rule_to_compact,full_information,anchor,,frozen_audited_dependency_primary_pilot_predictions,frozen_baseline_outer_holdout,420,71,349,14,57,18,331,0.19718309859154928,0.05157593123209169,0.4375,0.07552475092839267,347,18,0.05187319884726225,0.07595448844757033,False,,,,,,,,,,,
fixed_policy_measurement,audited,singleton_weak,audited,singleton_weak,8111,rule_to_compact,full_information,anchor,,frozen_audited_dependency_primary_pilot_predictions,frozen_baseline_outer_holdout,420,71,349,14,57,18,331,0.19718309859154928,0.05157593123209169,0.4375,0.07552475092839267,349,18,0.05157593123209169,0.07552475092839267,False,,,,,,,,,,,
fixed_policy_measurement,original,dependency_primary,original,dependency_primary,8111,rule_to_compact,full_information,anchor,,frozen_audited_dependency_primary_pilot_predictions,frozen_baseline_outer_holdout,420,75,345,15,60,17,328,0.2,0.04927536231884058,0.46875,0.07299739685365168,343,17,0.04956268221574344,0.07341766197929514,False,,,,,,,,,,,
fixed_policy_measurement,original,singleton_weak,original,singleton_weak,8111,rule_to_compact,full_information,anchor,,frozen_audited_dependency_primary_pilot_predictions,frozen_baseline_outer_holdout,420,75,345,15,60,17,328,0.2,0.04927536231884058,0.46875,0.07299739685365168,345,17,0.04927536231884058,0.07299739685365168,False,,,,,,,,,,,
fixed_policy_measurement,audited,dependency_primary,audited,dependency_primary,8111,rule_to_compact,selective_deployable,0.10,0.1,frozen_audited_dependency_primary_pilot_predictions,frozen_baseline_outer_holdout,420,71,349,14,57,18,331,0.19718309859154928,0.05157593123209169,0.4375,0.07552475092839267,347,18,0.05187319884726225,0.07595448844757033,False,,,,,,,,,,,
fixed_policy_measurement,audited,singleton_weak,audited,singleton_weak,8111,rule_to_compact,selective_deployable,0.10,0.1,frozen_audited_dependency_primary_pilot_predictions,frozen_baseline_outer_holdout,420,71,349,14,57,18,331,0.19718309859154928,0.05157593123209169,0.4375,0.07552475092839267,349,18,0.05157593123209169,0.07552475092839267,False,,,,,,,,,,,
fixed_policy_measurement,original,dependency_primary,original,dependency_primary,8111,rule_to_compact,selective_deployable,0.10,0.1,frozen_audited_dependency_primary_pilot_predictions,frozen_baseline_outer_holdout,420,75,345,15,60,17,328,0.2,0.04927536231884058,0.46875,0.07299739685365168,343,17,0.04956268221574344,0.07341766197929514,False,,,,,,,,,,,
fixed_policy_measurement,original,singleton_weak,original,singleton_weak,8111,rule_to_compact,selective_deployable,0.10,0.1,frozen_audited_dependency_primary_pilot_predictions,frozen_baseline_outer_holdout,420,75,345,15,60,17,328,0.2,0.04927536231884058,0.46875,0.07299739685365168,345,17,0.04927536231884058,0.07299739685365168,False,,,,,,,,,,,
fixed_policy_measurement,audited,dependency_primary,audited,dependency_primary,8111,rule_to_compact,selective_deployable,0.25,0.25,frozen_audited_dependency_primary_pilot_predictions,frozen_baseline_outer_holdout,420,71,349,14,57,18,331,0.19718309859154928,0.05157593123209169,0.4375,0.07552475092839267,347,18,0.05187319884726225,0.07595448844757033,False,,,,,,,,,,,
fixed_policy_measurement,audited,singleton_weak,audited,singleton_weak,8111,rule_to_compact,selective_deployable,0.25,0.25,frozen_audited_dependency_primary_pilot_predictions,frozen_baseline_outer_holdout,420,71,349,14,57,18,331,0.19718309859154928,0.05157593123209169,0.4375,0.07552475092839267,349,18,0.05157593123209169,0.07552475092839267,False,,,,,,,,,,,
fixed_policy_measurement,original,dependency_primary,original,dependency_primary,8111,rule_to_compact,selective_deployable,0.25,0.25,frozen_audited_dependency_primary_pilot_predictions,frozen_baseline_outer_holdout,420,75,345,15,60,17,328,0.2,0.04927536231884058,0.46875,0.07299739685365168,343,17,0.04956268221574344,0.07341766197929514,False,,,,,,,,,,,
fixed_policy_measurement,original,singleton_weak,original,singleton_weak,8111,rule_to_compact,selective_deployable,0.25,0.25,frozen_audited_dependency_primary_pilot_predictions,frozen_baseline_outer_holdout,420,75,345,15,60,17,328,0.2,0.04927536231884058,0.46875,0.07299739685365168,345,17,0.04927536231884058,0.07299739685365168,False,,,,,,,,,,,
fixed_policy_measurement,audited,dependency_primary,audited,dependency_primary,8111,rule_to_compact,selective_deployable,0.50,0.5,frozen_audited_dependency_primary_pilot_predictions,frozen_baseline_outer_holdout,420,71,349,14,57,18,331,0.19718309859154928,0.05157593123209169,0.4375,0.07552475092839267,347,18,0.05187319884726225,0.07595448844757033,False,,,,,,,,,,,
fixed_policy_measurement,audited,singleton_weak,audited,singleton_weak,8111,rule_to_compact,selective_deployable,0.50,0.5,frozen_audited_dependency_primary_pilot_predictions,frozen_baseline_outer_holdout,420,71,349,14,57,18,331,0.19718309859154928,0.05157593123209169,0.4375,0.07552475092839267,349,18,0.05157593123209169,0.07552475092839267,False,,,,,,,,,,,
fixed_policy_measurement,original,dependency_primary,original,dependency_primary,8111,rule_to_compact,selective_deployable,0.50,0.5,frozen_audited_dependency_primary_pilot_predictions,frozen_baseline_outer_holdout,420,75,345,15,60,17,328,0.2,0.04927536231884058,0.46875,0.07299739685365168,343,17,0.04956268221574344,0.07341766197929514,False,,,,,,,,,,,
fixed_policy_measurement,original,singleton_weak,original,singleton_weak,8111,rule_to_compact,selective_deployable,0.50,0.5,frozen_audited_dependency_primary_pilot_predictions,frozen_baseline_outer_holdout,420,75,345,15,60,17,328,0.2,0.04927536231884058,0.46875,0.07299739685365168,345,17,0.04927536231884058,0.07299739685365168,False,,,,,,,,,,,
retraining_reselection,audited,dependency_primary,audited,dependency_primary,1729,rule_to_compact,cheap_only,anchor,,,,420,71,349,14,57,26,323,0.19718309859154928,0.07449856733524356,0.35,0.10186684887996843,347,26,0.07492795389048991,0.10244518112436252,False,839.0,428.0,420.0,y,primary_dependency_group,,0.3367715963650756,0.0,0.0,0.27848101265822783,0.045845272206303724
retraining_reselection,audited,dependency_primary,audited,dependency_primary,1729,rule_to_compact,full_information,anchor,,,,420,71,349,14,57,30,319,0.19718309859154928,0.08595988538681948,0.3181818181818182,0.11478722277063949,347,30,0.08645533141210375,0.11543824422626413,False,839.0,428.0,420.0,y,primary_dependency_group,,0.3378213005365164,1.0,1.0,0.26582278481012656,0.04011461318051576
retraining_reselection,audited,dependency_primary,audited,dependency_primary,1729,rule_to_compact,selective_deployable,0.10,0.1,,,420,71,349,15,56,27,322,0.2112676056338028,0.07736389684813753,0.35714285714285715,0.10511016803183339,347,27,0.07780979827089338,0.10570675870055461,False,839.0,428.0,420.0,y,primary_dependency_group,0.1819922796527318,0.3235459864706184,0.10514018691588785,0.10714285714285714,0.2911392405063291,0.045845272206303724
retraining_reselection,audited,dependency_primary,audited,dependency_primary,1729,rule_to_compact,selective_deployable,0.25,0.25,,,420,71,349,15,56,27,322,0.2112676056338028,0.07736389684813753,0.35714285714285715,0.10511016803183339,347,27,0.07780979827089338,0.10570675870055461,False,839.0,428.0,420.0,y,primary_dependency_group,0.3055667668152334,0.3235459864706184,0.2523364485981308,0.24285714285714285,0.2911392405063291,0.04871060171919771
retraining_reselection,audited,dependency_primary,audited,dependency_primary,1729,rule_to_compact,selective_deployable,0.50,0.5,,,420,71,349,14,57,30,319,0.19718309859154928,0.08595988538681948,0.3181818181818182,0.11478722277063949,347,30,0.08645533141210375,0.11543824422626413,False,839.0,428.0,420.0,y,primary_dependency_group,0.3815679766602098,0.3378213005365164,1.0,1.0,0.26582278481012656,0.04011461318051576
retraining_reselection,audited,dependency_primary,audited,dependency_primary,1729,compact_to_qwen,cheap_only,anchor,,,,420,71,349,13,58,17,332,0.18309859154929578,0.04871060171919771,0.43333333333333335,0.0721711346734761,347,17,0.04899135446685879,0.0725819148103667,False,839.0,428.0,420.0,y,primary_dependency_group,,0.16491678477955793,0.0,0.0,0.11392405063291139,0.04011461318051576
retraining_reselection,audited,dependency_primary,audited,dependency_primary,1729,compact_to_qwen,full_information,anchor,,,,420,71,349,57,14,13,336,0.8028169014084507,0.03724928366762178,0.8142857142857143,0.05857079629240329,347,13,0.037463976945244955,0.05890459855125166,False,839.0,428.0,420.0,y,primary_dependency_group,,0.8140068340679236,1.0,1.0,0.8987341772151899,0.04297994269340974
retraining_reselection,audited,dependency_primary,audited,dependency_primary,1729,compact_to_qwen,selective_deployable,0.10,0.1,,,420,71,349,26,45,20,329,0.36619718309859156,0.05730659025787966,0.5652173913043478,0.08218591616153102,347,20,0.05763688760806916,0.08265328077456838,False,839.0,428.0,420.0,y,primary_dependency_group,0.33663196964945064,0.16284791279605204,0.10046728971962617,0.11904761904761904,0.20253164556962025,0.045845272206303724
retraining_reselection,audited,dependency_primary,audited,dependency_primary,1729,compact_to_qwen,selective_deployable,0.25,0.25,,,420,71,349,41,30,14,335,0.5774647887323944,0.04011461318051576,0.7454545454545455,0.06200219374162649,347,14,0.040345821325648415,0.06235543281596552,False,839.0,428.0,420.0,y,primary_dependency_group,0.33764498412208865,0.16231902442857854,0.25,0.29285714285714287,0.3291139240506329,0.045845272206303724
retraining_reselection,audited,dependency_primary,audited,dependency_primary,1729,compact_to_qwen,selective_deployable,0.50,0.5,,,420,71,349,52,19,12,337,0.7323943661971831,0.034383954154727794,0.8125,0.05511488840986523,347,12,0.0345821325648415,0.0554291043677078,False,839.0,428.0,420.0,y,primary_dependency_group,0.3379926982078409,0.29525632423635884,0.5,0.5738095238095238,0.5822784810126582,0.04871060171919771
retraining_reselection,audited,dependency_primary,audited,dependency_primary,1729,rule_compact_to_qwen,cheap_only,anchor,,,,420,71,349,14,57,30,319,0.19718309859154928,0.08595988538681948,0.3181818181818182,0.11478722277063949,347,30,0.08645533141210375,0.11543824422626413,False,839.0,428.0,420.0,y,primary_dependency_group,,0.3378213005365164,0.0,0.0,0.26582278481012656,0.04011461318051576
retraining_reselection,audited,dependency_primary,audited,dependency_primary,1729,rule_compact_to_qwen,full_information,anchor,,,,420,71,349,58,13,14,335,0.8169014084507042,0.04011461318051576,0.8055555555555556,0.06200219374162649,347,14,0.040345821325648415,0.06235543281596552,False,839.0,428.0,420.0,y,primary_dependency_group,,0.41882428615841505,1.0,1.0,0.9113924050632911,0.045845272206303724
retraining_reselection,audited,dependency_primary,audited,dependency_primary,1729,rule_compact_to_qwen,selective_deployable,0.10,0.1,,,420,71,349,18,53,11,338,0.2535211267605634,0.03151862464183381,0.6206896551724138,0.05163164376229004,347,11,0.03170028818443804,0.05192610743152733,False,839.0,428.0,420.0,y,primary_dependency_group,0.17722918762280637,0.2897301773719691,0.10046728971962617,0.11190476190476191,0.35443037974683544,0.034383954154727794
retraining_reselection,audited,dependency_primary,audited,dependency_primary,1729,rule_compact_to_qwen,selective_deployable,0.25,0.25,,,420,71,349,34,37,7,342,0.4788732394366197,0.02005730659025788,0.8292682926829268,0.037342299667343266,347,7,0.020172910662824207,0.03755561071467799,True,839.0,428.0,420.0,y,primary_dependency_group,0.3043565002527568,0.18523453031584072,0.25,0.2642857142857143,0.5189873417721519,0.025787965616045846
retraining_reselection,audited,dependency_primary,audited,dependency_primary,1729,rule_compact_to_qwen,selective_deployable,0.50,0.5,,,420,71,349,52,19,10,339,0.7323943661971831,0.02865329512893983,0.8387096774193549,0.04811762364973175,347,10,0.02881844380403458,0.048392148986166235,True,839.0,428.0,420.0,y,primary_dependency_group,0.38591248867832356,0.11381117248467996,0.5,0.4785714285714286,0.6962025316455697,0.04871060171919771
retraining_reselection,audited,singleton_weak,audited,dependency_primary,1729,rule_to_compact,cheap_only,anchor,,,,420,71,349,12,59,23,326,0.16901408450704225,0.0659025787965616,0.34285714285714286,0.0920773606800653,347,23,0.06628242074927954,0.09260053407755514,False,844.0,423.0,420.0,y,example_id,,0.3962900881733855,0.0,0.0,0.24324324324324326,0.045845272206303724
retraining_reselection,audited,singleton_weak,audited,dependency_primary,1729,rule_to_compact,full_information,anchor,,,,420,71,349,12,59,20,329,0.16901408450704225,0.05730659025787966,0.375,0.08218591616153102,347,20,0.05763688760806916,0.08265328077456838,False,844.0,423.0,420.0,y,example_id,,0.3965708565732688,1.0,1.0,0.2702702702702703,0.045845272206303724
retraining_reselection,audited,singleton_weak,audited,dependency_primary,1729,rule_to_compact,selective_deployable,0.10,0.1,,,420,71,349,12,59,20,329,0.16901408450704225,0.05730659025787966,0.375,0.08218591616153102,347,20,0.05763688760806916,0.08265328077456838,False,844.0,423.0,420.0,y,example_id,0.14782606725710945,0.3965708565732688,0.1016548463356974,0.10238095238095238,0.24324324324324326,0.045845272206303724
retraining_reselection,audited,singleton_weak,audited,dependency_primary,1729,rule_to_compact,selective_deployable,0.25,0.25,,,420,71,349,12,59,20,329,0.16901408450704225,0.05730659025787966,0.375,0.08218591616153102,347,20,0.05763688760806916,0.08265328077456838,False,844.0,423.0,420.0,y,example_id,0.3096218318656566,0.3965708565732688,0.25295508274231676,0.26666666666666666,0.2702702702702703,0.045845272206303724
retraining_reselection,audited,singleton_weak,audited,dependency_primary,1729,rule_to_compact,selective_deployable,0.50,0.5,,,420,71,349,12,59,20,329,0.16901408450704225,0.05730659025787966,0.375,0.08218591616153102,347,20,0.05763688760806916,0.08265328077456838,False,844.0,423.0,420.0,y,example_id,0.386229696674139,0.3965708565732688,1.0,1.0,0.2702702702702703,0.045845272206303724
retraining_reselection,audited,singleton_weak,audited,dependency_primary,1729,compact_to_qwen,cheap_only,anchor,,,,420,71,349,13,58,17,332,0.18309859154929578,0.04871060171919771,0.43333333333333335,0.0721711346734761,347,17,0.04899135446685879,0.0725819148103667,False,844.0,423.0,420.0,y,example_id,,0.17231421568688907,0.0,0.0,0.13513513513513514,0.04871060171919771
retraining_reselection,audited,singleton_weak,audited,dependency_primary,1729,compact_to_qwen,full_information,anchor,,,,420,71,349,57,14,13,336,0.8028169014084507,0.03724928366762178,0.8142857142857143,0.05857079629240329,347,13,0.037463976945244955,0.05890459855125166,False,844.0,423.0,420.0,y,example_id,,0.8089473790309745,1.0,1.0,0.8378378378378378,0.03151862464183381
retraining_reselection,audited,singleton_weak,audited,dependency_primary,1729,compact_to_qwen,selective_deployable,0.10,0.1,,,420,71,349,25,46,10,339,0.352112676056338,0.02865329512893983,0.7142857142857143,0.04811762364973175,347,10,0.02881844380403458,0.048392148986166235,True,844.0,423.0,420.0,y,example_id,0.3285924076136564,0.17111799632444089,0.1016548463356974,0.10476190476190476,0.1891891891891892,0.045845272206303724
retraining_reselection,audited,singleton_weak,audited,dependency_primary,1729,compact_to_qwen,selective_deployable,0.25,0.25,,,420,71,349,33,38,9,340,0.4647887323943662,0.025787965616045846,0.7857142857142857,0.04456857254031658,347,9,0.025936599423631124,0.044822948705678975,True,844.0,423.0,420.0,y,example_id,0.3293275633702171,0.2795045337879927,0.25059101654846333,0.25,0.35135135135135137,0.04871060171919771
retraining_reselection,audited,singleton_weak,audited,dependency_primary,1729,compact_to_qwen,selective_deployable,0.50,0.5,,,420,71,349,49,22,11,338,0.6901408450704225,0.03151862464183381,0.8166666666666667,0.05163164376229004,347,11,0.03170028818443804,0.05192610743152733,False,844.0,423.0,420.0,y,example_id,0.3296079314696562,0.2795045337879927,0.5011820330969267,0.5452380952380952,0.6216216216216216,0.04871060171919771
retraining_reselection,audited,singleton_weak,audited,dependency_primary,1729,rule_compact_to_qwen,cheap_only,anchor,,,,420,71,349,12,59,20,329,0.16901408450704225,0.05730659025787966,0.375,0.08218591616153102,347,20,0.05763688760806916,0.08265328077456838,False,844.0,423.0,420.0,y,example_id,,0.3965708565732688,0.0,0.0,0.2702702702702703,0.045845272206303724
retraining_reselection,audited,singleton_weak,audited,dependency_primary,1729,rule_compact_to_qwen,full_information,anchor,,,,420,71,349,58,13,14,335,0.8169014084507042,0.04011461318051576,0.8055555555555556,0.06200219374162649,347,14,0.040345821325648415,0.06235543281596552,False,844.0,423.0,420.0,y,example_id,,0.33769039662076755,1.0,1.0,0.8648648648648649,0.04297994269340974
retraining_reselection,audited,singleton_weak,audited,dependency_primary,1729,rule_compact_to_qwen,selective_deployable,0.10,0.1,,,420,71,349,21,50,21,328,0.29577464788732394,0.06017191977077364,0.5,0.08549556272192184,347,21,0.06051873198847262,0.08598160936447057,False,844.0,423.0,420.0,y,example_id,0.14151276786606587,0.27145792931453244,0.1016548463356974,0.10238095238095238,0.3918918918918919,0.045845272206303724
retraining_reselection,audited,singleton_weak,audited,dependency_primary,1729,rule_compact_to_qwen,selective_deployable,0.25,0.25,,,420,71,349,32,39,6,343,0.4507042253521127,0.017191977077363897,0.8421052631578947,0.03364884405080613,347,6,0.01729106628242075,0.03384114484604091,True,844.0,423.0,420.0,y,example_id,0.30918590890419967,0.33769039662076755,0.25059101654846333,0.2761904761904762,0.44594594594594594,0.017191977077363897
retraining_reselection,audited,singleton_weak,audited,dependency_primary,1729,rule_compact_to_qwen,selective_deployable,0.50,0.5,,,420,71,349,50,21,10,339,0.704225352112676,0.02865329512893983,0.8333333333333334,0.04811762364973175,347,10,0.02881844380403458,0.048392148986166235,True,844.0,423.0,420.0,y,example_id,0.38808507165615874,0.33769039662076755,0.5011820330969267,0.5095238095238095,0.6216216216216216,0.04011461318051576
retraining_reselection,original,dependency_primary,audited,dependency_primary,1729,rule_to_compact,cheap_only,anchor,,,,420,71,349,14,57,26,323,0.19718309859154928,0.07449856733524356,0.35,0.10186684887996843,347,26,0.07492795389048991,0.10244518112436252,False,841.0,426.0,420.0,y_original,primary_dependency_group,,0.33980585736789415,0.0,0.0,0.25,0.04285714285714286
retraining_reselection,original,dependency_primary,audited,dependency_primary,1729,rule_to_compact,full_information,anchor,,,,420,71,349,14,57,30,319,0.19718309859154928,0.08595988538681948,0.3181818181818182,0.11478722277063949,347,30,0.08645533141210375,0.11543824422626413,False,841.0,426.0,420.0,y_original,primary_dependency_group,,0.33483293079700627,1.0,1.0,0.25,0.04285714285714286
retraining_reselection,original,dependency_primary,audited,dependency_primary,1729,rule_to_compact,selective_deployable,0.10,0.1,,,420,71,349,14,57,25,324,0.19718309859154928,0.07163323782234957,0.358974358974359,0.09861396086651453,347,25,0.07204610951008646,0.09917397283798585,False,841.0,426.0,420.0,y_original,primary_dependency_group,0.18448213439883615,0.33483293079700627,0.1056338028169014,0.10714285714285714,0.25,0.04
retraining_reselection,original,dependency_primary,audited,dependency_primary,1729,rule_to_compact,selective_deployable,0.25,0.25,,,420,71,349,14,57,25,324,0.19718309859154928,0.07163323782234957,0.358974358974359,0.09861396086651453,347,25,0.07204610951008646,0.09917397283798585,False,841.0,426.0,420.0,y_original,primary_dependency_group,0.30618031118565,0.33483293079700627,0.2535211267605634,0.24285714285714285,0.25,0.04285714285714286
retraining_reselection,original,dependency_primary,audited,dependency_primary,1729,rule_to_compact,selective_deployable,0.50,0.5,,,420,71,349,14,57,30,319,0.19718309859154928,0.08595988538681948,0.3181818181818182,0.11478722277063949,347,30,0.08645533141210375,0.11543824422626413,False,841.0,426.0,420.0,y_original,primary_dependency_group,0.3812727416998103,0.33483293079700627,1.0,1.0,0.25,0.04285714285714286
retraining_reselection,original,dependency_primary,audited,dependency_primary,1729,compact_to_qwen,cheap_only,anchor,,,,420,71,349,17,54,24,325,0.23943661971830985,0.06876790830945559,0.4146341463414634,0.09535098763963369,347,24,0.069164265129683,0.09589261444550476,False,841.0,426.0,420.0,y_original,primary_dependency_group,,0.16353703241625858,0.0,0.0,0.13157894736842105,0.045714285714285714
retraining_reselection,original,dependency_primary,audited,dependency_primary,1729,compact_to_qwen,full_information,anchor,,,,420,71,349,57,14,13,336,0.8028169014084507,0.03724928366762178,0.8142857142857143,0.05857079629240329,347,13,0.037463976945244955,0.05890459855125166,False,841.0,426.0,420.0,y_original,primary_dependency_group,,0.8011239114384914,1.0,1.0,0.8947368421052632,0.04857142857142857
retraining_reselection,original,dependency_primary,audited,dependency_primary,1729,compact_to_qwen,selective_deployable,0.10,0.1,,,420,71,349,26,45,21,328,0.36619718309859156,0.06017191977077364,0.5531914893617021,0.08549556272192184,347,21,0.06051873198847262,0.08598160936447057,False,841.0,426.0,420.0,y_original,primary_dependency_group,0.33709979288265035,0.16245318377983886,0.10093896713615023,0.12380952380952381,0.2236842105263158,0.04285714285714286
retraining_reselection,original,dependency_primary,audited,dependency_primary,1729,compact_to_qwen,selective_deployable,0.25,0.25,,,420,71,349,40,31,13,336,0.5633802816901409,0.03724928366762178,0.7547169811320755,0.05857079629240329,347,13,0.037463976945244955,0.05890459855125166,False,841.0,426.0,420.0,y_original,primary_dependency_group,0.33801325179167974,0.16196275394017695,0.2511737089201878,0.2976190476190476,0.34210526315789475,0.037142857142857144
retraining_reselection,original,dependency_primary,audited,dependency_primary,1729,compact_to_qwen,selective_deployable,0.50,0.5,,,420,71,349,52,19,12,337,0.7323943661971831,0.034383954154727794,0.8125,0.05511488840986523,347,12,0.0345821325648415,0.0554291043677078,False,841.0,426.0,420.0,y_original,primary_dependency_group,0.33834227795547483,0.2903726202857674,0.5,0.5785714285714286,0.6052631578947368,0.045714285714285714
retraining_reselection,original,dependency_primary,audited,dependency_primary,1729,rule_compact_to_qwen,cheap_only,anchor,,,,420,71,349,14,57,30,319,0.19718309859154928,0.08595988538681948,0.3181818181818182,0.11478722277063949,347,30,0.08645533141210375,0.11543824422626413,False,841.0,426.0,420.0,y_original,primary_dependency_group,,0.33483293079700627,0.0,0.0,0.25,0.04285714285714286
retraining_reselection,original,dependency_primary,audited,dependency_primary,1729,rule_compact_to_qwen,full_information,anchor,,,,420,71,349,57,14,13,336,0.8028169014084507,0.03724928366762178,0.8142857142857143,0.05857079629240329,347,13,0.037463976945244955,0.05890459855125166,False,841.0,426.0,420.0,y_original,primary_dependency_group,,0.7465911425699613,1.0,1.0,0.8947368421052632,0.045714285714285714
retraining_reselection,original,dependency_primary,audited,dependency_primary,1729,rule_compact_to_qwen,selective_deployable,0.10,0.1,,,420,71,349,17,54,11,338,0.23943661971830985,0.03151862464183381,0.6071428571428571,0.05163164376229004,347,11,0.03170028818443804,0.05192610743152733,False,841.0,426.0,420.0,y_original,primary_dependency_group,0.18267649601660813,0.2875919143422579,0.10093896713615023,0.11190476190476191,0.34210526315789475,0.037142857142857144
retraining_reselection,original,dependency_primary,audited,dependency_primary,1729,rule_compact_to_qwen,selective_deployable,0.25,0.25,,,420,71,349,34,37,7,342,0.4788732394366197,0.02005730659025788,0.8292682926829268,0.037342299667343266,347,7,0.020172910662824207,0.03755561071467799,True,841.0,426.0,420.0,y_original,primary_dependency_group,0.31269715089485317,0.18463464003737257,0.2511737089201878,0.26904761904761904,0.5131578947368421,0.02857142857142857
retraining_reselection,original,dependency_primary,audited,dependency_primary,1729,rule_compact_to_qwen,selective_deployable,0.50,0.5,,,420,71,349,52,19,10,339,0.7323943661971831,0.02865329512893983,0.8387096774193549,0.04811762364973175,347,10,0.02881844380403458,0.048392148986166235,True,841.0,426.0,420.0,y_original,primary_dependency_group,0.38561720794127907,0.11412925955925862,0.5,0.4785714285714286,0.6973684210526315,0.04857142857142857
retraining_reselection,original,singleton_weak,audited,dependency_primary,1729,rule_to_compact,cheap_only,anchor,,,,420,71,349,12,59,23,326,0.16901408450704225,0.0659025787965616,0.34285714285714286,0.0920773606800653,347,23,0.06628242074927954,0.09260053407755514,False,844.0,423.0,420.0,y_original,example_id,,0.38086864850626295,0.0,0.0,0.2054794520547945,0.045714285714285714
retraining_reselection,original,singleton_weak,audited,dependency_primary,1729,rule_to_compact,full_information,anchor,,,,420,71,349,12,59,22,327,0.16901408450704225,0.06303724928366762,0.35294117647058826,0.08879245157053443,347,22,0.06340057636887608,0.08929709961567887,False,844.0,423.0,420.0,y_original,example_id,,0.3807390886530018,1.0,1.0,0.2191780821917808,0.04857142857142857
retraining_reselection,original,singleton_weak,audited,dependency_primary,1729,rule_to_compact,selective_deployable,0.10,0.1,,,420,71,349,12,59,20,329,0.16901408450704225,0.05730659025787966,0.375,0.08218591616153102,347,20,0.05763688760806916,0.08265328077456838,False,844.0,423.0,420.0,y_original,example_id,0.16541521877543158,0.3807390886530018,0.1016548463356974,0.10714285714285714,0.2054794520547945,0.045714285714285714
retraining_reselection,original,singleton_weak,audited,dependency_primary,1729,rule_to_compact,selective_deployable,0.25,0.25,,,420,71,349,12,59,20,329,0.16901408450704225,0.05730659025787966,0.375,0.08218591616153102,347,20,0.05763688760806916,0.08265328077456838,False,844.0,423.0,420.0,y_original,example_id,0.30936600111248125,0.3807390886530018,0.25059101654846333,0.25952380952380955,0.2191780821917808,0.04857142857142857
retraining_reselection,original,singleton_weak,audited,dependency_primary,1729,rule_to_compact,selective_deployable,0.50,0.5,,,420,71,349,12,59,22,327,0.16901408450704225,0.06303724928366762,0.35294117647058826,0.08879245157053443,347,22,0.06340057636887608,0.08929709961567887,False,844.0,423.0,420.0,y_original,example_id,0.3853920637657178,0.3807390886530018,1.0,1.0,0.2191780821917808,0.04857142857142857
retraining_reselection,original,singleton_weak,audited,dependency_primary,1729,compact_to_qwen,cheap_only,anchor,,,,420,71,349,12,59,15,334,0.16901408450704225,0.04297994269340974,0.4444444444444444,0.06541143768987555,347,15,0.043227665706051875,0.06578397786941731,False,844.0,423.0,420.0,y_original,example_id,,0.17085032862679483,0.0,0.0,0.0821917808219178,0.04857142857142857
retraining_reselection,original,singleton_weak,audited,dependency_primary,1729,compact_to_qwen,full_information,anchor,,,,420,71,349,63,8,14,335,0.8873239436619719,0.04011461318051576,0.8181818181818182,0.06200219374162649,347,14,0.040345821325648415,0.06235543281596552,False,844.0,423.0,420.0,y_original,example_id,,0.2539249511054386,1.0,1.0,0.8493150684931506,0.04857142857142857
retraining_reselection,original,singleton_weak,audited,dependency_primary,1729,compact_to_qwen,selective_deployable,0.10,0.1,,,420,71,349,25,46,12,337,0.352112676056338,0.034383954154727794,0.6756756756756757,0.05511488840986523,347,12,0.0345821325648415,0.0554291043677078,False,844.0,423.0,420.0,y_original,example_id,0.33174186920988713,0.16753633047708372,0.1016548463356974,0.09761904761904762,0.2191780821917808,0.03428571428571429
retraining_reselection,original,singleton_weak,audited,dependency_primary,1729,compact_to_qwen,selective_deployable,0.25,0.25,,,420,71,349,34,37,10,339,0.4788732394366197,0.02865329512893983,0.7727272727272727,0.04811762364973175,347,10,0.02881844380403458,0.048392148986166235,True,844.0,423.0,420.0,y_original,example_id,0.3331109633707475,0.25423743805055904,0.25059101654846333,0.25952380952380955,0.3561643835616438,0.03142857142857143
retraining_reselection,original,singleton_weak,audited,dependency_primary,1729,compact_to_qwen,selective_deployable,0.50,0.5,,,420,71,349,52,19,13,336,0.7323943661971831,0.03724928366762178,0.8,0.05857079629240329,347,13,0.037463976945244955,0.05890459855125166,False,844.0,423.0,420.0,y_original,example_id,0.3334809011629186,0.16650940466708217,0.5011820330969267,0.5285714285714286,0.6438356164383562,0.04857142857142857
retraining_reselection,original,singleton_weak,audited,dependency_primary,1729,rule_compact_to_qwen,cheap_only,anchor,,,,420,71,349,12,59,22,327,0.16901408450704225,0.06303724928366762,0.35294117647058826,0.08879245157053443,347,22,0.06340057636887608,0.08929709961567887,False,844.0,423.0,420.0,y_original,example_id,,0.3807390886530018,0.0,0.0,0.2191780821917808,0.04857142857142857
retraining_reselection,original,singleton_weak,audited,dependency_primary,1729,rule_compact_to_qwen,full_information,anchor,,,,420,71,349,63,8,14,335,0.8873239436619719,0.04011461318051576,0.8181818181818182,0.06200219374162649,347,14,0.040345821325648415,0.06235543281596552,False,844.0,423.0,420.0,y_original,example_id,,0.20868655607665307,1.0,1.0,0.863013698630137,0.04857142857142857
retraining_reselection,original,singleton_weak,audited,dependency_primary,1729,rule_compact_to_qwen,selective_deployable,0.10,0.1,,,420,71,349,18,53,17,332,0.2535211267605634,0.04871060171919771,0.5142857142857142,0.0721711346734761,347,17,0.04899135446685879,0.0725819148103667,False,844.0,423.0,420.0,y_original,example_id,0.15003878562385004,0.2697839911827665,0.1016548463356974,0.10476190476190476,0.3835616438356164,0.04
retraining_reselection,original,singleton_weak,audited,dependency_primary,1729,rule_compact_to_qwen,selective_deployable,0.25,0.25,,,420,71,349,33,38,7,342,0.4647887323943662,0.02005730659025788,0.825,0.037342299667343266,347,7,0.020172910662824207,0.03755561071467799,True,844.0,423.0,420.0,y_original,example_id,0.2952448146426422,0.20131126185169398,0.25059101654846333,0.2523809523809524,0.4520547945205479,0.02
retraining_reselection,original,singleton_weak,audited,dependency_primary,1729,rule_compact_to_qwen,selective_deployable,0.50,0.5,,,420,71,349,54,17,14,335,0.7605633802816901,0.04011461318051576,0.7941176470588235,0.06200219374162649,347,14,0.040345821325648415,0.06235543281596552,False,844.0,423.0,420.0,y_original,example_id,0.3883688200204442,0.11151253544099599,0.5011820330969267,0.4928571428571429,0.6027397260273972,0.037142857142857144
retraining_reselection,audited,dependency_primary,audited,dependency_primary,2718,rule_to_compact,cheap_only,anchor,,,,420,71,349,14,57,17,332,0.19718309859154928,0.04871060171919771,0.45161290322580644,0.0721711346734761,347,17,0.04899135446685879,0.0725819148103667,False,839.0,428.0,420.0,y,primary_dependency_group,,0.3795058082238711,0.0,0.0,0.189873417721519,0.04871060171919771
retraining_reselection,audited,dependency_primary,audited,dependency_primary,2718,rule_to_compact,full_information,anchor,,,,420,71,349,14,57,16,333,0.19718309859154928,0.045845272206303724,0.4666666666666667,0.0688005183497085,347,16,0.04610951008645533,0.06919223556730196,False,839.0,428.0,420.0,y,primary_dependency_group,,0.3859650828757817,1.0,1.0,0.17721518987341772,0.04871060171919771
retraining_reselection,audited,dependency_primary,audited,dependency_primary,2718,rule_to_compact,selective_deployable,0.10,0.1,,,420,71,349,15,56,17,332,0.2112676056338028,0.04871060171919771,0.46875,0.0721711346734761,347,17,0.04899135446685879,0.0725819148103667,False,839.0,428.0,420.0,y,primary_dependency_group,0.17474808242723716,0.37495706946190765,0.10046728971962617,0.10952380952380952,0.20253164556962025,0.04871060171919771
retraining_reselection,audited,dependency_primary,audited,dependency_primary,2718,rule_to_compact,selective_deployable,0.25,0.25,,,420,71,349,14,57,15,334,0.19718309859154928,0.04297994269340974,0.4827586206896552,0.06541143768987555,347,15,0.043227665706051875,0.06578397786941731,False,839.0,428.0,420.0,y,primary_dependency_group,0.32475866585014157,0.3859650828757817,0.25,0.29285714285714287,0.17721518987341772,0.04871060171919771
retraining_reselection,audited,dependency_primary,audited,dependency_primary,2718,rule_to_compact,selective_deployable,0.50,0.5,,,420,71,349,14,57,16,333,0.19718309859154928,0.045845272206303724,0.4666666666666667,0.0688005183497085,347,16,0.04610951008645533,0.06919223556730196,False,839.0,428.0,420.0,y,primary_dependency_group,0.3880106195243014,0.3859650828757817,1.0,1.0,0.17721518987341772,0.04871060171919771
retraining_reselection,audited,dependency_primary,audited,dependency_primary,2718,compact_to_qwen,cheap_only,anchor,,,,420,71,349,2,69,12,337,0.028169014084507043,0.034383954154727794,0.14285714285714285,0.05511488840986523,347,12,0.0345821325648415,0.0554291043677078,False,839.0,428.0,420.0,y,primary_dependency_group,,0.17054963090230207,0.0,0.0,0.08860759493670886,0.04011461318051576
retraining_reselection,audited,dependency_primary,audited,dependency_primary,2718,compact_to_qwen,full_information,anchor,,,,420,71,349,60,11,18,331,0.8450704225352113,0.05157593123209169,0.7692307692307693,0.07552475092839267,347,18,0.05187319884726225,0.07595448844757033,False,839.0,428.0,420.0,y,primary_dependency_group,,0.27568485890291916,1.0,1.0,0.8734177215189873,0.04871060171919771
retraining_reselection,audited,dependency_primary,audited,dependency_primary,2718,compact_to_qwen,selective_deployable,0.10,0.1,,,420,71,349,16,55,31,318,0.22535211267605634,0.08882521489971347,0.3404255319148936,0.1179965939509764,347,31,0.0893371757925072,0.11866565196619495,False,839.0,428.0,420.0,y,primary_dependency_group,0.33462406862394095,0.16434445310440285,0.10046728971962617,0.07142857142857142,0.27848101265822783,0.04297994269340974
retraining_reselection,audited,dependency_primary,audited,dependency_primary,2718,compact_to_qwen,selective_deployable,0.25,0.25,,,420,71,349,25,46,13,336,0.352112676056338,0.03724928366762178,0.6578947368421053,0.05857079629240329,347,13,0.037463976945244955,0.05890459855125166,False,839.0,428.0,420.0,y,primary_dependency_group,0.33616131528780147,0.16382877499133006,0.25,0.2619047619047619,0.34177215189873417,0.03724928366762178
retraining_reselection,audited,dependency_primary,audited,dependency_primary,2718,compact_to_qwen,selective_deployable,0.50,0.5,,,420,71,349,46,25,17,332,0.647887323943662,0.04871060171919771,0.7301587301587301,0.0721711346734761,347,17,0.04899135446685879,0.0725819148103667,False,839.0,428.0,420.0,y,primary_dependency_group,0.3365116957227831,0.2756259466132233,0.5,0.5404761904761904,0.5569620253164557,0.04011461318051576
retraining_reselection,audited,dependency_primary,audited,dependency_primary,2718,rule_compact_to_qwen,cheap_only,anchor,,,,420,71,349,14,57,16,333,0.19718309859154928,0.045845272206303724,0.4666666666666667,0.0688005183497085,347,16,0.04610951008645533,0.06919223556730196,False,839.0,428.0,420.0,y,primary_dependency_group,,0.3859650828757817,0.0,0.0,0.17721518987341772,0.04871060171919771
retraining_reselection,audited,dependency_primary,audited,dependency_primary,2718,rule_compact_to_qwen,full_information,anchor,,,,420,71,349,57,14,18,331,0.8028169014084507,0.05157593123209169,0.76,0.07552475092839267,347,18,0.05187319884726225,0.07595448844757033,False,839.0,428.0,420.0,y,primary_dependency_group,,0.2721117503089333,1.0,1.0,0.9113924050632911,0.04011461318051576
retraining_reselection,audited,dependency_primary,audited,dependency_primary,2718,rule_compact_to_qwen,selective_deployable,0.10,0.1,,,420,71,349,24,47,15,334,0.3380281690140845,0.04297994269340974,0.6153846153846154,0.06541143768987555,347,15,0.043227665706051875,0.06578397786941731,False,839.0,428.0,420.0,y,primary_dependency_group,0.1742654091151451,0.258951808930279,0.10046728971962617,0.11428571428571428,0.3670886075949367,0.045845272206303724
retraining_reselection,audited,dependency_primary,audited,dependency_primary,2718,rule_compact_to_qwen,selective_deployable,0.25,0.25,,,420,71,349,31,40,11,338,0.43661971830985913,0.03151862464183381,0.7380952380952381,0.05163164376229004,347,11,0.03170028818443804,0.05192610743152733,False,839.0,428.0,420.0,y,primary_dependency_group,0.3206944522825993,0.1764600816605049,0.25,0.28809523809523807,0.5063291139240507,0.017191977077363897
retraining_reselection,audited,dependency_primary,audited,dependency_primary,2718,rule_compact_to_qwen,selective_deployable,0.50,0.5,,,420,71,349,49,22,21,328,0.6901408450704225,0.06017191977077364,0.7,0.08549556272192184,347,21,0.06051873198847262,0.08598160936447057,False,839.0,428.0,420.0,y,primary_dependency_group,0.3919419363625238,0.10797765896688147,0.5,0.5476190476190477,0.6962025316455697,0.045845272206303724
retraining_reselection,audited,singleton_weak,audited,dependency_primary,2718,rule_to_compact,cheap_only,anchor,,,,420,71,349,17,54,19,330,0.23943661971830985,0.054441260744985676,0.4722222222222222,0.07886263986355725,347,19,0.05475504322766571,0.07931123669358123,False,844.0,423.0,420.0,y,example_id,,0.3695062513541793,0.0,0.0,0.24324324324324326,0.04297994269340974
retraining_reselection,audited,singleton_weak,audited,dependency_primary,2718,rule_to_compact,full_information,anchor,,,,420,71,349,14,57,15,334,0.19718309859154928,0.04297994269340974,0.4827586206896552,0.06541143768987555,347,15,0.043227665706051875,0.06578397786941731,False,844.0,423.0,420.0,y,example_id,,0.38911897923736544,1.0,1.0,0.2702702702702703,0.03724928366762178
retraining_reselection,audited,singleton_weak,audited,dependency_primary,2718,rule_to_compact,selective_deployable,0.10,0.1,,,420,71,349,14,57,15,334,0.19718309859154928,0.04297994269340974,0.4827586206896552,0.06541143768987555,347,15,0.043227665706051875,0.06578397786941731,False,844.0,423.0,420.0,y,example_id,0.1709288075489696,0.38911897923736544,0.1016548463356974,0.11428571428571428,0.24324324324324326,0.034383954154727794
retraining_reselection,audited,singleton_weak,audited,dependency_primary,2718,rule_to_compact,selective_deployable,0.25,0.25,,,420,71,349,14,57,15,334,0.19718309859154928,0.04297994269340974,0.4827586206896552,0.06541143768987555,347,15,0.043227665706051875,0.06578397786941731,False,844.0,423.0,420.0,y,example_id,0.30516613074338617,0.38911897923736544,0.25295508274231676,0.26666666666666666,0.2702702702702703,0.03724928366762178
retraining_reselection,audited,singleton_weak,audited,dependency_primary,2718,rule_to_compact,selective_deployable,0.50,0.5,,,420,71,349,14,57,15,334,0.19718309859154928,0.04297994269340974,0.4827586206896552,0.06541143768987555,347,15,0.043227665706051875,0.06578397786941731,False,844.0,423.0,420.0,y,example_id,0.3810336884622893,0.38911897923736544,1.0,1.0,0.2702702702702703,0.03724928366762178
retraining_reselection,audited,singleton_weak,audited,dependency_primary,2718,compact_to_qwen,cheap_only,anchor,,,,420,71,349,2,69,15,334,0.028169014084507043,0.04297994269340974,0.11764705882352941,0.06541143768987555,347,15,0.043227665706051875,0.06578397786941731,False,844.0,423.0,420.0,y,example_id,,0.17257664187293162,0.0,0.0,0.17567567567567569,0.04871060171919771
retraining_reselection,audited,singleton_weak,audited,dependency_primary,2718,compact_to_qwen,full_information,anchor,,,,420,71,349,63,8,22,327,0.8873239436619719,0.06303724928366762,0.7411764705882353,0.08879245157053443,347,22,0.06340057636887608,0.08929709961567887,False,844.0,423.0,420.0,y,example_id,,0.28732152722018456,1.0,1.0,0.918918918918919,0.04871060171919771
retraining_reselection,audited,singleton_weak,audited,dependency_primary,2718,compact_to_qwen,selective_deployable,0.10,0.1,,,420,71,349,8,63,22,327,0.11267605633802817,0.06303724928366762,0.26666666666666666,0.08879245157053443,347,22,0.06340057636887608,0.08929709961567887,False,844.0,423.0,420.0,y,example_id,0.3285912506238693,0.17081450840704718,0.1016548463356974,0.06428571428571428,0.3108108108108108,0.03724928366762178
retraining_reselection,audited,singleton_weak,audited,dependency_primary,2718,compact_to_qwen,selective_deployable,0.25,0.25,,,420,71,349,22,49,15,334,0.30985915492957744,0.04297994269340974,0.5945945945945946,0.06541143768987555,347,15,0.043227665706051875,0.06578397786941731,False,844.0,423.0,420.0,y,example_id,0.3297407380023889,0.17021184164013634,0.25059101654846333,0.22380952380952382,0.4864864864864865,0.045845272206303724
retraining_reselection,audited,singleton_weak,audited,dependency_primary,2718,compact_to_qwen,selective_deployable,0.50,0.5,,,420,71,349,40,31,14,335,0.5633802816901409,0.04011461318051576,0.7407407407407407,0.06200219374162649,347,14,0.040345821325648415,0.06235543281596552,False,844.0,423.0,420.0,y,example_id,0.33006531031031405,0.28742943505505353,0.5011820330969267,0.4857142857142857,0.7567567567567568,0.034383954154727794
retraining_reselection,audited,singleton_weak,audited,dependency_primary,2718,rule_compact_to_qwen,cheap_only,anchor,,,,420,71,349,14,57,15,334,0.19718309859154928,0.04297994269340974,0.4827586206896552,0.06541143768987555,347,15,0.043227665706051875,0.06578397786941731,False,844.0,423.0,420.0,y,example_id,,0.38911897923736544,0.0,0.0,0.2702702702702703,0.03724928366762178
retraining_reselection,audited,singleton_weak,audited,dependency_primary,2718,rule_compact_to_qwen,full_information,anchor,,,,420,71,349,63,8,22,327,0.8873239436619719,0.06303724928366762,0.7411764705882353,0.08879245157053443,347,22,0.06340057636887608,0.08929709961567887,False,844.0,423.0,420.0,y,example_id,,0.22624440888259134,1.0,1.0,0.918918918918919,0.04871060171919771
retraining_reselection,audited,singleton_weak,audited,dependency_primary,2718,rule_compact_to_qwen,selective_deployable,0.10,0.1,,,420,71,349,18,53,13,336,0.2535211267605634,0.03724928366762178,0.5806451612903226,0.05857079629240329,347,13,0.037463976945244955,0.05890459855125166,False,844.0,423.0,420.0,y,example_id,0.1683750909278129,0.28956369191481435,0.1016548463356974,0.10952380952380952,0.32432432432432434,0.04011461318051576
retraining_reselection,audited,singleton_weak,audited,dependency_primary,2718,rule_compact_to_qwen,selective_deployable,0.25,0.25,,,420,71,349,31,40,8,341,0.43661971830985913,0.022922636103151862,0.7948717948717948,0.04097911629748258,347,8,0.023054755043227664,0.041213101177030344,True,844.0,423.0,420.0,y,example_id,0.30199516041888225,0.19329737264682714,0.25059101654846333,0.26904761904761904,0.4864864864864865,0.025787965616045846
retraining_reselection,audited,singleton_weak,audited,dependency_primary,2718,rule_compact_to_qwen,selective_deployable,0.50,0.5,,,420,71,349,49,22,25,324,0.6901408450704225,0.07163323782234957,0.6621621621621622,0.09861396086651453,347,25,0.07204610951008646,0.09917397283798585,False,844.0,423.0,420.0,y,example_id,0.3840805752194727,0.11581363698601743,0.5011820330969267,0.5452380952380952,0.7432432432432432,0.045845272206303724
retraining_reselection,original,dependency_primary,audited,dependency_primary,2718,rule_to_compact,cheap_only,anchor,,,,420,71,349,10,61,11,338,0.14084507042253522,0.03151862464183381,0.47619047619047616,0.05163164376229004,347,11,0.03170028818443804,0.05192610743152733,False,841.0,426.0,420.0,y_original,primary_dependency_group,,0.395783504071438,0.0,0.0,0.11842105263157894,0.04285714285714286
retraining_reselection,original,dependency_primary,audited,dependency_primary,2718,rule_to_compact,full_information,anchor,,,,420,71,349,10,61,12,337,0.14084507042253522,0.034383954154727794,0.45454545454545453,0.05511488840986523,347,12,0.0345821325648415,0.0554291043677078,False,841.0,426.0,420.0,y_original,primary_dependency_group,,0.3913901720267745,1.0,1.0,0.14473684210526316,0.045714285714285714
retraining_reselection,original,dependency_primary,audited,dependency_primary,2718,rule_to_compact,selective_deployable,0.10,0.1,,,420,71,349,10,61,11,338,0.14084507042253522,0.03151862464183381,0.47619047619047616,0.05163164376229004,347,11,0.03170028818443804,0.05192610743152733,False,841.0,426.0,420.0,y_original,primary_dependency_group,0.1865052714265436,0.3913901720267745,0.10093896713615023,0.10952380952380952,0.13157894736842105,0.04285714285714286
retraining_reselection,original,dependency_primary,audited,dependency_primary,2718,rule_to_compact,selective_deployable,0.25,0.25,,,420,71,349,10,61,11,338,0.14084507042253522,0.03151862464183381,0.47619047619047616,0.05163164376229004,347,11,0.03170028818443804,0.05192610743152733,False,841.0,426.0,420.0,y_original,primary_dependency_group,0.3260031660646523,0.3913901720267745,0.2511737089201878,0.29285714285714287,0.14473684210526316,0.045714285714285714
retraining_reselection,original,dependency_primary,audited,dependency_primary,2718,rule_to_compact,selective_deployable,0.50,0.5,,,420,71,349,10,61,12,337,0.14084507042253522,0.034383954154727794,0.45454545454545453,0.05511488840986523,347,12,0.0345821325648415,0.0554291043677078,False,841.0,426.0,420.0,y_original,primary_dependency_group,0.3859746533788283,0.3913901720267745,1.0,1.0,0.14473684210526316,0.045714285714285714
retraining_reselection,original,dependency_primary,audited,dependency_primary,2718,compact_to_qwen,cheap_only,anchor,,,,420,71,349,2,69,12,337,0.028169014084507043,0.034383954154727794,0.14285714285714285,0.05511488840986523,347,12,0.0345821325648415,0.0554291043677078,False,841.0,426.0,420.0,y_original,primary_dependency_group,,0.16896145753062286,0.0,0.0,0.09210526315789473,0.04
retraining_reselection,original,dependency_primary,audited,dependency_primary,2718,compact_to_qwen,full_information,anchor,,,,420,71,349,59,12,17,332,0.8309859154929577,0.04871060171919771,0.7763157894736842,0.0721711346734761,347,17,0.04899135446685879,0.0725819148103667,False,841.0,426.0,420.0,y_original,primary_dependency_group,,0.2703095061014548,1.0,1.0,0.8421052631578947,0.04857142857142857
retraining_reselection,original,dependency_primary,audited,dependency_primary,2718,compact_to_qwen,selective_deployable,0.10,0.1,,,420,71,349,16,55,31,318,0.22535211267605634,0.08882521489971347,0.3404255319148936,0.1179965939509764,347,31,0.0893371757925072,0.11866565196619495,False,841.0,426.0,420.0,y_original,primary_dependency_group,0.33622634849116023,0.16273959560723059,0.10093896713615023,0.07142857142857142,0.2894736842105263,0.04285714285714286
retraining_reselection,original,dependency_primary,audited,dependency_primary,2718,compact_to_qwen,selective_deployable,0.25,0.25,,,420,71,349,25,46,13,336,0.352112676056338,0.03724928366762178,0.6578947368421053,0.05857079629240329,347,13,0.037463976945244955,0.05890459855125166,False,841.0,426.0,420.0,y_original,primary_dependency_group,0.337767407695701,0.16222265857858387,0.2511737089201878,0.2619047619047619,0.35526315789473684,0.037142857142857144
retraining_reselection,original,dependency_primary,audited,dependency_primary,2718,compact_to_qwen,selective_deployable,0.50,0.5,,,420,71,349,46,25,17,332,0.647887323943662,0.04871060171919771,0.7301587301587301,0.0721711346734761,347,17,0.04899135446685879,0.0725819148103667,False,841.0,426.0,420.0,y_original,primary_dependency_group,0.3381187137081433,0.27011012921784394,0.5,0.5404761904761904,0.5789473684210527,0.037142857142857144
retraining_reselection,original,dependency_primary,audited,dependency_primary,2718,rule_compact_to_qwen,cheap_only,anchor,,,,420,71,349,10,61,12,337,0.14084507042253522,0.034383954154727794,0.45454545454545453,0.05511488840986523,347,12,0.0345821325648415,0.0554291043677078,False,841.0,426.0,420.0,y_original,primary_dependency_group,,0.3913901720267745,0.0,0.0,0.14473684210526316,0.045714285714285714
retraining_reselection,original,dependency_primary,audited,dependency_primary,2718,rule_compact_to_qwen,full_information,anchor,,,,420,71,349,57,14,18,331,0.8028169014084507,0.05157593123209169,0.76,0.07552475092839267,347,18,0.05187319884726225,0.07595448844757033,False,841.0,426.0,420.0,y_original,primary_dependency_group,,0.26716694487902926,1.0,1.0,0.9078947368421053,0.04857142857142857
retraining_reselection,original,dependency_primary,audited,dependency_primary,2718,rule_compact_to_qwen,selective_deployable,0.10,0.1,,,420,71,349,21,50,13,336,0.29577464788732394,0.03724928366762178,0.6176470588235294,0.05857079629240329,347,13,0.037463976945244955,0.05890459855125166,False,841.0,426.0,420.0,y_original,primary_dependency_group,0.1862335456460555,0.26014411367582907,0.10093896713615023,0.11428571428571428,0.34210526315789475,0.045714285714285714
retraining_reselection,original,dependency_primary,audited,dependency_primary,2718,rule_compact_to_qwen,selective_deployable,0.25,0.25,,,420,71,349,31,40,11,338,0.43661971830985913,0.03151862464183381,0.7380952380952381,0.05163164376229004,347,11,0.03170028818443804,0.05192610743152733,False,841.0,426.0,420.0,y_original,primary_dependency_group,0.3219452980510925,0.17490647455493624,0.2511737089201878,0.28809523809523807,0.5,0.025714285714285714
retraining_reselection,original,dependency_primary,audited,dependency_primary,2718,rule_compact_to_qwen,selective_deployable,0.50,0.5,,,420,71,349,46,25,14,335,0.647887323943662,0.04011461318051576,0.7666666666666667,0.06200219374162649,347,14,0.040345821325648415,0.06235543281596552,False,841.0,426.0,420.0,y_original,primary_dependency_group,0.3898936811246505,0.26716694487902926,0.5,0.5452380952380952,0.6842105263157895,0.03428571428571429
retraining_reselection,original,singleton_weak,audited,dependency_primary,2718,rule_to_compact,cheap_only,anchor,,,,420,71,349,17,54,19,330,0.23943661971830985,0.054441260744985676,0.4722222222222222,0.07886263986355725,347,19,0.05475504322766571,0.07931123669358123,False,844.0,423.0,420.0,y_original,example_id,,0.34534329271338776,0.0,0.0,0.2328767123287671,0.045714285714285714
retraining_reselection,original,singleton_weak,audited,dependency_primary,2718,rule_to_compact,full_information,anchor,,,,420,71,349,15,56,18,331,0.2112676056338028,0.05157593123209169,0.45454545454545453,0.07552475092839267,347,18,0.05187319884726225,0.07595448844757033,False,844.0,423.0,420.0,y_original,example_id,,0.3561108795524838,1.0,1.0,0.2602739726027397,0.04285714285714286
retraining_reselection,original,singleton_weak,audited,dependency_primary,2718,rule_to_compact,selective_deployable,0.10,0.1,,,420,71,349,15,56,17,332,0.2112676056338028,0.04871060171919771,0.46875,0.0721711346734761,347,17,0.04899135446685879,0.0725819148103667,False,844.0,423.0,420.0,y_original,example_id,0.1906343241274468,0.3561108795524838,0.1016548463356974,0.10952380952380952,0.2328767123287671,0.04
retraining_reselection,original,singleton_weak,audited,dependency_primary,2718,rule_to_compact,selective_deployable,0.25,0.25,,,420,71,349,15,56,17,332,0.2112676056338028,0.04871060171919771,0.46875,0.0721711346734761,347,17,0.04899135446685879,0.0725819148103667,False,844.0,423.0,420.0,y_original,example_id,0.3130996809707116,0.3561108795524838,0.2553191489361702,0.2761904761904762,0.2602739726027397,0.04
retraining_reselection,original,singleton_weak,audited,dependency_primary,2718,rule_to_compact,selective_deployable,0.50,0.5,,,420,71,349,15,56,18,331,0.2112676056338028,0.05157593123209169,0.45454545454545453,0.07552475092839267,347,18,0.05187319884726225,0.07595448844757033,False,844.0,423.0,420.0,y_original,example_id,0.379492143235712,0.3561108795524838,1.0,1.0,0.2602739726027397,0.04285714285714286
retraining_reselection,original,singleton_weak,audited,dependency_primary,2718,compact_to_qwen,cheap_only,anchor,,,,420,71,349,2,69,8,341,0.028169014084507043,0.022922636103151862,0.2,0.04097911629748258,347,8,0.023054755043227664,0.041213101177030344,True,844.0,423.0,420.0,y_original,example_id,,0.18693170816455326,0.0,0.0,0.1095890410958904,0.025714285714285714
retraining_reselection,original,singleton_weak,audited,dependency_primary,2718,compact_to_qwen,full_information,anchor,,,,420,71,349,63,8,22,327,0.8873239436619719,0.06303724928366762,0.7411764705882353,0.08879245157053443,347,22,0.06340057636887608,0.08929709961567887,False,844.0,423.0,420.0,y_original,example_id,,0.2657368962464209,1.0,1.0,0.8904109589041096,0.045714285714285714
retraining_reselection,original,singleton_weak,audited,dependency_primary,2718,compact_to_qwen,selective_deployable,0.10,0.1,,,420,71,349,9,62,23,326,0.1267605633802817,0.0659025787965616,0.28125,0.0920773606800653,347,23,0.06628242074927954,0.09260053407755514,False,844.0,423.0,420.0,y_original,example_id,0.33217812432532334,0.16703442057292378,0.1016548463356974,0.06428571428571428,0.3287671232876712,0.03428571428571429
retraining_reselection,original,singleton_weak,audited,dependency_primary,2718,compact_to_qwen,selective_deployable,0.25,0.25,,,420,71,349,22,49,15,334,0.30985915492957744,0.04297994269340974,0.5945945945945946,0.06541143768987555,347,15,0.043227665706051875,0.06578397786941731,False,844.0,423.0,420.0,y_original,example_id,0.3336283435391404,0.16631400572811303,0.25059101654846333,0.22380952380952382,0.4383561643835616,0.045714285714285714
retraining_reselection,original,singleton_weak,audited,dependency_primary,2718,compact_to_qwen,selective_deployable,0.50,0.5,,,420,71,349,38,33,14,335,0.5352112676056338,0.04011461318051576,0.7307692307692307,0.06200219374162649,347,14,0.040345821325648415,0.06235543281596552,False,844.0,423.0,420.0,y_original,example_id,0.3340114596239996,0.26603959657979903,0.5011820330969267,0.4523809523809524,0.726027397260274,0.037142857142857144
retraining_reselection,original,singleton_weak,audited,dependency_primary,2718,rule_compact_to_qwen,cheap_only,anchor,,,,420,71,349,15,56,18,331,0.2112676056338028,0.05157593123209169,0.45454545454545453,0.07552475092839267,347,18,0.05187319884726225,0.07595448844757033,False,844.0,423.0,420.0,y_original,example_id,,0.3561108795524838,0.0,0.0,0.2602739726027397,0.04285714285714286
retraining_reselection,original,singleton_weak,audited,dependency_primary,2718,rule_compact_to_qwen,full_information,anchor,,,,420,71,349,63,8,22,327,0.8873239436619719,0.06303724928366762,0.7411764705882353,0.08879245157053443,347,22,0.06340057636887608,0.08929709961567887,False,844.0,423.0,420.0,y_original,example_id,,0.22197844737124103,1.0,1.0,0.8904109589041096,0.045714285714285714
retraining_reselection,original,singleton_weak,audited,dependency_primary,2718,rule_compact_to_qwen,selective_deployable,0.10,0.1,,,420,71,349,19,52,11,338,0.2676056338028169,0.03151862464183381,0.6333333333333333,0.05163164376229004,347,11,0.03170028818443804,0.05192610743152733,False,844.0,423.0,420.0,y_original,example_id,0.18759295780600882,0.27366440281658505,0.1016548463356974,0.11428571428571428,0.3287671232876712,0.045714285714285714
retraining_reselection,original,singleton_weak,audited,dependency_primary,2718,rule_compact_to_qwen,selective_deployable,0.25,0.25,,,420,71,349,31,40,11,338,0.43661971830985913,0.03151862464183381,0.7380952380952381,0.05163164376229004,347,11,0.03170028818443804,0.05192610743152733,False,844.0,423.0,420.0,y_original,example_id,0.3019189763737858,0.18586084034784642,0.25059101654846333,0.26666666666666666,0.4657534246575342,0.037142857142857144
retraining_reselection,original,singleton_weak,audited,dependency_primary,2718,rule_compact_to_qwen,selective_deployable,0.50,0.5,,,420,71,349,49,22,15,334,0.6901408450704225,0.04297994269340974,0.765625,0.06541143768987555,347,15,0.043227665706051875,0.06578397786941731,False,844.0,423.0,420.0,y_original,example_id,0.3826764694005229,0.11730525344971142,0.5011820330969267,0.5452380952380952,0.684931506849315,0.03428571428571429
retraining_reselection,audited,dependency_primary,audited,dependency_primary,3141,rule_to_compact,cheap_only,anchor,,,,420,71,349,13,58,12,337,0.18309859154929578,0.034383954154727794,0.52,0.05511488840986523,347,12,0.0345821325648415,0.0554291043677078,False,839.0,428.0,420.0,y,primary_dependency_group,,0.352681281689746,0.0,0.0,0.1518987341772152,0.045845272206303724
retraining_reselection,audited,dependency_primary,audited,dependency_primary,3141,rule_to_compact,full_information,anchor,,,,420,71,349,14,57,12,337,0.19718309859154928,0.034383954154727794,0.5384615384615384,0.05511488840986523,347,12,0.0345821325648415,0.0554291043677078,False,839.0,428.0,420.0,y,primary_dependency_group,,0.35261694302231894,1.0,1.0,0.16455696202531644,0.04871060171919771
retraining_reselection,audited,dependency_primary,audited,dependency_primary,3141,rule_to_compact,selective_deployable,0.10,0.1,,,420,71,349,13,58,12,337,0.18309859154929578,0.034383954154727794,0.52,0.05511488840986523,347,12,0.0345821325648415,0.0554291043677078,False,839.0,428.0,420.0,y,primary_dependency_group,0.19761329330361338,0.35261694302231894,0.10046728971962617,0.09047619047619047,0.1518987341772152,0.045845272206303724
retraining_reselection,audited,dependency_primary,audited,dependency_primary,3141,rule_to_compact,selective_deployable,0.25,0.25,,,420,71,349,14,57,12,337,0.19718309859154928,0.034383954154727794,0.5384615384615384,0.05511488840986523,347,12,0.0345821325648415,0.0554291043677078,False,839.0,428.0,420.0,y,primary_dependency_group,0.33707179434886725,0.35261694302231894,0.27102803738317754,0.3142857142857143,0.16455696202531644,0.04871060171919771
retraining_reselection,audited,dependency_primary,audited,dependency_primary,3141,rule_to_compact,selective_deployable,0.50,0.5,,,420,71,349,14,57,12,337,0.19718309859154928,0.034383954154727794,0.5384615384615384,0.05511488840986523,347,12,0.0345821325648415,0.0554291043677078,False,839.0,428.0,420.0,y,primary_dependency_group,0.3863127680665617,0.35261694302231894,1.0,1.0,0.16455696202531644,0.04871060171919771
retraining_reselection,audited,dependency_primary,audited,dependency_primary,3141,compact_to_qwen,cheap_only,anchor,,,,420,71,349,7,64,17,332,0.09859154929577464,0.04871060171919771,0.2916666666666667,0.0721711346734761,347,17,0.04899135446685879,0.0725819148103667,False,839.0,428.0,420.0,y,primary_dependency_group,,0.16809724780990762,0.0,0.0,0.10126582278481013,0.04871060171919771
retraining_reselection,audited,dependency_primary,audited,dependency_primary,3141,compact_to_qwen,full_information,anchor,,,,420,71,349,58,13,21,328,0.8169014084507042,0.06017191977077364,0.7341772151898734,0.08549556272192184,347,21,0.06051873198847262,0.08598160936447057,False,839.0,428.0,420.0,y,primary_dependency_group,,0.2833420745401061,1.0,1.0,0.8227848101265823,0.045845272206303724
retraining_reselection,audited,dependency_primary,audited,dependency_primary,3141,compact_to_qwen,selective_deployable,0.10,0.1,,,420,71,349,16,55,20,329,0.22535211267605634,0.05730659025787966,0.4444444444444444,0.08218591616153102,347,20,0.05763688760806916,0.08265328077456838,False,839.0,428.0,420.0,y,primary_dependency_group,0.3336377522061771,0.16581372008162673,0.10046728971962617,0.09285714285714286,0.22784810126582278,0.045845272206303724
retraining_reselection,audited,dependency_primary,audited,dependency_primary,3141,compact_to_qwen,selective_deployable,0.25,0.25,,,420,71,349,28,43,26,323,0.39436619718309857,0.07449856733524356,0.5185185185185185,0.10186684887996843,347,26,0.07492795389048991,0.10244518112436252,False,839.0,428.0,420.0,y,primary_dependency_group,0.33471136554032194,0.16525231655072384,0.25,0.3142857142857143,0.34177215189873417,0.04011461318051576
retraining_reselection,audited,dependency_primary,audited,dependency_primary,3141,compact_to_qwen,selective_deployable,0.50,0.5,,,420,71,349,48,23,21,328,0.676056338028169,0.06017191977077364,0.6956521739130435,0.08549556272192184,347,21,0.06051873198847262,0.08598160936447057,False,839.0,428.0,420.0,y,primary_dependency_group,0.3349526108044151,0.28314937513330835,0.5,0.5619047619047619,0.4810126582278481,0.034383954154727794
retraining_reselection,audited,dependency_primary,audited,dependency_primary,3141,rule_compact_to_qwen,cheap_only,anchor,,,,420,71,349,14,57,12,337,0.19718309859154928,0.034383954154727794,0.5384615384615384,0.05511488840986523,347,12,0.0345821325648415,0.0554291043677078,False,839.0,428.0,420.0,y,primary_dependency_group,,0.35261694302231894,0.0,0.0,0.16455696202531644,0.04871060171919771
retraining_reselection,audited,dependency_primary,audited,dependency_primary,3141,rule_compact_to_qwen,full_information,anchor,,,,420,71,349,60,11,21,328,0.8450704225352113,0.06017191977077364,0.7407407407407407,0.08549556272192184,347,21,0.06051873198847262,0.08598160936447057,False,839.0,428.0,420.0,y,primary_dependency_group,,0.27701973736419094,1.0,1.0,0.8354430379746836,0.04011461318051576
retraining_reselection,audited,dependency_primary,audited,dependency_primary,3141,rule_compact_to_qwen,selective_deployable,0.10,0.1,,,420,71,349,25,46,26,323,0.352112676056338,0.07449856733524356,0.49019607843137253,0.10186684887996843,347,26,0.07492795389048991,0.10244518112436252,False,839.0,428.0,420.0,y,primary_dependency_group,0.2001596037063782,0.23572296266471832,0.10046728971962617,0.09285714285714286,0.31645569620253167,0.04011461318051576
retraining_reselection,audited,dependency_primary,audited,dependency_primary,3141,rule_compact_to_qwen,selective_deployable,0.25,0.25,,,420,71,349,36,35,19,330,0.5070422535211268,0.054441260744985676,0.6545454545454545,0.07886263986355725,347,19,0.05475504322766571,0.07931123669358123,False,839.0,428.0,420.0,y,primary_dependency_group,0.32872488039302017,0.15334239158163188,0.25,0.30714285714285716,0.5063291139240507,0.04871060171919771
retraining_reselection,audited,dependency_primary,audited,dependency_primary,3141,rule_compact_to_qwen,selective_deployable,0.50,0.5,,,420,71,349,47,24,22,327,0.6619718309859155,0.06303724928366762,0.6811594202898551,0.08879245157053443,347,22,0.06340057636887608,0.08929709961567887,False,839.0,428.0,420.0,y,primary_dependency_group,0.38853595567306104,0.11132035292764508,0.5,0.49523809523809526,0.6075949367088608,0.04297994269340974
retraining_reselection,audited,singleton_weak,audited,dependency_primary,3141,rule_to_compact,cheap_only,anchor,,,,420,71,349,15,56,17,332,0.2112676056338028,0.04871060171919771,0.46875,0.0721711346734761,347,17,0.04899135446685879,0.0725819148103667,False,845.0,422.0,420.0,y,example_id,,0.31859274401102466,0.0,0.0,0.2328767123287671,0.04871060171919771
retraining_reselection,audited,singleton_weak,audited,dependency_primary,3141,rule_to_compact,full_information,anchor,,,,420,71,349,16,55,15,334,0.22535211267605634,0.04297994269340974,0.5161290322580645,0.06541143768987555,347,15,0.043227665706051875,0.06578397786941731,False,845.0,422.0,420.0,y,example_id,,0.31375757540516397,1.0,1.0,0.2328767123287671,0.04871060171919771
retraining_reselection,audited,singleton_weak,audited,dependency_primary,3141,rule_to_compact,selective_deployable,0.10,0.1,,,420,71,349,15,56,15,334,0.2112676056338028,0.04297994269340974,0.5,0.06541143768987555,347,15,0.043227665706051875,0.06578397786941731,False,845.0,422.0,420.0,y,example_id,0.21149677549834062,0.31375757540516397,0.1018957345971564,0.10476190476190476,0.2328767123287671,0.04871060171919771
retraining_reselection,audited,singleton_weak,audited,dependency_primary,3141,rule_to_compact,selective_deployable,0.25,0.25,,,420,71,349,16,55,15,334,0.22535211267605634,0.04297994269340974,0.5161290322580645,0.06541143768987555,347,15,0.043227665706051875,0.06578397786941731,False,845.0,422.0,420.0,y,example_id,0.33026216943454145,0.31375757540516397,0.26066350710900477,0.3142857142857143,0.2328767123287671,0.04871060171919771
retraining_reselection,audited,singleton_weak,audited,dependency_primary,3141,rule_to_compact,selective_deployable,0.50,0.5,,,420,71,349,16,55,15,334,0.22535211267605634,0.04297994269340974,0.5161290322580645,0.06541143768987555,347,15,0.043227665706051875,0.06578397786941731,False,845.0,422.0,420.0,y,example_id,0.3776612008733605,0.31375757540516397,1.0,1.0,0.2328767123287671,0.04871060171919771
retraining_reselection,audited,singleton_weak,audited,dependency_primary,3141,compact_to_qwen,cheap_only,anchor,,,,420,71,349,7,64,17,332,0.09859154929577464,0.04871060171919771,0.2916666666666667,0.0721711346734761,347,17,0.04899135446685879,0.0725819148103667,False,845.0,422.0,420.0,y,example_id,,0.17301786246625472,0.0,0.0,0.1095890410958904,0.04297994269340974
retraining_reselection,audited,singleton_weak,audited,dependency_primary,3141,compact_to_qwen,full_information,anchor,,,,420,71,349,63,8,20,329,0.8873239436619719,0.05730659025787966,0.7590361445783133,0.08218591616153102,347,20,0.05763688760806916,0.08265328077456838,False,845.0,422.0,420.0,y,example_id,,0.2765455639984821,1.0,1.0,0.8356164383561644,0.04297994269340974
retraining_reselection,audited,singleton_weak,audited,dependency_primary,3141,compact_to_qwen,selective_deployable,0.10,0.1,,,420,71,349,19,52,23,326,0.2676056338028169,0.0659025787965616,0.4523809523809524,0.0920773606800653,347,23,0.06628242074927954,0.09260053407755514,False,845.0,422.0,420.0,y,example_id,0.32892907487521394,0.17079128220242612,0.1018957345971564,0.14047619047619048,0.1917808219178082,0.04871060171919771
retraining_reselection,audited,singleton_weak,audited,dependency_primary,3141,compact_to_qwen,selective_deployable,0.25,0.25,,,420,71,349,29,42,26,323,0.4084507042253521,0.07449856733524356,0.5272727272727272,0.10186684887996843,347,26,0.07492795389048991,0.10244518112436252,False,845.0,422.0,420.0,y,example_id,0.32953859719077405,0.17041785358026065,0.25118483412322273,0.3142857142857143,0.4520547945205479,0.04871060171919771
retraining_reselection,audited,singleton_weak,audited,dependency_primary,3141,compact_to_qwen,selective_deployable,0.50,0.5,,,420,71,349,49,22,22,327,0.6901408450704225,0.06303724928366762,0.6901408450704225,0.08879245157053443,347,22,0.06340057636887608,0.08929709961567887,False,845.0,422.0,420.0,y,example_id,0.32980808177597054,0.2671839167763386,0.5,0.5738095238095238,0.6164383561643836,0.034383954154727794
retraining_reselection,audited,singleton_weak,audited,dependency_primary,3141,rule_compact_to_qwen,cheap_only,anchor,,,,420,71,349,16,55,15,334,0.22535211267605634,0.04297994269340974,0.5161290322580645,0.06541143768987555,347,15,0.043227665706051875,0.06578397786941731,False,845.0,422.0,420.0,y,example_id,,0.31375757540516397,0.0,0.0,0.2328767123287671,0.04871060171919771
retraining_reselection,audited,singleton_weak,audited,dependency_primary,3141,rule_compact_to_qwen,full_information,anchor,,,,420,71,349,62,9,25,324,0.8732394366197183,0.07163323782234957,0.7126436781609196,0.09861396086651453,347,25,0.07204610951008646,0.09917397283798585,False,845.0,422.0,420.0,y,example_id,,0.24562522790539168,1.0,1.0,0.8356164383561644,0.03724928366762178
retraining_reselection,audited,singleton_weak,audited,dependency_primary,3141,rule_compact_to_qwen,selective_deployable,0.10,0.1,,,420,71,349,26,45,24,325,0.36619718309859156,0.06876790830945559,0.52,0.09535098763963369,347,24,0.069164265129683,0.09589261444550476,False,845.0,422.0,420.0,y,example_id,0.21675984340256177,0.2305590513456494,0.1018957345971564,0.11666666666666667,0.410958904109589,0.04871060171919771
retraining_reselection,audited,singleton_weak,audited,dependency_primary,3141,rule_compact_to_qwen,selective_deployable,0.25,0.25,,,420,71,349,38,33,20,329,0.5352112676056338,0.05730659025787966,0.6551724137931034,0.08218591616153102,347,20,0.05763688760806916,0.08265328077456838,False,845.0,422.0,420.0,y,example_id,0.33113119648735023,0.15787228025854516,0.25118483412322273,0.31666666666666665,0.5753424657534246,0.04871060171919771
retraining_reselection,audited,singleton_weak,audited,dependency_primary,3141,rule_compact_to_qwen,selective_deployable,0.50,0.5,,,420,71,349,49,22,26,323,0.6901408450704225,0.07449856733524356,0.6533333333333333,0.10186684887996843,347,26,0.07492795389048991,0.10244518112436252,False,845.0,422.0,420.0,y,example_id,0.3806739002962631,0.1192466289728455,0.5,0.5285714285714286,0.6986301369863014,0.04871060171919771
retraining_reselection,original,dependency_primary,audited,dependency_primary,3141,rule_to_compact,cheap_only,anchor,,,,420,71,349,10,61,11,338,0.14084507042253522,0.03151862464183381,0.47619047619047616,0.05163164376229004,347,11,0.03170028818443804,0.05192610743152733,False,841.0,426.0,420.0,y_original,primary_dependency_group,,0.35103550822789,0.0,0.0,0.11842105263157894,0.04857142857142857
retraining_reselection,original,dependency_primary,audited,dependency_primary,3141,rule_to_compact,full_information,anchor,,,,420,71,349,12,59,8,341,0.16901408450704225,0.022922636103151862,0.6,0.04097911629748258,347,8,0.023054755043227664,0.041213101177030344,True,841.0,426.0,420.0,y_original,primary_dependency_group,,0.36023736394021455,1.0,1.0,0.11842105263157894,0.04285714285714286
retraining_reselection,original,dependency_primary,audited,dependency_primary,3141,rule_to_compact,selective_deployable,0.10,0.1,,,420,71,349,12,59,11,338,0.16901408450704225,0.03151862464183381,0.5217391304347826,0.05163164376229004,347,11,0.03170028818443804,0.05192610743152733,False,841.0,426.0,420.0,y_original,primary_dependency_group,0.2050332471365246,0.3471917429644126,0.10093896713615023,0.09047619047619047,0.11842105263157894,0.04857142857142857
retraining_reselection,original,dependency_primary,audited,dependency_primary,3141,rule_to_compact,selective_deployable,0.25,0.25,,,420,71,349,12,59,8,341,0.16901408450704225,0.022922636103151862,0.6,0.04097911629748258,347,8,0.023054755043227664,0.041213101177030344,True,841.0,426.0,420.0,y_original,primary_dependency_group,0.33798241910408566,0.36023736394021455,0.27230046948356806,0.3142857142857143,0.11842105263157894,0.04285714285714286
retraining_reselection,original,dependency_primary,audited,dependency_primary,3141,rule_to_compact,selective_deployable,0.50,0.5,,,420,71,349,12,59,8,341,0.16901408450704225,0.022922636103151862,0.6,0.04097911629748258,347,8,0.023054755043227664,0.041213101177030344,True,841.0,426.0,420.0,y_original,primary_dependency_group,0.385476478179702,0.36023736394021455,1.0,1.0,0.11842105263157894,0.04285714285714286
retraining_reselection,original,dependency_primary,audited,dependency_primary,3141,compact_to_qwen,cheap_only,anchor,,,,420,71,349,7,64,17,332,0.09859154929577464,0.04871060171919771,0.2916666666666667,0.0721711346734761,347,17,0.04899135446685879,0.0725819148103667,False,841.0,426.0,420.0,y_original,primary_dependency_group,,0.16650558233783985,0.0,0.0,0.10526315789473684,0.04857142857142857
retraining_reselection,original,dependency_primary,audited,dependency_primary,3141,compact_to_qwen,full_information,anchor,,,,420,71,349,58,13,15,334,0.8169014084507042,0.04297994269340974,0.7945205479452054,0.06541143768987555,347,15,0.043227665706051875,0.06578397786941731,False,841.0,426.0,420.0,y_original,primary_dependency_group,,0.29435865368785513,1.0,1.0,0.7894736842105263,0.04857142857142857
retraining_reselection,original,dependency_primary,audited,dependency_primary,3141,compact_to_qwen,selective_deployable,0.10,0.1,,,420,71,349,16,55,20,329,0.22535211267605634,0.05730659025787966,0.4444444444444444,0.08218591616153102,347,20,0.05763688760806916,0.08265328077456838,False,841.0,426.0,420.0,y_original,primary_dependency_group,0.33524150412979414,0.16420620628674343,0.10093896713615023,0.09285714285714286,0.23684210526315788,0.045714285714285714
retraining_reselection,original,dependency_primary,audited,dependency_primary,3141,compact_to_qwen,selective_deployable,0.25,0.25,,,420,71,349,28,43,26,323,0.39436619718309857,0.07449856733524356,0.5185185185185185,0.10186684887996843,347,26,0.07492795389048991,0.10244518112436252,False,841.0,426.0,420.0,y_original,primary_dependency_group,0.33632245354199103,0.1636409823122267,0.2511737089201878,0.3142857142857143,0.35526315789473684,0.04
retraining_reselection,original,dependency_primary,audited,dependency_primary,3141,compact_to_qwen,selective_deployable,0.50,0.5,,,420,71,349,48,23,21,328,0.676056338028169,0.06017191977077364,0.6956521739130435,0.08549556272192184,347,21,0.06051873198847262,0.08598160936447057,False,841.0,426.0,420.0,y_original,primary_dependency_group,0.3365653320877636,0.27778872943438493,0.5,0.5619047619047619,0.5,0.03428571428571429
retraining_reselection,original,dependency_primary,audited,dependency_primary,3141,rule_compact_to_qwen,cheap_only,anchor,,,,420,71,349,12,59,8,341,0.16901408450704225,0.022922636103151862,0.6,0.04097911629748258,347,8,0.023054755043227664,0.041213101177030344,True,841.0,426.0,420.0,y_original,primary_dependency_group,,0.36023736394021455,0.0,0.0,0.11842105263157894,0.04285714285714286
retraining_reselection,original,dependency_primary,audited,dependency_primary,3141,rule_compact_to_qwen,full_information,anchor,,,,420,71,349,60,11,21,328,0.8450704225352113,0.06017191977077364,0.7407407407407407,0.08549556272192184,347,21,0.06051873198847262,0.08598160936447057,False,841.0,426.0,420.0,y_original,primary_dependency_group,,0.2737144507331976,1.0,1.0,0.8289473684210527,0.04857142857142857
retraining_reselection,original,dependency_primary,audited,dependency_primary,3141,rule_compact_to_qwen,selective_deployable,0.10,0.1,,,420,71,349,25,46,25,324,0.352112676056338,0.07163323782234957,0.5,0.09861396086651453,347,25,0.07204610951008646,0.09917397283798585,False,841.0,426.0,420.0,y_original,primary_dependency_group,0.2075520350543857,0.231478615971452,0.10093896713615023,0.09523809523809523,0.3026315789473684,0.045714285714285714
retraining_reselection,original,dependency_primary,audited,dependency_primary,3141,rule_compact_to_qwen,selective_deployable,0.25,0.25,,,420,71,349,35,36,15,334,0.49295774647887325,0.04297994269340974,0.7,0.06541143768987555,347,15,0.043227665706051875,0.06578397786941731,False,841.0,426.0,420.0,y_original,primary_dependency_group,0.3300879149576994,0.15893017109206029,0.2511737089201878,0.30714285714285716,0.4868421052631579,0.03428571428571429
retraining_reselection,original,dependency_primary,audited,dependency_primary,3141,rule_compact_to_qwen,selective_deployable,0.50,0.5,,,420,71,349,43,28,15,334,0.6056338028169014,0.04297994269340974,0.7413793103448276,0.06541143768987555,347,15,0.043227665706051875,0.06578397786941731,False,841.0,426.0,420.0,y_original,primary_dependency_group,0.38771383151901934,0.2737144507331976,0.5,0.49523809523809526,0.5921052631578947,0.02857142857142857
retraining_reselection,original,singleton_weak,audited,dependency_primary,3141,rule_to_compact,cheap_only,anchor,,,,420,71,349,13,58,12,337,0.18309859154929578,0.034383954154727794,0.52,0.05511488840986523,347,12,0.0345821325648415,0.0554291043677078,False,844.0,423.0,420.0,y_original,example_id,,0.3772343295698215,0.0,0.0,0.125,0.04843304843304843
retraining_reselection,original,singleton_weak,audited,dependency_primary,3141,rule_to_compact,full_information,anchor,,,,420,71,349,10,61,6,343,0.14084507042253522,0.017191977077363897,0.625,0.03364884405080613,347,6,0.01729106628242075,0.03384114484604091,True,844.0,423.0,420.0,y_original,example_id,,0.40808624177092206,1.0,1.0,0.1111111111111111,0.037037037037037035
retraining_reselection,original,singleton_weak,audited,dependency_primary,3141,rule_to_compact,selective_deployable,0.10,0.1,,,420,71,349,13,58,12,337,0.18309859154929578,0.034383954154727794,0.52,0.05511488840986523,347,12,0.0345821325648415,0.0554291043677078,False,844.0,423.0,420.0,y_original,example_id,0.17924412686829644,0.3770825291714717,0.10638297872340426,0.09047619047619047,0.125,0.04843304843304843
retraining_reselection,original,singleton_weak,audited,dependency_primary,3141,rule_to_compact,selective_deployable,0.25,0.25,,,420,71,349,10,61,6,343,0.14084507042253522,0.017191977077363897,0.625,0.03364884405080613,347,6,0.01729106628242075,0.03384114484604091,True,844.0,423.0,420.0,y_original,example_id,0.31638282363479386,0.40808624177092206,0.25059101654846333,0.2833333333333333,0.1111111111111111,0.037037037037037035
retraining_reselection,original,singleton_weak,audited,dependency_primary,3141,rule_to_compact,selective_deployable,0.50,0.5,,,420,71,349,10,61,6,343,0.14084507042253522,0.017191977077363897,0.625,0.03364884405080613,347,6,0.01729106628242075,0.03384114484604091,True,844.0,423.0,420.0,y_original,example_id,0.3885600639524294,0.40808624177092206,1.0,1.0,0.1111111111111111,0.037037037037037035
retraining_reselection,original,singleton_weak,audited,dependency_primary,3141,compact_to_qwen,cheap_only,anchor,,,,420,71,349,9,62,21,328,0.1267605633802817,0.06017191977077364,0.3,0.08549556272192184,347,21,0.06051873198847262,0.08598160936447057,False,844.0,423.0,420.0,y_original,example_id,,0.16977430351488826,0.0,0.0,0.1388888888888889,0.037037037037037035
retraining_reselection,original,singleton_weak,audited,dependency_primary,3141,compact_to_qwen,full_information,anchor,,,,420,71,349,61,10,23,326,0.8591549295774648,0.0659025787965616,0.7261904761904762,0.0920773606800653,347,23,0.06628242074927954,0.09260053407755514,False,844.0,423.0,420.0,y_original,example_id,,0.26312811700977196,1.0,1.0,0.8194444444444444,0.04843304843304843
retraining_reselection,original,singleton_weak,audited,dependency_primary,3141,compact_to_qwen,selective_deployable,0.10,0.1,,,420,71,349,19,52,14,335,0.2676056338028169,0.04011461318051576,0.5757575757575758,0.06200219374162649,347,14,0.040345821325648415,0.06235543281596552,False,844.0,423.0,420.0,y_original,example_id,0.33112623144215303,0.16874144387605094,0.1016548463356974,0.14047619047619048,0.2638888888888889,0.04843304843304843
retraining_reselection,original,singleton_weak,audited,dependency_primary,3141,compact_to_qwen,selective_deployable,0.25,0.25,,,420,71,349,28,43,20,329,0.39436619718309857,0.05730659025787966,0.5833333333333334,0.08218591616153102,347,20,0.05763688760806916,0.08265328077456838,False,844.0,423.0,420.0,y_original,example_id,0.33155445874675654,0.1684287176796594,0.25059101654846333,0.30714285714285716,0.4444444444444444,0.042735042735042736
retraining_reselection,original,singleton_weak,audited,dependency_primary,3141,compact_to_qwen,selective_deployable,0.50,0.5,,,420,71,349,47,24,21,328,0.6619718309859155,0.06017191977077364,0.6911764705882353,0.08549556272192184,347,21,0.06051873198847262,0.08598160936447057,False,844.0,423.0,420.0,y_original,example_id,0.3317471822616508,0.16825165494198718,0.5011820330969267,0.5357142857142857,0.6666666666666666,0.037037037037037035
retraining_reselection,original,singleton_weak,audited,dependency_primary,3141,rule_compact_to_qwen,cheap_only,anchor,,,,420,71,349,10,61,6,343,0.14084507042253522,0.017191977077363897,0.625,0.03364884405080613,347,6,0.01729106628242075,0.03384114484604091,True,844.0,423.0,420.0,y_original,example_id,,0.40808624177092206,0.0,0.0,0.1111111111111111,0.037037037037037035
retraining_reselection,original,singleton_weak,audited,dependency_primary,3141,rule_compact_to_qwen,full_information,anchor,,,,420,71,349,62,9,23,326,0.8732394366197183,0.0659025787965616,0.7294117647058823,0.0920773606800653,347,23,0.06628242074927954,0.09260053407755514,False,844.0,423.0,420.0,y_original,example_id,,0.23009063339296743,1.0,1.0,0.8194444444444444,0.04843304843304843
retraining_reselection,original,singleton_weak,audited,dependency_primary,3141,rule_compact_to_qwen,selective_deployable,0.10,0.1,,,420,71,349,21,50,16,333,0.29577464788732394,0.045845272206303724,0.5675675675675675,0.0688005183497085,347,16,0.04610951008645533,0.06919223556730196,False,844.0,423.0,420.0,y_original,example_id,0.1797766354318588,0.2603871182652642,0.1016548463356974,0.09047619047619047,0.25,0.042735042735042736
retraining_reselection,original,singleton_weak,audited,dependency_primary,3141,rule_compact_to_qwen,selective_deployable,0.25,0.25,,,420,71,349,34,37,15,334,0.4788732394366197,0.04297994269340974,0.6938775510204082,0.06541143768987555,347,15,0.043227665706051875,0.06578397786941731,False,844.0,423.0,420.0,y_original,example_id,0.31314186831644314,0.1778297543201559,0.25059101654846333,0.28095238095238095,0.4166666666666667,0.02564102564102564
retraining_reselection,original,singleton_weak,audited,dependency_primary,3141,rule_compact_to_qwen,selective_deployable,0.50,0.5,,,420,71,349,47,24,19,330,0.6619718309859155,0.054441260744985676,0.7121212121212122,0.07886263986355725,347,19,0.05475504322766571,0.07931123669358123,False,844.0,423.0,420.0,y_original,example_id,0.3904395399230173,0.10949162034888071,0.5011820330969267,0.5047619047619047,0.6111111111111112,0.04843304843304843
retraining_reselection,audited,dependency_primary,audited,dependency_primary,5772,rule_to_compact,cheap_only,anchor,,,,420,71,349,14,57,25,324,0.19718309859154928,0.07163323782234957,0.358974358974359,0.09861396086651453,347,25,0.07204610951008646,0.09917397283798585,False,839.0,428.0,420.0,y,primary_dependency_group,,0.318091825412164,0.0,0.0,0.21518987341772153,0.04871060171919771
retraining_reselection,audited,dependency_primary,audited,dependency_primary,5772,rule_to_compact,full_information,anchor,,,,420,71,349,12,59,22,327,0.16901408450704225,0.06303724928366762,0.35294117647058826,0.08879245157053443,347,22,0.06340057636887608,0.08929709961567887,False,839.0,428.0,420.0,y,primary_dependency_group,,0.3431685897955689,1.0,1.0,0.21518987341772153,0.04871060171919771
retraining_reselection,audited,dependency_primary,audited,dependency_primary,5772,rule_to_compact,selective_deployable,0.10,0.1,,,420,71,349,11,60,24,325,0.15492957746478872,0.06876790830945559,0.3142857142857143,0.09535098763963369,347,24,0.069164265129683,0.09589261444550476,False,839.0,428.0,420.0,y,primary_dependency_group,0.2025008426663059,0.3225626536313417,0.10046728971962617,0.10714285714285714,0.21518987341772153,0.04871060171919771
retraining_reselection,audited,dependency_primary,audited,dependency_primary,5772,rule_to_compact,selective_deployable,0.25,0.25,,,420,71,349,12,59,22,327,0.16901408450704225,0.06303724928366762,0.35294117647058826,0.08879245157053443,347,22,0.06340057636887608,0.08929709961567887,False,839.0,428.0,420.0,y,primary_dependency_group,0.3202884140762562,0.3431685897955689,0.2546728971962617,0.24285714285714285,0.21518987341772153,0.04871060171919771
retraining_reselection,audited,dependency_primary,audited,dependency_primary,5772,rule_to_compact,selective_deployable,0.50,0.5,,,420,71,349,12,59,22,327,0.16901408450704225,0.06303724928366762,0.35294117647058826,0.08879245157053443,347,22,0.06340057636887608,0.08929709961567887,False,839.0,428.0,420.0,y,primary_dependency_group,0.3913225370978913,0.3431685897955689,1.0,1.0,0.21518987341772153,0.04871060171919771
retraining_reselection,audited,dependency_primary,audited,dependency_primary,5772,compact_to_qwen,cheap_only,anchor,,,,420,71,349,11,60,15,334,0.15492957746478872,0.04297994269340974,0.4230769230769231,0.06541143768987555,347,15,0.043227665706051875,0.06578397786941731,False,839.0,428.0,420.0,y,primary_dependency_group,,0.1674285062672326,0.0,0.0,0.11392405063291139,0.04871060171919771
retraining_reselection,audited,dependency_primary,audited,dependency_primary,5772,compact_to_qwen,full_information,anchor,,,,420,71,349,64,7,15,334,0.9014084507042254,0.04297994269340974,0.810126582278481,0.06541143768987555,347,15,0.043227665706051875,0.06578397786941731,False,839.0,428.0,420.0,y,primary_dependency_group,,0.2751495073304891,1.0,1.0,0.8227848101265823,0.04871060171919771
retraining_reselection,audited,dependency_primary,audited,dependency_primary,5772,compact_to_qwen,selective_deployable,0.10,0.1,,,420,71,349,16,55,13,336,0.22535211267605634,0.03724928366762178,0.5517241379310345,0.05857079629240329,347,13,0.037463976945244955,0.05890459855125166,False,839.0,428.0,420.0,y,primary_dependency_group,0.33328591592335055,0.16643551781702914,0.10046728971962617,0.08571428571428572,0.16455696202531644,0.045845272206303724
retraining_reselection,audited,dependency_primary,audited,dependency_primary,5772,compact_to_qwen,selective_deployable,0.25,0.25,,,420,71,349,33,38,10,339,0.4647887323943662,0.02865329512893983,0.7674418604651163,0.04811762364973175,347,10,0.02881844380403458,0.048392148986166235,True,839.0,428.0,420.0,y,primary_dependency_group,0.3340366895634802,0.16594334324914597,0.25,0.2261904761904762,0.22784810126582278,0.045845272206303724
retraining_reselection,audited,dependency_primary,audited,dependency_primary,5772,compact_to_qwen,selective_deployable,0.50,0.5,,,420,71,349,53,18,13,336,0.7464788732394366,0.03724928366762178,0.803030303030303,0.05857079629240329,347,13,0.037463976945244955,0.05890459855125166,False,839.0,428.0,420.0,y,primary_dependency_group,0.3343199983097556,0.27514304791189703,0.5,0.5285714285714286,0.4936708860759494,0.04011461318051576
retraining_reselection,audited,dependency_primary,audited,dependency_primary,5772,rule_compact_to_qwen,cheap_only,anchor,,,,420,71,349,12,59,22,327,0.16901408450704225,0.06303724928366762,0.35294117647058826,0.08879245157053443,347,22,0.06340057636887608,0.08929709961567887,False,839.0,428.0,420.0,y,primary_dependency_group,,0.3431685897955689,0.0,0.0,0.21518987341772153,0.04871060171919771
retraining_reselection,audited,dependency_primary,audited,dependency_primary,5772,rule_compact_to_qwen,full_information,anchor,,,,420,71,349,64,7,13,336,0.9014084507042254,0.03724928366762178,0.8311688311688312,0.05857079629240329,347,13,0.037463976945244955,0.05890459855125166,False,839.0,428.0,420.0,y,primary_dependency_group,,0.22906016273714047,1.0,1.0,0.8354430379746836,0.045845272206303724
retraining_reselection,audited,dependency_primary,audited,dependency_primary,5772,rule_compact_to_qwen,selective_deployable,0.10,0.1,,,420,71,349,19,52,12,337,0.2676056338028169,0.034383954154727794,0.6129032258064516,0.05511488840986523,347,12,0.0345821325648415,0.0554291043677078,False,839.0,428.0,420.0,y,primary_dependency_group,0.20044028371862216,0.2557414015506896,0.10046728971962617,0.11190476190476191,0.3670886075949367,0.04011461318051576
retraining_reselection,audited,dependency_primary,audited,dependency_primary,5772,rule_compact_to_qwen,selective_deployable,0.25,0.25,,,420,71,349,32,39,5,344,0.4507042253521127,0.014326647564469915,0.8648648648648649,0.029885886041099187,347,5,0.01440922190201729,0.03005676556796143,True,839.0,428.0,420.0,y,primary_dependency_group,0.31787349470774473,0.3199479720198775,0.25,0.24285714285714285,0.4810126582278481,0.02005730659025788
retraining_reselection,audited,dependency_primary,audited,dependency_primary,5772,rule_compact_to_qwen,selective_deployable,0.50,0.5,,,420,71,349,50,21,12,337,0.704225352112676,0.034383954154727794,0.8064516129032258,0.05511488840986523,347,12,0.0345821325648415,0.0554291043677078,False,839.0,428.0,420.0,y,primary_dependency_group,0.39301788538486515,0.22906016273714047,0.5,0.5285714285714286,0.6075949367088608,0.03724928366762178
retraining_reselection,audited,singleton_weak,audited,dependency_primary,5772,rule_to_compact,cheap_only,anchor,,,,420,71,349,10,61,21,328,0.14084507042253522,0.06017191977077364,0.3225806451612903,0.08549556272192184,347,21,0.06051873198847262,0.08598160936447057,False,844.0,423.0,420.0,y,example_id,,0.35007271945777474,0.0,0.0,0.22972972972972974,0.045845272206303724
retraining_reselection,audited,singleton_weak,audited,dependency_primary,5772,rule_to_compact,full_information,anchor,,,,420,71,349,11,60,22,327,0.15492957746478872,0.06303724928366762,0.3333333333333333,0.08879245157053443,347,22,0.06340057636887608,0.08929709961567887,False,844.0,423.0,420.0,y,example_id,,0.3484584054762616,1.0,1.0,0.24324324324324326,0.045845272206303724
retraining_reselection,audited,singleton_weak,audited,dependency_primary,5772,rule_to_compact,selective_deployable,0.10,0.1,,,420,71,349,10,61,21,328,0.14084507042253522,0.06017191977077364,0.3225806451612903,0.08549556272192184,347,21,0.06051873198847262,0.08598160936447057,False,844.0,423.0,420.0,y,example_id,0.18623073199036283,0.3484584054762616,0.1016548463356974,0.09761904761904762,0.22972972972972974,0.045845272206303724
retraining_reselection,audited,singleton_weak,audited,dependency_primary,5772,rule_to_compact,selective_deployable,0.25,0.25,,,420,71,349,10,61,21,328,0.14084507042253522,0.06017191977077364,0.3225806451612903,0.08549556272192184,347,21,0.06051873198847262,0.08598160936447057,False,844.0,423.0,420.0,y,example_id,0.2950253689950206,0.3484584054762616,0.25059101654846333,0.21428571428571427,0.24324324324324326,0.045845272206303724
retraining_reselection,audited,singleton_weak,audited,dependency_primary,5772,rule_to_compact,selective_deployable,0.50,0.5,,,420,71,349,11,60,22,327,0.15492957746478872,0.06303724928366762,0.3333333333333333,0.08879245157053443,347,22,0.06340057636887608,0.08929709961567887,False,844.0,423.0,420.0,y,example_id,0.3813789907467579,0.3484584054762616,1.0,1.0,0.24324324324324326,0.045845272206303724
retraining_reselection,audited,singleton_weak,audited,dependency_primary,5772,compact_to_qwen,cheap_only,anchor,,,,420,71,349,11,60,15,334,0.15492957746478872,0.04297994269340974,0.4230769230769231,0.06541143768987555,347,15,0.043227665706051875,0.06578397786941731,False,844.0,423.0,420.0,y,example_id,,0.17205116851988933,0.0,0.0,0.17567567567567569,0.04871060171919771
retraining_reselection,audited,singleton_weak,audited,dependency_primary,5772,compact_to_qwen,full_information,anchor,,,,420,71,349,64,7,16,333,0.9014084507042254,0.045845272206303724,0.8,0.0688005183497085,347,16,0.04610951008645533,0.06919223556730196,False,844.0,423.0,420.0,y,example_id,,0.2768937170364876,1.0,1.0,0.8648648648648649,0.045845272206303724
retraining_reselection,audited,singleton_weak,audited,dependency_primary,5772,compact_to_qwen,selective_deployable,0.10,0.1,,,420,71,349,20,51,16,333,0.28169014084507044,0.045845272206303724,0.5555555555555556,0.0688005183497085,347,16,0.04610951008645533,0.06919223556730196,False,844.0,423.0,420.0,y,example_id,0.3285468519252026,0.171112469007096,0.1016548463356974,0.08571428571428572,0.2702702702702703,0.03151862464183381
retraining_reselection,audited,singleton_weak,audited,dependency_primary,5772,compact_to_qwen,selective_deployable,0.25,0.25,,,420,71,349,34,37,18,331,0.4788732394366197,0.05157593123209169,0.6538461538461539,0.07552475092839267,347,18,0.05187319884726225,0.07595448844757033,False,844.0,423.0,420.0,y,example_id,0.3292559853583603,0.17071194868529532,0.25059101654846333,0.23809523809523808,0.4189189189189189,0.045845272206303724
retraining_reselection,audited,singleton_weak,audited,dependency_primary,5772,compact_to_qwen,selective_deployable,0.50,0.5,,,420,71,349,52,19,13,336,0.7323943661971831,0.03724928366762178,0.8,0.05857079629240329,347,13,0.037463976945244955,0.05890459855125166,False,844.0,423.0,420.0,y,example_id,0.3294881978976254,0.17051086264197385,0.5011820330969267,0.5190476190476191,0.5945945945945946,0.04297994269340974
retraining_reselection,audited,singleton_weak,audited,dependency_primary,5772,rule_compact_to_qwen,cheap_only,anchor,,,,420,71,349,11,60,22,327,0.15492957746478872,0.06303724928366762,0.3333333333333333,0.08879245157053443,347,22,0.06340057636887608,0.08929709961567887,False,844.0,423.0,420.0,y,example_id,,0.3484584054762616,0.0,0.0,0.24324324324324326,0.045845272206303724
retraining_reselection,audited,singleton_weak,audited,dependency_primary,5772,rule_compact_to_qwen,full_information,anchor,,,,420,71,349,65,6,17,332,0.9154929577464789,0.04871060171919771,0.7926829268292683,0.0721711346734761,347,17,0.04899135446685879,0.0725819148103667,False,844.0,423.0,420.0,y,example_id,,0.22535654780052597,1.0,1.0,0.8783783783783784,0.045845272206303724
retraining_reselection,audited,singleton_weak,audited,dependency_primary,5772,rule_compact_to_qwen,selective_deployable,0.10,0.1,,,420,71,349,20,51,16,333,0.28169014084507044,0.045845272206303724,0.5555555555555556,0.0688005183497085,347,16,0.04610951008645533,0.06919223556730196,False,844.0,423.0,420.0,y,example_id,0.18691264964199233,0.2586419513235291,0.1016548463356974,0.09523809523809523,0.3918918918918919,0.04297994269340974
retraining_reselection,audited,singleton_weak,audited,dependency_primary,5772,rule_compact_to_qwen,selective_deployable,0.25,0.25,,,420,71,349,33,38,16,333,0.4647887323943662,0.045845272206303724,0.673469387755102,0.0688005183497085,347,16,0.04610951008645533,0.06919223556730196,False,844.0,423.0,420.0,y,example_id,0.29223505348506307,0.18469627634126562,0.25059101654846333,0.21666666666666667,0.5135135135135135,0.04011461318051576
retraining_reselection,audited,singleton_weak,audited,dependency_primary,5772,rule_compact_to_qwen,selective_deployable,0.50,0.5,,,420,71,349,52,19,13,336,0.7323943661971831,0.03724928366762178,0.8,0.05857079629240329,347,13,0.037463976945244955,0.05890459855125166,False,844.0,423.0,420.0,y,example_id,0.38367953406368316,0.22061098902309798,0.5011820330969267,0.5404761904761904,0.6756756756756757,0.034383954154727794
retraining_reselection,original,dependency_primary,audited,dependency_primary,5772,rule_to_compact,cheap_only,anchor,,,,420,71,349,8,63,17,332,0.11267605633802817,0.04871060171919771,0.32,0.0721711346734761,347,17,0.04899135446685879,0.0725819148103667,False,841.0,426.0,420.0,y_original,primary_dependency_group,,0.3610298220551419,0.0,0.0,0.15789473684210525,0.045714285714285714
retraining_reselection,original,dependency_primary,audited,dependency_primary,5772,rule_to_compact,full_information,anchor,,,,420,71,349,9,62,17,332,0.1267605633802817,0.04871060171919771,0.34615384615384615,0.0721711346734761,347,17,0.04899135446685879,0.0725819148103667,False,841.0,426.0,420.0,y_original,primary_dependency_group,,0.3578795515261743,1.0,1.0,0.17105263157894737,0.04857142857142857
retraining_reselection,original,dependency_primary,audited,dependency_primary,5772,rule_to_compact,selective_deployable,0.10,0.1,,,420,71,349,8,63,17,332,0.11267605633802817,0.04871060171919771,0.32,0.0721711346734761,347,17,0.04899135446685879,0.0725819148103667,False,841.0,426.0,420.0,y_original,primary_dependency_group,0.21419306012069877,0.3578795515261743,0.10093896713615023,0.10714285714285714,0.17105263157894737,0.045714285714285714
retraining_reselection,original,dependency_primary,audited,dependency_primary,5772,rule_to_compact,selective_deployable,0.25,0.25,,,420,71,349,9,62,17,332,0.1267605633802817,0.04871060171919771,0.34615384615384615,0.0721711346734761,347,17,0.04899135446685879,0.0725819148103667,False,841.0,426.0,420.0,y_original,primary_dependency_group,0.3205593398632902,0.3578795515261743,0.2535211267605634,0.24285714285714285,0.17105263157894737,0.04857142857142857
retraining_reselection,original,dependency_primary,audited,dependency_primary,5772,rule_to_compact,selective_deployable,0.50,0.5,,,420,71,349,9,62,17,332,0.1267605633802817,0.04871060171919771,0.34615384615384615,0.0721711346734761,347,17,0.04899135446685879,0.0725819148103667,False,841.0,426.0,420.0,y_original,primary_dependency_group,0.3867000330527049,0.3578795515261743,1.0,1.0,0.17105263157894737,0.04857142857142857
retraining_reselection,original,dependency_primary,audited,dependency_primary,5772,compact_to_qwen,cheap_only,anchor,,,,420,71,349,11,60,15,334,0.15492957746478872,0.04297994269340974,0.4230769230769231,0.06541143768987555,347,15,0.043227665706051875,0.06578397786941731,False,841.0,426.0,420.0,y_original,primary_dependency_group,,0.1670290453635963,0.0,0.0,0.11842105263157894,0.04857142857142857
retraining_reselection,original,dependency_primary,audited,dependency_primary,5772,compact_to_qwen,full_information,anchor,,,,420,71,349,63,8,11,338,0.8873239436619719,0.03151862464183381,0.8513513513513513,0.05163164376229004,347,11,0.03170028818443804,0.05192610743152733,False,841.0,426.0,420.0,y_original,primary_dependency_group,,0.7963924614567555,1.0,1.0,0.7763157894736842,0.04
retraining_reselection,original,dependency_primary,audited,dependency_primary,5772,compact_to_qwen,selective_deployable,0.10,0.1,,,420,71,349,16,55,13,336,0.22535211267605634,0.03724928366762178,0.5517241379310345,0.05857079629240329,347,13,0.037463976945244955,0.05890459855125166,False,841.0,426.0,420.0,y_original,primary_dependency_group,0.3336885277344855,0.1660316824408977,0.10093896713615023,0.08571428571428572,0.17105263157894737,0.045714285714285714
retraining_reselection,original,dependency_primary,audited,dependency_primary,5772,compact_to_qwen,selective_deployable,0.25,0.25,,,420,71,349,33,38,10,339,0.4647887323943662,0.02865329512893983,0.7674418604651163,0.04811762364973175,347,10,0.02881844380403458,0.048392148986166235,True,841.0,426.0,420.0,y_original,primary_dependency_group,0.3344425925703197,0.1655373529929471,0.2511737089201878,0.2261904761904762,0.23684210526315788,0.045714285714285714
retraining_reselection,original,dependency_primary,audited,dependency_primary,5772,compact_to_qwen,selective_deployable,0.50,0.5,,,420,71,349,53,18,13,336,0.7464788732394366,0.03724928366762178,0.803030303030303,0.05857079629240329,347,13,0.037463976945244955,0.05890459855125166,False,841.0,426.0,420.0,y_original,primary_dependency_group,0.33472687212195307,0.2743881581409622,0.5,0.5285714285714286,0.5131578947368421,0.04
retraining_reselection,original,dependency_primary,audited,dependency_primary,5772,rule_compact_to_qwen,cheap_only,anchor,,,,420,71,349,9,62,17,332,0.1267605633802817,0.04871060171919771,0.34615384615384615,0.0721711346734761,347,17,0.04899135446685879,0.0725819148103667,False,841.0,426.0,420.0,y_original,primary_dependency_group,,0.3578795515261743,0.0,0.0,0.17105263157894737,0.04857142857142857
retraining_reselection,original,dependency_primary,audited,dependency_primary,5772,rule_compact_to_qwen,full_information,anchor,,,,420,71,349,63,8,11,338,0.8873239436619719,0.03151862464183381,0.8513513513513513,0.05163164376229004,347,11,0.03170028818443804,0.05192610743152733,False,841.0,426.0,420.0,y_original,primary_dependency_group,,0.40884034784876533,1.0,1.0,0.7894736842105263,0.04285714285714286
retraining_reselection,original,dependency_primary,audited,dependency_primary,5772,rule_compact_to_qwen,selective_deployable,0.10,0.1,,,420,71,349,20,51,12,337,0.28169014084507044,0.034383954154727794,0.625,0.05511488840986523,347,12,0.0345821325648415,0.0554291043677078,False,841.0,426.0,420.0,y_original,primary_dependency_group,0.21258180158373075,0.2481505162010279,0.10093896713615023,0.11190476190476191,0.3684210526315789,0.045714285714285714
retraining_reselection,original,dependency_primary,audited,dependency_primary,5772,rule_compact_to_qwen,selective_deployable,0.25,0.25,,,420,71,349,33,38,6,343,0.4647887323943662,0.017191977077363897,0.8461538461538461,0.03364884405080613,347,6,0.01729106628242075,0.03384114484604091,True,841.0,426.0,420.0,y_original,primary_dependency_group,0.32016274068283146,0.30841597737062193,0.2511737089201878,0.24761904761904763,0.47368421052631576,0.025714285714285714
retraining_reselection,original,dependency_primary,audited,dependency_primary,5772,rule_compact_to_qwen,selective_deployable,0.50,0.5,,,420,71,349,50,21,12,337,0.704225352112676,0.034383954154727794,0.8064516129032258,0.05511488840986523,347,12,0.0345821325648415,0.0554291043677078,False,841.0,426.0,420.0,y_original,primary_dependency_group,0.38841015911775256,0.24002421092465095,0.5,0.5285714285714286,0.6052631578947368,0.04285714285714286
retraining_reselection,original,singleton_weak,audited,dependency_primary,5772,rule_to_compact,cheap_only,anchor,,,,420,71,349,9,62,19,330,0.1267605633802817,0.054441260744985676,0.32142857142857145,0.07886263986355725,347,19,0.05475504322766571,0.07931123669358123,False,844.0,423.0,420.0,y_original,example_id,,0.35439939374893314,0.0,0.0,0.1780821917808219,0.04857142857142857
retraining_reselection,original,singleton_weak,audited,dependency_primary,5772,rule_to_compact,full_information,anchor,,,,420,71,349,10,61,20,329,0.14084507042253522,0.05730659025787966,0.3333333333333333,0.08218591616153102,347,20,0.05763688760806916,0.08265328077456838,False,844.0,423.0,420.0,y_original,example_id,,0.3517614559422723,1.0,1.0,0.2054794520547945,0.04857142857142857
retraining_reselection,original,singleton_weak,audited,dependency_primary,5772,rule_to_compact,selective_deployable,0.10,0.1,,,420,71,349,9,62,19,330,0.1267605633802817,0.054441260744985676,0.32142857142857145,0.07886263986355725,347,19,0.05475504322766571,0.07931123669358123,False,844.0,423.0,420.0,y_original,example_id,0.18564018337418298,0.3517614559422723,0.10401891252955082,0.08571428571428572,0.1917808219178082,0.04857142857142857
retraining_reselection,original,singleton_weak,audited,dependency_primary,5772,rule_to_compact,selective_deployable,0.25,0.25,,,420,71,349,9,62,19,330,0.1267605633802817,0.054441260744985676,0.32142857142857145,0.07886263986355725,347,19,0.05475504322766571,0.07931123669358123,False,844.0,423.0,420.0,y_original,example_id,0.29440386521662176,0.3517614559422723,0.25059101654846333,0.19285714285714287,0.2054794520547945,0.04857142857142857
retraining_reselection,original,singleton_weak,audited,dependency_primary,5772,rule_to_compact,selective_deployable,0.50,0.5,,,420,71,349,10,61,20,329,0.14084507042253522,0.05730659025787966,0.3333333333333333,0.08218591616153102,347,20,0.05763688760806916,0.08265328077456838,False,844.0,423.0,420.0,y_original,example_id,0.37989730732954147,0.3517614559422723,1.0,1.0,0.2054794520547945,0.04857142857142857
retraining_reselection,original,singleton_weak,audited,dependency_primary,5772,compact_to_qwen,cheap_only,anchor,,,,420,71,349,11,60,15,334,0.15492957746478872,0.04297994269340974,0.4230769230769231,0.06541143768987555,347,15,0.043227665706051875,0.06578397786941731,False,844.0,423.0,420.0,y_original,example_id,,0.1695058431522704,0.0,0.0,0.2054794520547945,0.04857142857142857
retraining_reselection,original,singleton_weak,audited,dependency_primary,5772,compact_to_qwen,full_information,anchor,,,,420,71,349,65,6,18,331,0.9154929577464789,0.05157593123209169,0.7831325301204819,0.07552475092839267,347,18,0.05187319884726225,0.07595448844757033,False,844.0,423.0,420.0,y_original,example_id,,0.2568589673776693,1.0,1.0,0.8904109589041096,0.04857142857142857
retraining_reselection,original,singleton_weak,audited,dependency_primary,5772,compact_to_qwen,selective_deployable,0.10,0.1,,,420,71,349,20,51,17,332,0.28169014084507044,0.04871060171919771,0.5405405405405406,0.0721711346734761,347,17,0.04899135446685879,0.0725819148103667,False,844.0,423.0,420.0,y_original,example_id,0.33098084266595995,0.16855306310760987,0.1016548463356974,0.08095238095238096,0.3013698630136986,0.03428571428571429
retraining_reselection,original,singleton_weak,audited,dependency_primary,5772,compact_to_qwen,selective_deployable,0.25,0.25,,,420,71,349,34,37,19,330,0.4788732394366197,0.054441260744985676,0.6415094339622641,0.07886263986355725,347,19,0.05475504322766571,0.07931123669358123,False,844.0,423.0,420.0,y_original,example_id,0.33182269047849633,0.1681345300315764,0.25059101654846333,0.2357142857142857,0.4520547945205479,0.04857142857142857
retraining_reselection,original,singleton_weak,audited,dependency_primary,5772,compact_to_qwen,selective_deployable,0.50,0.5,,,420,71,349,52,19,15,334,0.7323943661971831,0.04297994269340974,0.7761194029850746,0.06541143768987555,347,15,0.043227665706051875,0.06578397786941731,False,844.0,423.0,420.0,y_original,example_id,0.3320725375275171,0.16792441983806822,0.5011820330969267,0.5142857142857142,0.6438356164383562,0.03428571428571429
retraining_reselection,original,singleton_weak,audited,dependency_primary,5772,rule_compact_to_qwen,cheap_only,anchor,,,,420,71,349,10,61,20,329,0.14084507042253522,0.05730659025787966,0.3333333333333333,0.08218591616153102,347,20,0.05763688760806916,0.08265328077456838,False,844.0,423.0,420.0,y_original,example_id,,0.3517614559422723,0.0,0.0,0.2054794520547945,0.04857142857142857
retraining_reselection,original,singleton_weak,audited,dependency_primary,5772,rule_compact_to_qwen,full_information,anchor,,,,420,71,349,65,6,16,333,0.9154929577464789,0.045845272206303724,0.8024691358024691,0.0688005183497085,347,16,0.04610951008645533,0.06919223556730196,False,844.0,423.0,420.0,y_original,example_id,,0.2311971548288274,1.0,1.0,0.8904109589041096,0.04857142857142857
retraining_reselection,original,singleton_weak,audited,dependency_primary,5772,rule_compact_to_qwen,selective_deployable,0.10,0.1,,,420,71,349,20,51,19,330,0.28169014084507044,0.054441260744985676,0.5128205128205128,0.07886263986355725,347,19,0.05475504322766571,0.07931123669358123,False,844.0,423.0,420.0,y_original,example_id,0.1801102824807696,0.2534924808395301,0.1016548463356974,0.08333333333333333,0.3561643835616438,0.04857142857142857
retraining_reselection,original,singleton_weak,audited,dependency_primary,5772,rule_compact_to_qwen,selective_deployable,0.25,0.25,,,420,71,349,33,38,16,333,0.4647887323943662,0.045845272206303724,0.673469387755102,0.0688005183497085,347,16,0.04610951008645533,0.06919223556730196,False,844.0,423.0,420.0,y_original,example_id,0.29221880160595903,0.18367966472217243,0.25059101654846333,0.2119047619047619,0.4931506849315068,0.04285714285714286
retraining_reselection,original,singleton_weak,audited,dependency_primary,5772,rule_compact_to_qwen,selective_deployable,0.50,0.5,,,420,71,349,50,21,21,328,0.704225352112676,0.06017191977077364,0.704225352112676,0.08549556272192184,347,21,0.06051873198847262,0.08598160936447057,False,844.0,423.0,420.0,y_original,example_id,0.38218632717757267,0.11769171758417638,0.5011820330969267,0.5047619047619047,0.6712328767123288,0.04285714285714286
retraining_reselection,audited,dependency_primary,audited,dependency_primary,8111,rule_to_compact,cheap_only,anchor,,,,420,71,349,14,57,18,331,0.19718309859154928,0.05157593123209169,0.4375,0.07552475092839267,347,18,0.05187319884726225,0.07595448844757033,False,839.0,428.0,420.0,y,primary_dependency_group,,0.33924470001597506,0.0,0.0,0.20253164556962025,0.04871060171919771
retraining_reselection,audited,dependency_primary,audited,dependency_primary,8111,rule_to_compact,full_information,anchor,,,,420,71,349,14,57,20,329,0.19718309859154928,0.05730659025787966,0.4117647058823529,0.08218591616153102,347,20,0.05763688760806916,0.08265328077456838,False,839.0,428.0,420.0,y,primary_dependency_group,,0.33284660228749724,1.0,1.0,0.21518987341772153,0.04871060171919771
retraining_reselection,audited,dependency_primary,audited,dependency_primary,8111,rule_to_compact,selective_deployable,0.10,0.1,,,420,71,349,14,57,18,331,0.19718309859154928,0.05157593123209169,0.4375,0.07552475092839267,347,18,0.05187319884726225,0.07595448844757033,False,839.0,428.0,420.0,y,primary_dependency_group,0.18817507029677227,0.33284660228749724,0.10046728971962617,0.08333333333333333,0.20253164556962025,0.04871060171919771
retraining_reselection,audited,dependency_primary,audited,dependency_primary,8111,rule_to_compact,selective_deployable,0.25,0.25,,,420,71,349,14,57,18,331,0.19718309859154928,0.05157593123209169,0.4375,0.07552475092839267,347,18,0.05187319884726225,0.07595448844757033,False,839.0,428.0,420.0,y,primary_dependency_group,0.3158765877876971,0.33284660228749724,0.25,0.20476190476190476,0.20253164556962025,0.04871060171919771
retraining_reselection,audited,dependency_primary,audited,dependency_primary,8111,rule_to_compact,selective_deployable,0.50,0.5,,,420,71,349,14,57,20,329,0.19718309859154928,0.05730659025787966,0.4117647058823529,0.08218591616153102,347,20,0.05763688760806916,0.08265328077456838,False,839.0,428.0,420.0,y,primary_dependency_group,0.39098167707443626,0.33284660228749724,1.0,1.0,0.21518987341772153,0.04871060171919771
retraining_reselection,audited,dependency_primary,audited,dependency_primary,8111,compact_to_qwen,cheap_only,anchor,,,,420,71,349,8,63,20,329,0.11267605633802817,0.05730659025787966,0.2857142857142857,0.08218591616153102,347,20,0.05763688760806916,0.08265328077456838,False,839.0,428.0,420.0,y,primary_dependency_group,,0.1657036155583334,0.0,0.0,0.21518987341772153,0.04871060171919771
retraining_reselection,audited,dependency_primary,audited,dependency_primary,8111,compact_to_qwen,full_information,anchor,,,,420,71,349,63,8,23,326,0.8873239436619719,0.0659025787965616,0.7325581395348837,0.0920773606800653,347,23,0.06628242074927954,0.09260053407755514,False,839.0,428.0,420.0,y,primary_dependency_group,,0.2653214448768806,1.0,1.0,0.9240506329113924,0.04011461318051576
retraining_reselection,audited,dependency_primary,audited,dependency_primary,8111,compact_to_qwen,selective_deployable,0.10,0.1,,,420,71,349,12,59,19,330,0.16901408450704225,0.054441260744985676,0.3870967741935484,0.07886263986355725,347,19,0.05475504322766571,0.07931123669358123,False,839.0,428.0,420.0,y,primary_dependency_group,0.3352250266206068,0.16430742317934705,0.10046728971962617,0.10476190476190476,0.27848101265822783,0.02865329512893983
retraining_reselection,audited,dependency_primary,audited,dependency_primary,8111,compact_to_qwen,selective_deployable,0.25,0.25,,,420,71,349,27,44,24,325,0.38028169014084506,0.06876790830945559,0.5294117647058824,0.09535098763963369,347,24,0.069164265129683,0.09589261444550476,False,839.0,428.0,420.0,y,primary_dependency_group,0.3362673722131938,0.16364731233855384,0.25,0.24523809523809523,0.35443037974683544,0.045845272206303724
retraining_reselection,audited,dependency_primary,audited,dependency_primary,8111,compact_to_qwen,selective_deployable,0.50,0.5,,,420,71,349,52,19,20,329,0.7323943661971831,0.05730659025787966,0.7222222222222222,0.08218591616153102,347,20,0.05763688760806916,0.08265328077456838,False,839.0,428.0,420.0,y,primary_dependency_group,0.3366675520389344,0.16332952650863816,0.5,0.5357142857142857,0.5316455696202531,0.04011461318051576
retraining_reselection,audited,dependency_primary,audited,dependency_primary,8111,rule_compact_to_qwen,cheap_only,anchor,,,,420,71,349,14,57,20,329,0.19718309859154928,0.05730659025787966,0.4117647058823529,0.08218591616153102,347,20,0.05763688760806916,0.08265328077456838,False,839.0,428.0,420.0,y,primary_dependency_group,,0.33284660228749724,0.0,0.0,0.21518987341772153,0.04871060171919771
retraining_reselection,audited,dependency_primary,audited,dependency_primary,8111,rule_compact_to_qwen,full_information,anchor,,,,420,71,349,63,8,23,326,0.8873239436619719,0.0659025787965616,0.7325581395348837,0.0920773606800653,347,23,0.06628242074927954,0.09260053407755514,False,839.0,428.0,420.0,y,primary_dependency_group,,0.20561258821639147,1.0,1.0,0.9240506329113924,0.04011461318051576
retraining_reselection,audited,dependency_primary,audited,dependency_primary,8111,rule_compact_to_qwen,selective_deployable,0.10,0.1,,,420,71,349,21,50,15,334,0.29577464788732394,0.04297994269340974,0.5833333333333334,0.06541143768987555,347,15,0.043227665706051875,0.06578397786941731,False,839.0,428.0,420.0,y,primary_dependency_group,0.18754361474666276,0.24815901219652792,0.10046728971962617,0.08571428571428572,0.35443037974683544,0.045845272206303724
retraining_reselection,audited,dependency_primary,audited,dependency_primary,8111,rule_compact_to_qwen,selective_deployable,0.25,0.25,,,420,71,349,31,40,17,332,0.43661971830985913,0.04871060171919771,0.6458333333333334,0.0721711346734761,347,17,0.04899135446685879,0.0725819148103667,False,839.0,428.0,420.0,y,primary_dependency_group,0.30987069771804737,0.16669407552481783,0.25,0.20476190476190476,0.5189873417721519,0.04011461318051576
retraining_reselection,audited,dependency_primary,audited,dependency_primary,8111,rule_compact_to_qwen,selective_deployable,0.50,0.5,,,420,71,349,49,22,28,321,0.6901408450704225,0.08022922636103152,0.6363636363636364,0.10834438899688771,347,28,0.08069164265129683,0.10895917901725036,False,839.0,428.0,420.0,y,primary_dependency_group,0.3948510597158608,0.1049273454872495,0.5,0.4976190476190476,0.6835443037974683,0.04871060171919771
retraining_reselection,audited,singleton_weak,audited,dependency_primary,8111,rule_to_compact,cheap_only,anchor,,,,420,71,349,12,59,15,334,0.16901408450704225,0.04297994269340974,0.4444444444444444,0.06541143768987555,347,15,0.043227665706051875,0.06578397786941731,False,845.0,422.0,420.0,y,example_id,,0.39587903519155887,0.0,0.0,0.1917808219178082,0.04297994269340974
retraining_reselection,audited,singleton_weak,audited,dependency_primary,8111,rule_to_compact,full_information,anchor,,,,420,71,349,12,59,17,332,0.16901408450704225,0.04871060171919771,0.41379310344827586,0.0721711346734761,347,17,0.04899135446685879,0.0725819148103667,False,845.0,422.0,420.0,y,example_id,,0.3913336496087054,1.0,1.0,0.2054794520547945,0.04297994269340974
retraining_reselection,audited,singleton_weak,audited,dependency_primary,8111,rule_to_compact,selective_deployable,0.10,0.1,,,420,71,349,12,59,15,334,0.16901408450704225,0.04297994269340974,0.4444444444444444,0.06541143768987555,347,15,0.043227665706051875,0.06578397786941731,False,845.0,422.0,420.0,y,example_id,0.1600221336767228,0.3913336496087054,0.1018957345971564,0.08333333333333333,0.1917808219178082,0.03724928366762178
retraining_reselection,audited,singleton_weak,audited,dependency_primary,8111,rule_to_compact,selective_deployable,0.25,0.25,,,420,71,349,12,59,15,334,0.16901408450704225,0.04297994269340974,0.4444444444444444,0.06541143768987555,347,15,0.043227665706051875,0.06578397786941731,False,845.0,422.0,420.0,y,example_id,0.29259490572471225,0.3913336496087054,0.25355450236966826,0.19285714285714287,0.2054794520547945,0.04011461318051576
retraining_reselection,audited,singleton_weak,audited,dependency_primary,8111,rule_to_compact,selective_deployable,0.50,0.5,,,420,71,349,12,59,17,332,0.16901408450704225,0.04871060171919771,0.41379310344827586,0.0721711346734761,347,17,0.04899135446685879,0.0725819148103667,False,845.0,422.0,420.0,y,example_id,0.3866413033874102,0.3913336496087054,1.0,1.0,0.2054794520547945,0.04297994269340974
retraining_reselection,audited,singleton_weak,audited,dependency_primary,8111,compact_to_qwen,cheap_only,anchor,,,,420,71,349,5,66,13,336,0.07042253521126761,0.03724928366762178,0.2777777777777778,0.05857079629240329,347,13,0.037463976945244955,0.05890459855125166,False,845.0,422.0,420.0,y,example_id,,0.17471261045924907,0.0,0.0,0.1232876712328767,0.04297994269340974
retraining_reselection,audited,singleton_weak,audited,dependency_primary,8111,compact_to_qwen,full_information,anchor,,,,420,71,349,57,14,21,328,0.8028169014084507,0.06017191977077364,0.7307692307692307,0.08549556272192184,347,21,0.06051873198847262,0.08598160936447057,False,845.0,422.0,420.0,y,example_id,,0.27197425133753883,1.0,1.0,0.8904109589041096,0.04011461318051576
retraining_reselection,audited,singleton_weak,audited,dependency_primary,8111,compact_to_qwen,selective_deployable,0.10,0.1,,,420,71,349,13,58,27,322,0.18309859154929578,0.07736389684813753,0.325,0.10511016803183339,347,27,0.07780979827089338,0.10570675870055461,False,845.0,422.0,420.0,y,example_id,0.32860404208874744,0.17029500972623002,0.1018957345971564,0.08333333333333333,0.3013698630136986,0.045845272206303724
retraining_reselection,audited,singleton_weak,audited,dependency_primary,8111,compact_to_qwen,selective_deployable,0.25,0.25,,,420,71,349,28,43,18,331,0.39436619718309857,0.05157593123209169,0.6086956521739131,0.07552475092839267,347,18,0.05187319884726225,0.07595448844757033,False,845.0,422.0,420.0,y,example_id,0.33032368954724906,0.16964816776340522,0.25118483412322273,0.2761904761904762,0.4520547945205479,0.045845272206303724
retraining_reselection,audited,singleton_weak,audited,dependency_primary,8111,compact_to_qwen,selective_deployable,0.50,0.5,,,420,71,349,49,22,19,330,0.6901408450704225,0.054441260744985676,0.7205882352941176,0.07886263986355725,347,19,0.05475504322766571,0.07931123669358123,False,845.0,422.0,420.0,y,example_id,0.3306754486721854,0.27197425133753883,0.5,0.55,0.6438356164383562,0.03724928366762178
retraining_reselection,audited,singleton_weak,audited,dependency_primary,8111,rule_compact_to_qwen,cheap_only,anchor,,,,420,71,349,12,59,17,332,0.16901408450704225,0.04871060171919771,0.41379310344827586,0.0721711346734761,347,17,0.04899135446685879,0.0725819148103667,False,845.0,422.0,420.0,y,example_id,,0.3913336496087054,0.0,0.0,0.2054794520547945,0.04297994269340974
retraining_reselection,audited,singleton_weak,audited,dependency_primary,8111,rule_compact_to_qwen,full_information,anchor,,,,420,71,349,57,14,16,333,0.8028169014084507,0.045845272206303724,0.7808219178082192,0.0688005183497085,347,16,0.04610951008645533,0.06919223556730196,False,845.0,422.0,420.0,y,example_id,,0.2553012649736314,1.0,1.0,0.8904109589041096,0.03724928366762178
retraining_reselection,audited,singleton_weak,audited,dependency_primary,8111,rule_compact_to_qwen,selective_deployable,0.10,0.1,,,420,71,349,17,54,9,340,0.23943661971830985,0.025787965616045846,0.6538461538461539,0.04456857254031658,347,9,0.025936599423631124,0.044822948705678975,True,845.0,422.0,420.0,y,example_id,0.15134179439536516,0.2935361164479873,0.1018957345971564,0.08333333333333333,0.2876712328767123,0.04871060171919771
retraining_reselection,audited,singleton_weak,audited,dependency_primary,8111,rule_compact_to_qwen,selective_deployable,0.25,0.25,,,420,71,349,27,44,13,336,0.38028169014084506,0.03724928366762178,0.675,0.05857079629240329,347,13,0.037463976945244955,0.05890459855125166,False,845.0,422.0,420.0,y,example_id,0.2815192236137118,0.20159240100096165,0.25118483412322273,0.1761904761904762,0.4657534246575342,0.034383954154727794
retraining_reselection,audited,singleton_weak,audited,dependency_primary,8111,rule_compact_to_qwen,selective_deployable,0.50,0.5,,,420,71,349,44,27,11,338,0.6197183098591549,0.03151862464183381,0.8,0.05163164376229004,347,11,0.03170028818443804,0.05192610743152733,False,845.0,422.0,420.0,y,example_id,0.38923795141711376,0.2553012649736314,0.5,0.4666666666666667,0.6438356164383562,0.02865329512893983
retraining_reselection,original,dependency_primary,audited,dependency_primary,8111,rule_to_compact,cheap_only,anchor,,,,420,71,349,14,57,18,331,0.19718309859154928,0.05157593123209169,0.4375,0.07552475092839267,347,18,0.05187319884726225,0.07595448844757033,False,840.0,427.0,420.0,y_original,primary_dependency_group,,0.32526219546381513,0.0,0.0,0.17105263157894737,0.045584045584045586
retraining_reselection,original,dependency_primary,audited,dependency_primary,8111,rule_to_compact,full_information,anchor,,,,420,71,349,14,57,20,329,0.19718309859154928,0.05730659025787966,0.4117647058823529,0.08218591616153102,347,20,0.05763688760806916,0.08265328077456838,False,840.0,427.0,420.0,y_original,primary_dependency_group,,0.32108866648121603,1.0,1.0,0.18421052631578946,0.045584045584045586
retraining_reselection,original,dependency_primary,audited,dependency_primary,8111,rule_to_compact,selective_deployable,0.10,0.1,,,420,71,349,14,57,18,331,0.19718309859154928,0.05157593123209169,0.4375,0.07552475092839267,347,18,0.05187319884726225,0.07595448844757033,False,840.0,427.0,420.0,y_original,primary_dependency_group,0.2055592994402562,0.32108866648121603,0.10304449648711944,0.08333333333333333,0.17105263157894737,0.045584045584045586
retraining_reselection,original,dependency_primary,audited,dependency_primary,8111,rule_to_compact,selective_deployable,0.25,0.25,,,420,71,349,14,57,18,331,0.19718309859154928,0.05157593123209169,0.4375,0.07552475092839267,347,18,0.05187319884726225,0.07595448844757033,False,840.0,427.0,420.0,y_original,primary_dependency_group,0.32466940774325553,0.32108866648121603,0.2529274004683841,0.21428571428571427,0.18421052631578946,0.045584045584045586
retraining_reselection,original,dependency_primary,audited,dependency_primary,8111,rule_to_compact,selective_deployable,0.50,0.5,,,420,71,349,14,57,20,329,0.19718309859154928,0.05730659025787966,0.4117647058823529,0.08218591616153102,347,20,0.05763688760806916,0.08265328077456838,False,840.0,427.0,420.0,y_original,primary_dependency_group,0.3914022924196149,0.32108866648121603,1.0,1.0,0.18421052631578946,0.045584045584045586
retraining_reselection,original,dependency_primary,audited,dependency_primary,8111,compact_to_qwen,cheap_only,anchor,,,,420,71,349,8,63,20,329,0.11267605633802817,0.05730659025787966,0.2857142857142857,0.08218591616153102,347,20,0.05763688760806916,0.08265328077456838,False,840.0,427.0,420.0,y_original,primary_dependency_group,,0.16069036980698567,0.0,0.0,0.2236842105263158,0.04843304843304843
retraining_reselection,original,dependency_primary,audited,dependency_primary,8111,compact_to_qwen,full_information,anchor,,,,420,71,349,63,8,23,326,0.8873239436619719,0.0659025787965616,0.7325581395348837,0.0920773606800653,347,23,0.06628242074927954,0.09260053407755514,False,840.0,427.0,420.0,y_original,primary_dependency_group,,0.25018831366151856,1.0,1.0,0.9210526315789473,0.04843304843304843
retraining_reselection,original,dependency_primary,audited,dependency_primary,8111,compact_to_qwen,selective_deployable,0.10,0.1,,,420,71,349,12,59,19,330,0.16901408450704225,0.054441260744985676,0.3870967741935484,0.07886263986355725,347,19,0.05475504322766571,0.07931123669358123,False,840.0,427.0,420.0,y_original,primary_dependency_group,0.3402406522596839,0.15929066801903818,0.10070257611241218,0.10476190476190476,0.2894736842105263,0.02849002849002849
retraining_reselection,original,dependency_primary,audited,dependency_primary,8111,compact_to_qwen,selective_deployable,0.25,0.25,,,420,71,349,27,44,24,325,0.38028169014084506,0.06876790830945559,0.5294117647058824,0.09535098763963369,347,24,0.069164265129683,0.09589261444550476,False,840.0,427.0,420.0,y_original,primary_dependency_group,0.3412854526486119,0.15862904116412102,0.2505854800936768,0.24523809523809523,0.3684210526315789,0.045584045584045586
retraining_reselection,original,dependency_primary,audited,dependency_primary,8111,compact_to_qwen,selective_deployable,0.50,0.5,,,420,71,349,52,19,20,329,0.7323943661971831,0.05730659025787966,0.7222222222222222,0.08218591616153102,347,20,0.05763688760806916,0.08265328077456838,False,840.0,427.0,420.0,y_original,primary_dependency_group,0.3416865137704112,0.15831055846855796,0.5011709601873536,0.5357142857142857,0.5526315789473685,0.037037037037037035
retraining_reselection,original,dependency_primary,audited,dependency_primary,8111,rule_compact_to_qwen,cheap_only,anchor,,,,420,71,349,14,57,20,329,0.19718309859154928,0.05730659025787966,0.4117647058823529,0.08218591616153102,347,20,0.05763688760806916,0.08265328077456838,False,840.0,427.0,420.0,y_original,primary_dependency_group,,0.32108866648121603,0.0,0.0,0.18421052631578946,0.045584045584045586
retraining_reselection,original,dependency_primary,audited,dependency_primary,8111,rule_compact_to_qwen,full_information,anchor,,,,420,71,349,63,8,23,326,0.8873239436619719,0.0659025787965616,0.7325581395348837,0.0920773606800653,347,23,0.06628242074927954,0.09260053407755514,False,840.0,427.0,420.0,y_original,primary_dependency_group,,0.20311597947295534,1.0,1.0,0.9210526315789473,0.04843304843304843
retraining_reselection,original,dependency_primary,audited,dependency_primary,8111,rule_compact_to_qwen,selective_deployable,0.10,0.1,,,420,71,349,20,51,14,335,0.28169014084507044,0.04011461318051576,0.5882352941176471,0.06200219374162649,347,14,0.040345821325648415,0.06235543281596552,False,840.0,427.0,420.0,y_original,primary_dependency_group,0.2077802229004268,0.23635493206832303,0.10070257611241218,0.0880952380952381,0.34210526315789475,0.045584045584045586
retraining_reselection,original,dependency_primary,audited,dependency_primary,8111,rule_compact_to_qwen,selective_deployable,0.25,0.25,,,420,71,349,31,40,17,332,0.43661971830985913,0.04871060171919771,0.6458333333333334,0.0721711346734761,347,17,0.04899135446685879,0.0725819148103667,False,840.0,427.0,420.0,y_original,primary_dependency_group,0.3168446193324691,0.16174479095038716,0.2505854800936768,0.20714285714285716,0.5131578947368421,0.042735042735042736
retraining_reselection,original,dependency_primary,audited,dependency_primary,8111,rule_compact_to_qwen,selective_deployable,0.50,0.5,,,420,71,349,48,23,16,333,0.676056338028169,0.045845272206303724,0.75,0.0688005183497085,347,16,0.04610951008645533,0.06919223556730196,False,840.0,427.0,420.0,y_original,primary_dependency_group,0.39515064085718005,0.10477137231294913,0.5011709601873536,0.4976190476190476,0.6578947368421053,0.03418803418803419
retraining_reselection,original,singleton_weak,audited,dependency_primary,8111,rule_to_compact,cheap_only,anchor,,,,420,71,349,12,59,15,334,0.16901408450704225,0.04297994269340974,0.4444444444444444,0.06541143768987555,347,15,0.043227665706051875,0.06578397786941731,False,845.0,422.0,420.0,y_original,example_id,,0.36320330140768525,0.0,0.0,0.1267605633802817,0.039886039886039885
retraining_reselection,original,singleton_weak,audited,dependency_primary,8111,rule_to_compact,full_information,anchor,,,,420,71,349,12,59,17,332,0.16901408450704225,0.04871060171919771,0.41379310344827586,0.0721711346734761,347,17,0.04899135446685879,0.0725819148103667,False,845.0,422.0,420.0,y_original,example_id,,0.3581143154721281,1.0,1.0,0.14084507042253522,0.045584045584045586
retraining_reselection,original,singleton_weak,audited,dependency_primary,8111,rule_to_compact,selective_deployable,0.10,0.1,,,420,71,349,12,59,15,334,0.16901408450704225,0.04297994269340974,0.4444444444444444,0.06541143768987555,347,15,0.043227665706051875,0.06578397786941731,False,845.0,422.0,420.0,y_original,example_id,0.19610406916187745,0.3581143154721281,0.10426540284360189,0.08571428571428572,0.1267605633802817,0.039886039886039885
retraining_reselection,original,singleton_weak,audited,dependency_primary,8111,rule_to_compact,selective_deployable,0.25,0.25,,,420,71,349,12,59,15,334,0.16901408450704225,0.04297994269340974,0.4444444444444444,0.06541143768987555,347,15,0.043227665706051875,0.06578397786941731,False,845.0,422.0,420.0,y_original,example_id,0.31647375039765097,0.3581143154721281,0.25118483412322273,0.20476190476190476,0.14084507042253522,0.042735042735042736
retraining_reselection,original,singleton_weak,audited,dependency_primary,8111,rule_to_compact,selective_deployable,0.50,0.5,,,420,71,349,12,59,17,332,0.16901408450704225,0.04871060171919771,0.41379310344827586,0.0721711346734761,347,17,0.04899135446685879,0.0725819148103667,False,845.0,422.0,420.0,y_original,example_id,0.38945582601784084,0.3581143154721281,1.0,1.0,0.14084507042253522,0.045584045584045586
retraining_reselection,original,singleton_weak,audited,dependency_primary,8111,compact_to_qwen,cheap_only,anchor,,,,420,71,349,3,68,7,342,0.04225352112676056,0.02005730659025788,0.3,0.037342299667343266,347,7,0.020172910662824207,0.03755561071467799,True,845.0,422.0,420.0,y_original,example_id,,0.19054625683150858,0.0,0.0,0.08450704225352113,0.03418803418803419
retraining_reselection,original,singleton_weak,audited,dependency_primary,8111,compact_to_qwen,full_information,anchor,,,,420,71,349,57,14,21,328,0.8028169014084507,0.06017191977077364,0.7307692307692307,0.08549556272192184,347,21,0.06051873198847262,0.08598160936447057,False,845.0,422.0,420.0,y_original,example_id,,0.2526647447076465,1.0,1.0,0.8873239436619719,0.042735042735042736
retraining_reselection,original,singleton_weak,audited,dependency_primary,8111,compact_to_qwen,selective_deployable,0.10,0.1,,,420,71,349,13,58,34,315,0.18309859154929578,0.09742120343839542,0.2765957446808511,0.12758048140252998,347,34,0.09798270893371758,0.12830335582408076,False,845.0,422.0,420.0,y_original,example_id,0.3337472214104052,0.16439197830800562,0.1018957345971564,0.05476190476190476,0.2676056338028169,0.04843304843304843
retraining_reselection,original,singleton_weak,audited,dependency_primary,8111,compact_to_qwen,selective_deployable,0.25,0.25,,,420,71,349,27,44,17,332,0.38028169014084506,0.04871060171919771,0.6136363636363636,0.0721711346734761,347,17,0.04899135446685879,0.0725819148103667,False,845.0,422.0,420.0,y_original,example_id,0.3363157002317006,0.16366309746652885,0.25118483412322273,0.26666666666666666,0.4084507042253521,0.039886039886039885
retraining_reselection,original,singleton_weak,audited,dependency_primary,8111,compact_to_qwen,selective_deployable,0.50,0.5,,,420,71,349,52,19,23,326,0.7323943661971831,0.0659025787965616,0.6933333333333334,0.0920773606800653,347,23,0.06628242074927954,0.09260053407755514,False,845.0,422.0,420.0,y_original,example_id,0.336717690284278,0.16327013071709578,0.5,0.5285714285714286,0.647887323943662,0.04843304843304843
retraining_reselection,original,singleton_weak,audited,dependency_primary,8111,rule_compact_to_qwen,cheap_only,anchor,,,,420,71,349,12,59,17,332,0.16901408450704225,0.04871060171919771,0.41379310344827586,0.0721711346734761,347,17,0.04899135446685879,0.0725819148103667,False,845.0,422.0,420.0,y_original,example_id,,0.3581143154721281,0.0,0.0,0.14084507042253522,0.045584045584045586
retraining_reselection,original,singleton_weak,audited,dependency_primary,8111,rule_compact_to_qwen,full_information,anchor,,,,420,71,349,57,14,15,334,0.8028169014084507,0.04297994269340974,0.7916666666666666,0.06541143768987555,347,15,0.043227665706051875,0.06578397786941731,False,845.0,422.0,420.0,y_original,example_id,,0.2555093614787796,1.0,1.0,0.8873239436619719,0.039886039886039885
retraining_reselection,original,singleton_weak,audited,dependency_primary,8111,rule_compact_to_qwen,selective_deployable,0.10,0.1,,,420,71,349,20,51,15,334,0.28169014084507044,0.04297994269340974,0.5714285714285714,0.06541143768987555,347,15,0.043227665706051875,0.06578397786941731,False,845.0,422.0,420.0,y_original,example_id,0.19384851502087652,0.24611570893949156,0.1018957345971564,0.08571428571428572,0.3380281690140845,0.045584045584045586
retraining_reselection,original,singleton_weak,audited,dependency_primary,8111,rule_compact_to_qwen,selective_deployable,0.25,0.25,,,420,71,349,30,41,16,333,0.4225352112676056,0.045845272206303724,0.6521739130434783,0.0688005183497085,347,16,0.04610951008645533,0.06919223556730196,False,845.0,422.0,420.0,y_original,example_id,0.3013799834820745,0.17371148477566148,0.25118483412322273,0.1880952380952381,0.4788732394366197,0.037037037037037035
retraining_reselection,original,singleton_weak,audited,dependency_primary,8111,rule_compact_to_qwen,selective_deployable,0.50,0.5,,,420,71,349,44,27,11,338,0.6197183098591549,0.03151862464183381,0.8,0.05163164376229004,347,11,0.03170028818443804,0.05192610743152733,False,845.0,422.0,420.0,y_original,example_id,0.3925087608740759,0.2555093614787796,0.5,0.47619047619047616,0.6197183098591549,0.03418803418803419
full_protocol,audited,dependency_primary,audited,dependency_primary_as_implemented_in_pilot_v1,1729,rule_to_compact,cheap_only,anchor,,,,420,71,349,16,55,35,314,0.2253521126760563,0.1002865329512893,0.3137254901960784,0.1307613293812365,347,35,0.100864553314121,0.1315020505207594,False,,428.0,420.0,,,,0.2752750701503382,0.0,0.0,0.3544303797468354,0.0487106017191977
full_protocol,audited,dependency_primary,audited,dependency_primary_as_implemented_in_pilot_v1,1729,rule_to_compact,full_information,anchor,,,,420,71,349,16,55,35,314,0.2253521126760563,0.1002865329512893,0.3137254901960784,0.1307613293812365,347,35,0.100864553314121,0.1315020505207594,False,,428.0,420.0,,,,0.2816392375277275,1.0,1.0,0.3417721518987341,0.0487106017191977
full_protocol,audited,dependency_primary,audited,dependency_primary_as_implemented_in_pilot_v1,1729,rule_to_compact,selective_deployable,0.10,0.1,,,420,71,349,16,55,35,314,0.2253521126760563,0.1002865329512893,0.3137254901960784,0.1307613293812365,347,35,0.100864553314121,0.1315020505207594,False,,428.0,420.0,,,0.2188824477939055,0.2752750701503382,0.1004672897196261,0.1142857142857142,0.3544303797468354,0.0487106017191977
full_protocol,audited,dependency_primary,audited,dependency_primary_as_implemented_in_pilot_v1,1729,rule_to_compact,selective_deployable,0.25,0.25,,,420,71,349,16,55,33,316,0.2253521126760563,0.0945558739255014,0.3265306122448979,0.1243929243946513,347,33,0.0951008645533141,0.1250979071281523,False,,428.0,420.0,,,0.3345110359855733,0.2816392375277275,0.2686915887850467,0.3047619047619048,0.3417721518987341,0.0487106017191977
full_protocol,audited,dependency_primary,audited,dependency_primary_as_implemented_in_pilot_v1,1729,rule_to_compact,selective_deployable,0.50,0.5,,,420,71,349,16,55,35,314,0.2253521126760563,0.1002865329512893,0.3137254901960784,0.1307613293812365,347,35,0.100864553314121,0.1315020505207594,False,,428.0,420.0,,,0.3788306421336455,0.2816392375277275,1.0,1.0,0.3417721518987341,0.0487106017191977
full_protocol,audited,dependency_primary,audited,dependency_primary_as_implemented_in_pilot_v1,1729,compact_to_qwen,cheap_only,anchor,,,,420,71,349,13,58,17,332,0.1830985915492957,0.0487106017191977,0.4333333333333333,0.0721711346734761,347,17,0.0489913544668587,0.0725819148103667,False,,428.0,420.0,,,,0.1675139493905914,0.0,0.0,0.1139240506329113,0.0429799426934097
full_protocol,audited,dependency_primary,audited,dependency_primary_as_implemented_in_pilot_v1,1729,compact_to_qwen,full_information,anchor,,,,420,71,349,62,9,14,335,0.8732394366197183,0.0401146131805157,0.8157894736842105,0.0620021937416264,347,14,0.0403458213256484,0.0623554328159655,False,,428.0,420.0,,,,0.2791831415271825,1.0,1.0,0.8481012658227848,0.0487106017191977
full_protocol,audited,dependency_primary,audited,dependency_primary_as_implemented_in_pilot_v1,1729,compact_to_qwen,selective_deployable,0.10,0.1,,,420,71,349,23,48,9,340,0.323943661971831,0.0257879656160458,0.71875,0.0445685725403165,347,9,0.0259365994236311,0.0448229487056789,True,,428.0,420.0,,,0.3336663335071627,0.1660626955539586,0.1004672897196261,0.1023809523809523,0.1645569620253164,0.0343839541547277
full_protocol,audited,dependency_primary,audited,dependency_primary_as_implemented_in_pilot_v1,1729,compact_to_qwen,selective_deployable,0.25,0.25,,,420,71,349,41,30,16,333,0.5774647887323944,0.0458452722063037,0.7192982456140351,0.0688005183497085,347,16,0.0461095100864553,0.0691922355673019,False,,428.0,420.0,,,0.3344428422302203,0.1655324055456269,0.25,0.2928571428571428,0.2911392405063291,0.0458452722063037
full_protocol,audited,dependency_primary,audited,dependency_primary_as_implemented_in_pilot_v1,1729,compact_to_qwen,selective_deployable,0.50,0.5,,,420,71,349,51,20,11,338,0.7183098591549296,0.0315186246418338,0.8225806451612904,0.05163164376229,347,11,0.031700288184438,0.0519261074315273,False,,428.0,420.0,,,0.3346354750818326,0.2791411197966749,0.5,0.5452380952380952,0.5316455696202531,0.0401146131805157
full_protocol,audited,dependency_primary,audited,dependency_primary_as_implemented_in_pilot_v1,1729,rule_compact_to_qwen,cheap_only,anchor,,,,420,71,349,16,55,35,314,0.2253521126760563,0.1002865329512893,0.3137254901960784,0.1307613293812365,347,35,0.100864553314121,0.1315020505207594,False,,428.0,420.0,,,,0.2816392375277275,0.0,0.0,0.3417721518987341,0.0487106017191977
full_protocol,audited,dependency_primary,audited,dependency_primary_as_implemented_in_pilot_v1,1729,rule_compact_to_qwen,full_information,anchor,,,,420,71,349,59,12,14,335,0.8309859154929577,0.0401146131805157,0.8082191780821918,0.0620021937416264,347,14,0.0403458213256484,0.0623554328159655,False,,428.0,420.0,,,,0.3083743296292341,1.0,1.0,0.8607594936708861,0.0458452722063037
full_protocol,audited,dependency_primary,audited,dependency_primary_as_implemented_in_pilot_v1,1729,rule_compact_to_qwen,selective_deployable,0.10,0.1,,,420,71,349,26,45,28,321,0.3661971830985915,0.0802292263610315,0.4814814814814814,0.1083443889968877,347,28,0.0806916426512968,0.1089591790172503,False,,428.0,420.0,,,0.2180882940630201,0.2156406240096683,0.1004672897196261,0.1214285714285714,0.5063291139240507,0.0487106017191977
full_protocol,audited,dependency_primary,audited,dependency_primary_as_implemented_in_pilot_v1,1729,rule_compact_to_qwen,selective_deployable,0.25,0.25,,,420,71,349,38,33,9,340,0.5352112676056338,0.0257879656160458,0.8085106382978723,0.0445685725403165,347,9,0.0259365994236311,0.0448229487056789,True,,428.0,420.0,,,0.3251254916642668,0.1627885710701084,0.25,0.2904761904761905,0.5569620253164557,0.0257879656160458
full_protocol,audited,dependency_primary,audited,dependency_primary_as_implemented_in_pilot_v1,1729,rule_compact_to_qwen,selective_deployable,0.50,0.5,,,420,71,349,55,16,14,335,0.7746478873239436,0.0401146131805157,0.7971014492753623,0.0620021937416264,347,14,0.0403458213256484,0.0623554328159655,False,,428.0,420.0,,,0.3812932653902908,0.1186737516249771,0.5,0.5285714285714286,0.6582278481012658,0.0487106017191977
full_protocol,audited,dependency_primary,audited,dependency_primary_as_implemented_in_pilot_v1,2718,rule_to_compact,cheap_only,anchor,,,,420,71,349,18,53,26,323,0.2535211267605634,0.0744985673352435,0.4090909090909091,0.1018668488799684,347,26,0.0749279538904899,0.1024451811243625,False,,428.0,420.0,,,,0.3264976025256917,0.0,0.0,0.240506329113924,0.0458452722063037
full_protocol,audited,dependency_primary,audited,dependency_primary_as_implemented_in_pilot_v1,2718,rule_to_compact,full_information,anchor,,,,420,71,349,18,53,23,326,0.2535211267605634,0.0659025787965616,0.4390243902439024,0.0920773606800653,347,23,0.0662824207492795,0.0926005340775551,False,,428.0,420.0,,,,0.3318252113842089,1.0,1.0,0.240506329113924,0.0487106017191977
full_protocol,audited,dependency_primary,audited,dependency_primary_as_implemented_in_pilot_v1,2718,rule_to_compact,selective_deployable,0.10,0.1,,,420,71,349,18,53,27,322,0.2535211267605634,0.0773638968481375,0.4,0.1051101680318333,347,27,0.0778097982708933,0.1057067587005546,False,,428.0,420.0,,,0.2066650970999581,0.3082027592687358,0.102803738317757,0.1214285714285714,0.2658227848101265,0.0458452722063037
full_protocol,audited,dependency_primary,audited,dependency_primary_as_implemented_in_pilot_v1,2718,rule_to_compact,selective_deployable,0.25,0.25,,,420,71,349,18,53,30,319,0.2535211267605634,0.0859598853868194,0.375,0.1147872227706394,347,30,0.0864553314121037,0.1154382442262641,False,,428.0,420.0,,,0.3355379311324166,0.3082027592687358,0.2616822429906542,0.3309523809523809,0.2658227848101265,0.0487106017191977
full_protocol,audited,dependency_primary,audited,dependency_primary_as_implemented_in_pilot_v1,2718,rule_to_compact,selective_deployable,0.50,0.5,,,420,71,349,18,53,23,326,0.2535211267605634,0.0659025787965616,0.4390243902439024,0.0920773606800653,347,23,0.0662824207492795,0.0926005340775551,False,,428.0,420.0,,,0.3852053851246249,0.3318252113842089,1.0,1.0,0.240506329113924,0.0487106017191977
full_protocol,audited,dependency_primary,audited,dependency_primary_as_implemented_in_pilot_v1,2718,compact_to_qwen,cheap_only,anchor,,,,420,71,349,2,69,13,336,0.028169014084507,0.0372492836676217,0.1333333333333333,0.0585707962924032,347,13,0.0374639769452449,0.0589045985512516,False,,428.0,420.0,,,,0.1695534138048202,0.0,0.0,0.1012658227848101,0.0487106017191977
full_protocol,audited,dependency_primary,audited,dependency_primary_as_implemented_in_pilot_v1,2718,compact_to_qwen,full_information,anchor,,,,420,71,349,62,9,20,329,0.8732394366197183,0.0573065902578796,0.7560975609756098,0.082185916161531,347,20,0.0576368876080691,0.0826532807745683,False,,428.0,420.0,,,,0.2762709570334625,1.0,1.0,0.8987341772151899,0.0458452722063037
full_protocol,audited,dependency_primary,audited,dependency_primary_as_implemented_in_pilot_v1,2718,compact_to_qwen,selective_deployable,0.10,0.1,,,420,71,349,16,55,28,321,0.2253521126760563,0.0802292263610315,0.3636363636363636,0.1083443889968877,347,28,0.0806916426512968,0.1089591790172503,False,,428.0,420.0,,,0.3346320112648075,0.1645046771739669,0.1004672897196261,0.0857142857142857,0.2151898734177215,0.0343839541547277
full_protocol,audited,dependency_primary,audited,dependency_primary_as_implemented_in_pilot_v1,2718,compact_to_qwen,selective_deployable,0.25,0.25,,,420,71,349,26,45,15,334,0.3661971830985915,0.0429799426934097,0.6341463414634146,0.0654114376898755,347,15,0.0432276657060518,0.0657839778694173,False,,428.0,420.0,,,0.3361211525136454,0.1638653913316793,0.25,0.2738095238095238,0.2784810126582278,0.0315186246418338
full_protocol,audited,dependency_primary,audited,dependency_primary_as_implemented_in_pilot_v1,2718,compact_to_qwen,selective_deployable,0.50,0.5,,,420,71,349,46,25,17,332,0.647887323943662,0.0487106017191977,0.7301587301587301,0.0721711346734761,347,17,0.0489913544668587,0.0725819148103667,False,,428.0,420.0,,,0.3364722002238118,0.2762709570334625,0.5,0.5166666666666667,0.5443037974683544,0.0315186246418338
full_protocol,audited,dependency_primary,audited,dependency_primary_as_implemented_in_pilot_v1,2718,rule_compact_to_qwen,cheap_only,anchor,,,,420,71,349,18,53,23,326,0.2535211267605634,0.0659025787965616,0.4390243902439024,0.0920773606800653,347,23,0.0662824207492795,0.0926005340775551,False,,428.0,420.0,,,,0.3318252113842089,0.0,0.0,0.240506329113924,0.0487106017191977
full_protocol,audited,dependency_primary,audited,dependency_primary_as_implemented_in_pilot_v1,2718,rule_compact_to_qwen,full_information,anchor,,,,420,71,349,57,14,18,331,0.8028169014084507,0.0515759312320916,0.76,0.0755247509283926,347,18,0.0518731988472622,0.0759544884475703,False,,428.0,420.0,,,,0.2708913469484481,1.0,1.0,0.8987341772151899,0.0315186246418338
full_protocol,audited,dependency_primary,audited,dependency_primary_as_implemented_in_pilot_v1,2718,rule_compact_to_qwen,selective_deployable,0.10,0.1,,,420,71,349,21,50,14,335,0.2957746478873239,0.0401146131805157,0.6,0.0620021937416264,347,14,0.0403458213256484,0.0623554328159655,False,,428.0,420.0,,,0.1929040032735092,0.2553017026953611,0.1004672897196261,0.1142857142857142,0.4050632911392405,0.0257879656160458
full_protocol,audited,dependency_primary,audited,dependency_primary_as_implemented_in_pilot_v1,2718,rule_compact_to_qwen,selective_deployable,0.25,0.25,,,420,71,349,34,37,14,335,0.4788732394366197,0.0401146131805157,0.7083333333333334,0.0620021937416264,347,14,0.0403458213256484,0.0623554328159655,False,,428.0,420.0,,,0.3264420411854583,0.159988113657847,0.25,0.3047619047619048,0.5063291139240507,0.0372492836676217
full_protocol,audited,dependency_primary,audited,dependency_primary_as_implemented_in_pilot_v1,2718,rule_compact_to_qwen,selective_deployable,0.50,0.5,,,420,71,349,49,22,16,333,0.6901408450704225,0.0458452722063037,0.7538461538461538,0.0688005183497085,347,16,0.0461095100864553,0.0691922355673019,False,,428.0,420.0,,,0.3883043669126252,0.1116781478147735,0.5,0.5619047619047619,0.6582278481012658,0.0372492836676217
full_protocol,audited,dependency_primary,audited,dependency_primary_as_implemented_in_pilot_v1,3141,rule_to_compact,cheap_only,anchor,,,,420,71,349,12,59,12,337,0.1690140845070422,0.0343839541547277,0.5,0.0551148884098652,347,12,0.0345821325648415,0.0554291043677078,False,,428.0,420.0,,,,0.3667711766886886,0.0,0.0,0.240506329113924,0.0487106017191977
full_protocol,audited,dependency_primary,audited,dependency_primary_as_implemented_in_pilot_v1,3141,rule_to_compact,full_information,anchor,,,,420,71,349,13,58,11,338,0.1830985915492957,0.0315186246418338,0.5416666666666666,0.05163164376229,347,11,0.031700288184438,0.0519261074315273,False,,428.0,420.0,,,,0.3709544555437045,1.0,1.0,0.2151898734177215,0.0487106017191977
full_protocol,audited,dependency_primary,audited,dependency_primary_as_implemented_in_pilot_v1,3141,rule_to_compact,selective_deployable,0.10,0.1,,,420,71,349,13,58,12,337,0.1830985915492957,0.0343839541547277,0.52,0.0551148884098652,347,12,0.0345821325648415,0.0554291043677078,False,,428.0,420.0,,,0.161599264706628,0.3616106684239435,0.1004672897196261,0.0714285714285714,0.240506329113924,0.0487106017191977
full_protocol,audited,dependency_primary,audited,dependency_primary_as_implemented_in_pilot_v1,3141,rule_to_compact,selective_deployable,0.25,0.25,,,420,71,349,13,58,12,337,0.1830985915492957,0.0343839541547277,0.52,0.0551148884098652,347,12,0.0345821325648415,0.0554291043677078,False,,428.0,420.0,,,0.2976232188321985,0.3616106684239435,0.2546728971962617,0.2476190476190476,0.240506329113924,0.0487106017191977
full_protocol,audited,dependency_primary,audited,dependency_primary_as_implemented_in_pilot_v1,3141,rule_to_compact,selective_deployable,0.50,0.5,,,420,71,349,13,58,11,338,0.1830985915492957,0.0315186246418338,0.5416666666666666,0.05163164376229,347,11,0.031700288184438,0.0519261074315273,False,,428.0,420.0,,,0.3830229119163429,0.3709544555437045,1.0,1.0,0.2151898734177215,0.0487106017191977
full_protocol,audited,dependency_primary,audited,dependency_primary_as_implemented_in_pilot_v1,3141,compact_to_qwen,cheap_only,anchor,,,,420,71,349,5,66,15,334,0.0704225352112676,0.0429799426934097,0.25,0.0654114376898755,347,15,0.0432276657060518,0.0657839778694173,False,,428.0,420.0,,,,0.168959786863076,0.0,0.0,0.0759493670886076,0.0487106017191977
full_protocol,audited,dependency_primary,audited,dependency_primary_as_implemented_in_pilot_v1,3141,compact_to_qwen,full_information,anchor,,,,420,71,349,60,11,22,327,0.8450704225352113,0.0630372492836676,0.7317073170731707,0.0887924515705344,347,22,0.063400576368876,0.0892970996156788,False,,428.0,420.0,,,,0.3045844595507426,1.0,1.0,0.9113924050632912,0.0487106017191977
full_protocol,audited,dependency_primary,audited,dependency_primary_as_implemented_in_pilot_v1,3141,compact_to_qwen,selective_deployable,0.10,0.1,,,420,71,349,18,53,22,327,0.2535211267605634,0.0630372492836676,0.45,0.0887924515705344,347,22,0.063400576368876,0.0892970996156788,False,,428.0,420.0,,,0.3353146271309882,0.1638578487082143,0.1004672897196261,0.0952380952380952,0.189873417721519,0.0458452722063037
full_protocol,audited,dependency_primary,audited,dependency_primary_as_implemented_in_pilot_v1,3141,compact_to_qwen,selective_deployable,0.25,0.25,,,420,71,349,28,43,22,327,0.3943661971830985,0.0630372492836676,0.56,0.0887924515705344,347,22,0.063400576368876,0.0892970996156788,False,,428.0,420.0,,,0.3368138499307798,0.1631461510300827,0.25,0.3023809523809523,0.3037974683544304,0.0401146131805157
full_protocol,audited,dependency_primary,audited,dependency_primary_as_implemented_in_pilot_v1,3141,compact_to_qwen,selective_deployable,0.50,0.5,,,420,71,349,47,24,20,329,0.6619718309859155,0.0573065902578796,0.7014925373134329,0.082185916161531,347,20,0.0576368876080691,0.0826532807745683,False,,428.0,420.0,,,0.3372096496463653,0.3045844595507426,0.5,0.5595238095238095,0.5316455696202531,0.0372492836676217
full_protocol,audited,dependency_primary,audited,dependency_primary_as_implemented_in_pilot_v1,3141,rule_compact_to_qwen,cheap_only,anchor,,,,420,71,349,13,58,11,338,0.1830985915492957,0.0315186246418338,0.5416666666666666,0.05163164376229,347,11,0.031700288184438,0.0519261074315273,False,,428.0,420.0,,,,0.3709544555437045,0.0,0.0,0.2151898734177215,0.0487106017191977
full_protocol,audited,dependency_primary,audited,dependency_primary_as_implemented_in_pilot_v1,3141,rule_compact_to_qwen,full_information,anchor,,,,420,71,349,60,11,19,330,0.8450704225352113,0.0544412607449856,0.759493670886076,0.0788626398635572,347,19,0.0547550432276657,0.0793112366935812,False,,428.0,420.0,,,,0.3134648796740404,1.0,1.0,0.9113924050632912,0.0401146131805157
full_protocol,audited,dependency_primary,audited,dependency_primary_as_implemented_in_pilot_v1,3141,rule_compact_to_qwen,selective_deployable,0.10,0.1,,,420,71,349,20,51,12,337,0.2816901408450704,0.0343839541547277,0.625,0.0551148884098652,347,12,0.0345821325648415,0.0554291043677078,False,,428.0,420.0,,,0.1646333350354563,0.2914317310047047,0.1004672897196261,0.0833333333333333,0.3164556962025316,0.0343839541547277
full_protocol,audited,dependency_primary,audited,dependency_primary_as_implemented_in_pilot_v1,3141,rule_compact_to_qwen,selective_deployable,0.25,0.25,,,420,71,349,32,39,11,338,0.4507042253521127,0.0315186246418338,0.7441860465116279,0.05163164376229,347,11,0.031700288184438,0.0519261074315273,False,,428.0,420.0,,,0.2971749331817662,0.1959535858135248,0.25,0.2642857142857143,0.4810126582278481,0.0257879656160458
full_protocol,audited,dependency_primary,audited,dependency_primary_as_implemented_in_pilot_v1,3141,rule_compact_to_qwen,selective_deployable,0.50,0.5,,,420,71,349,42,29,13,336,0.5915492957746479,0.0372492836676217,0.7636363636363637,0.0585707962924032,347,13,0.0374639769452449,0.0589045985512516,False,,428.0,420.0,,,0.3868067809939189,0.3134648796740404,0.5,0.4833333333333333,0.6329113924050633,0.0286532951289398
full_protocol,audited,dependency_primary,audited,dependency_primary_as_implemented_in_pilot_v1,5772,rule_to_compact,cheap_only,anchor,,,,420,71,349,11,60,25,324,0.1549295774647887,0.0716332378223495,0.3055555555555556,0.0986139608665145,347,25,0.0720461095100864,0.0991739728379858,False,,428.0,420.0,,,,0.315479593503203,0.0,0.0,0.240506329113924,0.0458452722063037
full_protocol,audited,dependency_primary,audited,dependency_primary_as_implemented_in_pilot_v1,5772,rule_to_compact,full_information,anchor,,,,420,71,349,12,59,22,327,0.1690140845070422,0.0630372492836676,0.3529411764705882,0.0887924515705344,347,22,0.063400576368876,0.0892970996156788,False,,428.0,420.0,,,,0.3310311262469048,1.0,1.0,0.2531645569620253,0.0487106017191977
full_protocol,audited,dependency_primary,audited,dependency_primary_as_implemented_in_pilot_v1,5772,rule_to_compact,selective_deployable,0.10,0.1,,,420,71,349,11,60,24,325,0.1549295774647887,0.0687679083094555,0.3142857142857143,0.0953509876396336,347,24,0.069164265129683,0.0958926144455047,False,,428.0,420.0,,,0.1985955404769946,0.3116910783787474,0.1004672897196261,0.1023809523809523,0.240506329113924,0.0458452722063037
full_protocol,audited,dependency_primary,audited,dependency_primary_as_implemented_in_pilot_v1,5772,rule_to_compact,selective_deployable,0.25,0.25,,,420,71,349,12,59,22,327,0.1690140845070422,0.0630372492836676,0.3529411764705882,0.0887924515705344,347,22,0.063400576368876,0.0892970996156788,False,,428.0,420.0,,,0.3395766371694991,0.3310311262469048,0.2523364485981308,0.2857142857142857,0.2531645569620253,0.0487106017191977
full_protocol,audited,dependency_primary,audited,dependency_primary_as_implemented_in_pilot_v1,5772,rule_to_compact,selective_deployable,0.50,0.5,,,420,71,349,12,59,22,327,0.1690140845070422,0.0630372492836676,0.3529411764705882,0.0887924515705344,347,22,0.063400576368876,0.0892970996156788,False,,428.0,420.0,,,0.3900296527547014,0.3310311262469048,1.0,1.0,0.2531645569620253,0.0487106017191977
full_protocol,audited,dependency_primary,audited,dependency_primary_as_implemented_in_pilot_v1,5772,compact_to_qwen,cheap_only,anchor,,,,420,71,349,11,60,15,334,0.1549295774647887,0.0429799426934097,0.4230769230769231,0.0654114376898755,347,15,0.0432276657060518,0.0657839778694173,False,,428.0,420.0,,,,0.1669266638339627,0.0,0.0,0.1139240506329113,0.0487106017191977
full_protocol,audited,dependency_primary,audited,dependency_primary_as_implemented_in_pilot_v1,5772,compact_to_qwen,full_information,anchor,,,,420,71,349,63,8,11,338,0.8873239436619719,0.0315186246418338,0.8513513513513513,0.05163164376229,347,11,0.031700288184438,0.0519261074315273,False,,428.0,420.0,,,,0.8061031898573007,1.0,1.0,0.8227848101265823,0.0372492836676217
full_protocol,audited,dependency_primary,audited,dependency_primary_as_implemented_in_pilot_v1,5772,compact_to_qwen,selective_deployable,0.10,0.1,,,420,71,349,20,51,12,337,0.2816901408450704,0.0343839541547277,0.625,0.0551148884098652,347,12,0.0345821325648415,0.0554291043677078,False,,428.0,420.0,,,0.3342214092617234,0.1655777534908442,0.1004672897196261,0.1047619047619047,0.1645569620253164,0.0372492836676217
full_protocol,audited,dependency_primary,audited,dependency_primary_as_implemented_in_pilot_v1,5772,compact_to_qwen,selective_deployable,0.25,0.25,,,420,71,349,39,32,12,337,0.5492957746478874,0.0343839541547277,0.7647058823529411,0.0551148884098652,347,12,0.0345821325648415,0.0554291043677078,False,,428.0,420.0,,,0.3349339728860777,0.1650410780526402,0.25,0.2785714285714286,0.2911392405063291,0.0458452722063037
full_protocol,audited,dependency_primary,audited,dependency_primary_as_implemented_in_pilot_v1,5772,compact_to_qwen,selective_deployable,0.50,0.5,,,420,71,349,57,14,13,336,0.8028169014084507,0.0372492836676217,0.8142857142857143,0.0585707962924032,347,13,0.0374639769452449,0.0589045985512516,False,,428.0,420.0,,,0.3352055305504517,0.2862797294047967,0.5,0.5833333333333334,0.4936708860759494,0.0429799426934097
full_protocol,audited,dependency_primary,audited,dependency_primary_as_implemented_in_pilot_v1,5772,rule_compact_to_qwen,cheap_only,anchor,,,,420,71,349,12,59,22,327,0.1690140845070422,0.0630372492836676,0.3529411764705882,0.0887924515705344,347,22,0.063400576368876,0.0892970996156788,False,,428.0,420.0,,,,0.3310311262469048,0.0,0.0,0.2531645569620253,0.0487106017191977
full_protocol,audited,dependency_primary,audited,dependency_primary_as_implemented_in_pilot_v1,5772,rule_compact_to_qwen,full_information,anchor,,,,420,71,349,64,7,13,336,0.9014084507042254,0.0372492836676217,0.8311688311688312,0.0585707962924032,347,13,0.0374639769452449,0.0589045985512516,False,,428.0,420.0,,,,0.2349487819578384,1.0,1.0,0.8354430379746836,0.0458452722063037
full_protocol,audited,dependency_primary,audited,dependency_primary_as_implemented_in_pilot_v1,5772,rule_compact_to_qwen,selective_deployable,0.10,0.1,,,420,71,349,22,49,16,333,0.3098591549295774,0.0458452722063037,0.5789473684210527,0.0688005183497085,347,16,0.0461095100864553,0.0691922355673019,False,,428.0,420.0,,,0.1952083824907634,0.2486845975219618,0.1004672897196261,0.0952380952380952,0.3924050632911392,0.0487106017191977
full_protocol,audited,dependency_primary,audited,dependency_primary_as_implemented_in_pilot_v1,5772,rule_compact_to_qwen,selective_deployable,0.25,0.25,,,420,71,349,39,32,14,335,0.5492957746478874,0.0401146131805157,0.7358490566037735,0.0620021937416264,347,14,0.0403458213256484,0.0623554328159655,False,,428.0,420.0,,,0.3428921868829502,0.1493393461939944,0.25,0.2857142857142857,0.5063291139240507,0.0429799426934097
full_protocol,audited,dependency_primary,audited,dependency_primary_as_implemented_in_pilot_v1,5772,rule_compact_to_qwen,selective_deployable,0.50,0.5,,,420,71,349,54,17,13,336,0.7605633802816901,0.0372492836676217,0.8059701492537313,0.0585707962924032,347,13,0.0374639769452449,0.0589045985512516,False,,428.0,420.0,,,0.3927807809906161,0.2142471046547969,0.5,0.5619047619047619,0.620253164556962,0.0458452722063037
full_protocol,audited,dependency_primary,audited,dependency_primary_as_implemented_in_pilot_v1,8111,rule_to_compact,cheap_only,anchor,,,,420,71,349,14,57,18,331,0.1971830985915492,0.0515759312320916,0.4375,0.0755247509283926,347,18,0.0518731988472622,0.0759544884475703,False,,428.0,420.0,,,,0.3387856595325674,0.0,0.0,0.2151898734177215,0.0458452722063037
full_protocol,audited,dependency_primary,audited,dependency_primary_as_implemented_in_pilot_v1,8111,rule_to_compact,full_information,anchor,,,,420,71,349,14,57,18,331,0.1971830985915492,0.0515759312320916,0.4375,0.0755247509283926,347,18,0.0518731988472622,0.0759544884475703,False,,428.0,420.0,,,,0.3339802743111833,1.0,1.0,0.240506329113924,0.0458452722063037
full_protocol,audited,dependency_primary,audited,dependency_primary_as_implemented_in_pilot_v1,8111,rule_to_compact,selective_deployable,0.10,0.1,,,420,71,349,14,57,18,331,0.1971830985915492,0.0515759312320916,0.4375,0.0755247509283926,347,18,0.0518731988472622,0.0759544884475703,False,,428.0,420.0,,,0.2037857909054532,0.3339802743111833,0.102803738317757,0.0904761904761904,0.2151898734177215,0.0458452722063037
full_protocol,audited,dependency_primary,audited,dependency_primary_as_implemented_in_pilot_v1,8111,rule_to_compact,selective_deployable,0.25,0.25,,,420,71,349,14,57,18,331,0.1971830985915492,0.0515759312320916,0.4375,0.0755247509283926,347,18,0.0518731988472622,0.0759544884475703,False,,428.0,420.0,,,0.3263744593732783,0.3339802743111833,0.2546728971962617,0.2309523809523809,0.240506329113924,0.0458452722063037
full_protocol,audited,dependency_primary,audited,dependency_primary_as_implemented_in_pilot_v1,8111,rule_to_compact,selective_deployable,0.50,0.5,,,420,71,349,14,57,18,331,0.1971830985915492,0.0515759312320916,0.4375,0.0755247509283926,347,18,0.0518731988472622,0.0759544884475703,False,,428.0,420.0,,,0.3925171116876352,0.3339802743111833,1.0,1.0,0.240506329113924,0.0458452722063037
full_protocol,audited,dependency_primary,audited,dependency_primary_as_implemented_in_pilot_v1,8111,compact_to_qwen,cheap_only,anchor,,,,420,71,349,1,70,3,346,0.0140845070422535,0.0085959885386819,0.25,0.0220658820057644,347,3,0.0086455331412103,0.0221921904960537,True,,428.0,420.0,,,,0.230400173779272,0.0,0.0,0.0886075949367088,0.0114613180515759
full_protocol,audited,dependency_primary,audited,dependency_primary_as_implemented_in_pilot_v1,8111,compact_to_qwen,full_information,anchor,,,,420,71,349,55,16,19,330,0.7746478873239436,0.0544412607449856,0.7432432432432432,0.0788626398635572,347,19,0.0547550432276657,0.0793112366935812,False,,428.0,420.0,,,,0.2790128526680642,1.0,1.0,0.8734177215189873,0.0458452722063037
full_protocol,audited,dependency_primary,audited,dependency_primary_as_implemented_in_pilot_v1,8111,compact_to_qwen,selective_deployable,0.10,0.1,,,420,71,349,11,60,17,332,0.1549295774647887,0.0487106017191977,0.3928571428571428,0.0721711346734761,347,17,0.0489913544668587,0.0725819148103667,False,,428.0,420.0,,,0.3337156301880766,0.1659312131819617,0.1004672897196261,0.1047619047619047,0.2278481012658227,0.0458452722063037
full_protocol,audited,dependency_primary,audited,dependency_primary_as_implemented_in_pilot_v1,8111,compact_to_qwen,selective_deployable,0.25,0.25,,,420,71,349,30,41,25,324,0.4225352112676056,0.0716332378223495,0.5454545454545454,0.0986139608665145,347,25,0.0720461095100864,0.0991739728379858,False,,428.0,420.0,,,0.3346300374381704,0.16529478289956,0.25,0.2666666666666666,0.3924050632911392,0.0487106017191977
full_protocol,audited,dependency_primary,audited,dependency_primary_as_implemented_in_pilot_v1,8111,compact_to_qwen,selective_deployable,0.50,0.5,,,420,71,349,46,25,16,333,0.647887323943662,0.0458452722063037,0.7419354838709677,0.0688005183497085,347,16,0.0461095100864553,0.0691922355673019,False,,428.0,420.0,,,0.3349144664846444,0.2790128526680642,0.5,0.5380952380952381,0.5063291139240507,0.0315186246418338
full_protocol,audited,dependency_primary,audited,dependency_primary_as_implemented_in_pilot_v1,8111,rule_compact_to_qwen,cheap_only,anchor,,,,420,71,349,14,57,18,331,0.1971830985915492,0.0515759312320916,0.4375,0.0755247509283926,347,18,0.0518731988472622,0.0759544884475703,False,,428.0,420.0,,,,0.3339802743111833,0.0,0.0,0.240506329113924,0.0458452722063037
full_protocol,audited,dependency_primary,audited,dependency_primary_as_implemented_in_pilot_v1,8111,rule_compact_to_qwen,full_information,anchor,,,,420,71,349,57,14,16,333,0.8028169014084507,0.0458452722063037,0.7808219178082192,0.0688005183497085,347,16,0.0461095100864553,0.0691922355673019,False,,428.0,420.0,,,,0.2598558676209557,1.0,1.0,0.8860759493670886,0.0458452722063037
full_protocol,audited,dependency_primary,audited,dependency_primary_as_implemented_in_pilot_v1,8111,rule_compact_to_qwen,selective_deployable,0.10,0.1,,,420,71,349,21,50,14,335,0.2957746478873239,0.0401146131805157,0.6,0.0620021937416264,347,14,0.0403458213256484,0.0623554328159655,False,,428.0,420.0,,,0.1974997053339554,0.2417991801959407,0.1004672897196261,0.0904761904761904,0.3924050632911392,0.0372492836676217
full_protocol,audited,dependency_primary,audited,dependency_primary_as_implemented_in_pilot_v1,8111,rule_compact_to_qwen,selective_deployable,0.25,0.25,,,420,71,349,30,41,6,343,0.4225352112676056,0.0171919770773638,0.8333333333333334,0.0336488440508061,347,6,0.0172910662824207,0.0338411448460409,True,,428.0,420.0,,,0.3225320123496372,0.1744220528527204,0.25,0.2142857142857142,0.4810126582278481,0.0229226361031518
full_protocol,audited,dependency_primary,audited,dependency_primary_as_implemented_in_pilot_v1,8111,rule_compact_to_qwen,selective_deployable,0.50,0.5,,,420,71,349,49,22,17,332,0.6901408450704225,0.0487106017191977,0.7424242424242424,0.0721711346734761,347,17,0.0489913544668587,0.0725819148103667,False,,428.0,420.0,,,0.3942894501183616,0.1057004414845964,0.5,0.5261904761904762,0.6582278481012658,0.0401146131805157
full_protocol,audited,singleton_weak,audited,dependency_primary_as_implemented_in_pilot_v1,1729,rule_to_compact,cheap_only,anchor,,,,421,72,349,10,62,14,335,0.1388888888888889,0.0401146131805157,0.4166666666666667,0.0620021937416264,349,14,0.0401146131805157,0.0620021937416264,False,,422.0,421.0,,,,0.3961376104925911,0.0,0.0,0.2328767123287671,0.0429799426934097
full_protocol,audited,singleton_weak,audited,dependency_primary_as_implemented_in_pilot_v1,1729,rule_to_compact,full_information,anchor,,,,421,72,349,12,60,13,336,0.1666666666666666,0.0372492836676217,0.48,0.0585707962924032,349,13,0.0372492836676217,0.0585707962924032,False,,422.0,421.0,,,,0.3961240628757912,1.0,1.0,0.2191780821917808,0.0458452722063037
full_protocol,audited,singleton_weak,audited,dependency_primary_as_implemented_in_pilot_v1,1729,rule_to_compact,selective_deployable,0.10,0.1,,,421,72,349,10,62,14,335,0.1388888888888889,0.0401146131805157,0.4166666666666667,0.0620021937416264,349,14,0.0401146131805157,0.0620021937416264,False,,422.0,421.0,,,0.1667604618287977,0.3911655258374367,0.1018957345971564,0.0855106888361045,0.2328767123287671,0.0429799426934097
full_protocol,audited,singleton_weak,audited,dependency_primary_as_implemented_in_pilot_v1,1729,rule_to_compact,selective_deployable,0.25,0.25,,,421,72,349,12,60,15,334,0.1666666666666666,0.0429799426934097,0.4444444444444444,0.0654114376898755,349,15,0.0429799426934097,0.0654114376898755,False,,422.0,421.0,,,0.3071288067759891,0.3911655258374367,0.2511848341232227,0.2327790973871734,0.2328767123287671,0.0458452722063037
full_protocol,audited,singleton_weak,audited,dependency_primary_as_implemented_in_pilot_v1,1729,rule_to_compact,selective_deployable,0.50,0.5,,,421,72,349,12,60,13,336,0.1666666666666666,0.0372492836676217,0.48,0.0585707962924032,349,13,0.0372492836676217,0.0585707962924032,False,,422.0,421.0,,,0.3888920605944811,0.3961240628757912,1.0,1.0,0.2191780821917808,0.0458452722063037
full_protocol,audited,singleton_weak,audited,dependency_primary_as_implemented_in_pilot_v1,1729,compact_to_qwen,cheap_only,anchor,,,,421,72,349,3,69,13,336,0.0416666666666666,0.0372492836676217,0.1875,0.0585707962924032,349,13,0.0372492836676217,0.0585707962924032,False,,422.0,421.0,,,,0.1752157241568595,0.0,0.0,0.0547945205479452,0.0429799426934097
full_protocol,audited,singleton_weak,audited,dependency_primary_as_implemented_in_pilot_v1,1729,compact_to_qwen,full_information,anchor,,,,421,72,349,51,21,9,340,0.7083333333333334,0.0257879656160458,0.85,0.0445685725403165,349,9,0.0257879656160458,0.0445685725403165,True,,422.0,421.0,,,,0.8205177391220501,1.0,1.0,0.7397260273972602,0.0458452722063037
full_protocol,audited,singleton_weak,audited,dependency_primary_as_implemented_in_pilot_v1,1729,compact_to_qwen,selective_deployable,0.10,0.1,,,421,72,349,20,52,16,333,0.2777777777777778,0.0458452722063037,0.5555555555555556,0.0688005183497085,349,16,0.0458452722063037,0.0688005183497085,False,,422.0,421.0,,,0.3308026872688529,0.1686929572472942,0.1018957345971564,0.1140142517814726,0.1780821917808219,0.0487106017191977
full_protocol,audited,singleton_weak,audited,dependency_primary_as_implemented_in_pilot_v1,1729,compact_to_qwen,selective_deployable,0.25,0.25,,,421,72,349,24,48,10,339,0.3333333333333333,0.0286532951289398,0.7058823529411765,0.0481176236497317,349,10,0.0286532951289398,0.0481176236497317,True,,422.0,421.0,,,0.3319787797569845,0.1680058394861782,0.2511848341232227,0.2399049881235154,0.3561643835616438,0.0429799426934097
full_protocol,audited,singleton_weak,audited,dependency_primary_as_implemented_in_pilot_v1,1729,compact_to_qwen,selective_deployable,0.50,0.5,,,421,72,349,40,32,6,343,0.5555555555555556,0.0171919770773638,0.8695652173913043,0.0336488440508061,349,6,0.0171919770773638,0.0336488440508061,True,,422.0,421.0,,,0.3324458873950743,0.8206721028626703,0.5,0.4750593824228028,0.5753424657534246,0.0401146131805157
full_protocol,audited,singleton_weak,audited,dependency_primary_as_implemented_in_pilot_v1,1729,rule_compact_to_qwen,cheap_only,anchor,,,,421,72,349,12,60,13,336,0.1666666666666666,0.0372492836676217,0.48,0.0585707962924032,349,13,0.0372492836676217,0.0585707962924032,False,,422.0,421.0,,,,0.3961240628757912,0.0,0.0,0.2191780821917808,0.0458452722063037
full_protocol,audited,singleton_weak,audited,dependency_primary_as_implemented_in_pilot_v1,1729,rule_compact_to_qwen,full_information,anchor,,,,421,72,349,56,16,9,340,0.7777777777777778,0.0257879656160458,0.8615384615384616,0.0445685725403165,349,9,0.0257879656160458,0.0445685725403165,True,,422.0,421.0,,,,0.7555053320974499,1.0,1.0,0.7534246575342466,0.0487106017191977
full_protocol,audited,singleton_weak,audited,dependency_primary_as_implemented_in_pilot_v1,1729,rule_compact_to_qwen,selective_deployable,0.10,0.1,,,421,72,349,16,56,8,341,0.2222222222222222,0.0229226361031518,0.6666666666666666,0.0409791162974825,349,8,0.0229226361031518,0.0409791162974825,True,,422.0,421.0,,,0.1547882578423586,0.3095395125109967,0.1018957345971564,0.0902612826603325,0.2876712328767123,0.0343839541547277
full_protocol,audited,singleton_weak,audited,dependency_primary_as_implemented_in_pilot_v1,1729,rule_compact_to_qwen,selective_deployable,0.25,0.25,,,421,72,349,25,47,11,338,0.3472222222222222,0.0315186246418338,0.6944444444444444,0.05163164376229,349,11,0.0315186246418338,0.05163164376229,False,,422.0,421.0,,,0.2995219366611478,0.1842897816803069,0.2511848341232227,0.2232779097387173,0.4794520547945205,0.0372492836676217
full_protocol,audited,singleton_weak,audited,dependency_primary_as_implemented_in_pilot_v1,1729,rule_compact_to_qwen,selective_deployable,0.50,0.5,,,421,72,349,38,34,8,341,0.5277777777777778,0.0229226361031518,0.8260869565217391,0.0409791162974825,349,8,0.0229226361031518,0.0409791162974825,True,,422.0,421.0,,,0.3931704554106146,0.3006913214979552,0.5,0.503562945368171,0.6027397260273972,0.0372492836676217
full_protocol,audited,singleton_weak,audited,dependency_primary_as_implemented_in_pilot_v1,2718,rule_to_compact,cheap_only,anchor,,,,422,73,349,16,57,22,327,0.2191780821917808,0.0630372492836676,0.4210526315789473,0.0887924515705344,345,22,0.0637681159420289,0.0898075150342231,False,,422.0,422.0,,,,0.344922445160433,0.0,0.0,0.2465753424657534,0.0372492836676217
full_protocol,audited,singleton_weak,audited,dependency_primary_as_implemented_in_pilot_v1,2718,rule_to_compact,full_information,anchor,,,,422,73,349,18,55,24,325,0.2465753424657534,0.0687679083094555,0.4285714285714285,0.0953509876396336,345,24,0.0695652173913043,0.0964404275941647,False,,422.0,422.0,,,,0.3392677713766888,1.0,1.0,0.2602739726027397,0.0458452722063037
full_protocol,audited,singleton_weak,audited,dependency_primary_as_implemented_in_pilot_v1,2718,rule_to_compact,selective_deployable,0.10,0.1,,,422,73,349,17,56,22,327,0.2328767123287671,0.0630372492836676,0.4358974358974359,0.0887924515705344,345,22,0.0637681159420289,0.0898075150342231,False,,422.0,422.0,,,0.1986583893379584,0.3392677713766888,0.1018957345971564,0.1161137440758293,0.2465753424657534,0.0372492836676217
full_protocol,audited,singleton_weak,audited,dependency_primary_as_implemented_in_pilot_v1,2718,rule_to_compact,selective_deployable,0.25,0.25,,,422,73,349,18,55,23,326,0.2465753424657534,0.0659025787965616,0.4390243902439024,0.0920773606800653,345,23,0.0666666666666666,0.093129684794171,False,,422.0,422.0,,,0.3296149080700603,0.3392677713766888,0.2677725118483412,0.3056872037914692,0.2602739726027397,0.0429799426934097
full_protocol,audited,singleton_weak,audited,dependency_primary_as_implemented_in_pilot_v1,2718,rule_to_compact,selective_deployable,0.50,0.5,,,422,73,349,18,55,24,325,0.2465753424657534,0.0687679083094555,0.4285714285714285,0.0953509876396336,345,24,0.0695652173913043,0.0964404275941647,False,,422.0,422.0,,,0.3770001309248949,0.3392677713766888,1.0,1.0,0.2602739726027397,0.0458452722063037
full_protocol,audited,singleton_weak,audited,dependency_primary_as_implemented_in_pilot_v1,2718,compact_to_qwen,cheap_only,anchor,,,,422,73,349,5,68,13,336,0.0684931506849315,0.0372492836676217,0.2777777777777778,0.0585707962924032,345,13,0.0376811594202898,0.0592422268189471,False,,422.0,422.0,,,,0.1730403681364752,0.0,0.0,0.0821917808219178,0.0458452722063037
full_protocol,audited,singleton_weak,audited,dependency_primary_as_implemented_in_pilot_v1,2718,compact_to_qwen,full_information,anchor,,,,422,73,349,64,9,22,327,0.8767123287671232,0.0630372492836676,0.7441860465116279,0.0887924515705344,345,20,0.0579710144927536,0.0831259899043935,False,,422.0,422.0,,,,0.289993290337505,1.0,1.0,0.9452054794520548,0.0372492836676217
full_protocol,audited,singleton_weak,audited,dependency_primary_as_implemented_in_pilot_v1,2718,compact_to_qwen,selective_deployable,0.10,0.1,,,422,73,349,18,55,22,327,0.2465753424657534,0.0630372492836676,0.45,0.0887924515705344,345,22,0.0637681159420289,0.0898075150342231,False,,422.0,422.0,,,0.3308798339376447,0.1682292406606061,0.1018957345971564,0.0947867298578199,0.273972602739726,0.0487106017191977
full_protocol,audited,singleton_weak,audited,dependency_primary_as_implemented_in_pilot_v1,2718,compact_to_qwen,selective_deployable,0.25,0.25,,,422,73,349,34,39,26,323,0.4657534246575342,0.0744985673352435,0.5666666666666667,0.1018668488799684,345,26,0.0753623188405797,0.1030301151628836,False,,422.0,422.0,,,0.3324659675200415,0.167438154768642,0.2511848341232227,0.2748815165876777,0.4520547945205479,0.0487106017191977
full_protocol,audited,singleton_weak,audited,dependency_primary_as_implemented_in_pilot_v1,2718,compact_to_qwen,selective_deployable,0.50,0.5,,,422,73,349,53,20,19,330,0.726027397260274,0.0544412607449856,0.7361111111111112,0.0788626398635572,345,19,0.0550724637681159,0.0797649650152499,False,,422.0,422.0,,,0.3328555151270697,0.1671407016696613,0.5,0.5308056872037915,0.6986301369863014,0.0401146131805157
full_protocol,audited,singleton_weak,audited,dependency_primary_as_implemented_in_pilot_v1,2718,rule_compact_to_qwen,cheap_only,anchor,,,,422,73,349,18,55,24,325,0.2465753424657534,0.0687679083094555,0.4285714285714285,0.0953509876396336,345,24,0.0695652173913043,0.0964404275941647,False,,422.0,422.0,,,,0.3392677713766888,0.0,0.0,0.2602739726027397,0.0458452722063037
full_protocol,audited,singleton_weak,audited,dependency_primary_as_implemented_in_pilot_v1,2718,rule_compact_to_qwen,full_information,anchor,,,,422,73,349,66,7,22,327,0.9041095890410958,0.0630372492836676,0.75,0.0887924515705344,345,20,0.0579710144927536,0.0831259899043935,False,,422.0,422.0,,,,0.254572094040572,1.0,1.0,0.9452054794520548,0.0372492836676217
full_protocol,audited,singleton_weak,audited,dependency_primary_as_implemented_in_pilot_v1,2718,rule_compact_to_qwen,selective_deployable,0.10,0.1,,,422,73,349,28,45,16,333,0.3835616438356164,0.0458452722063037,0.6363636363636364,0.0688005183497085,345,16,0.0463768115942029,0.0695884379663542,False,,422.0,422.0,,,0.1899161410267532,0.2391087543786955,0.1018957345971564,0.1161137440758293,0.410958904109589,0.0401146131805157
full_protocol,audited,singleton_weak,audited,dependency_primary_as_implemented_in_pilot_v1,2718,rule_compact_to_qwen,selective_deployable,0.25,0.25,,,422,73,349,39,34,16,333,0.5342465753424658,0.0458452722063037,0.7090909090909091,0.0688005183497085,345,16,0.0463768115942029,0.0695884379663542,False,,422.0,422.0,,,0.3212989139177363,0.1652758823324821,0.2511848341232227,0.2701421800947867,0.5205479452054794,0.0458452722063037
full_protocol,audited,singleton_weak,audited,dependency_primary_as_implemented_in_pilot_v1,2718,rule_compact_to_qwen,selective_deployable,0.50,0.5,,,422,73,349,53,20,31,318,0.726027397260274,0.0888252148997134,0.6309523809523809,0.1179965939509764,345,31,0.0898550724637681,0.119342336871651,False,,422.0,422.0,,,0.3807742023848507,0.1190227952514606,0.5,0.5213270142180095,0.7534246575342466,0.0401146131805157
full_protocol,audited,singleton_weak,audited,dependency_primary_as_implemented_in_pilot_v1,3141,rule_to_compact,cheap_only,anchor,,,,422,73,349,8,65,18,331,0.1095890410958904,0.0515759312320916,0.3076923076923077,0.0755247509283926,347,18,0.0518731988472622,0.0759544884475703,False,,422.0,422.0,,,,0.3915570883015011,0.0,0.0,0.2054794520547945,0.0487106017191977
full_protocol,audited,singleton_weak,audited,dependency_primary_as_implemented_in_pilot_v1,3141,rule_to_compact,full_information,anchor,,,,422,73,349,8,65,18,331,0.1095890410958904,0.0515759312320916,0.3076923076923077,0.0755247509283926,347,18,0.0518731988472622,0.0759544884475703,False,,422.0,422.0,,,,0.3877646364158624,1.0,1.0,0.2054794520547945,0.0487106017191977
full_protocol,audited,singleton_weak,audited,dependency_primary_as_implemented_in_pilot_v1,3141,rule_to_compact,selective_deployable,0.10,0.1,,,422,73,349,8,65,18,331,0.1095890410958904,0.0515759312320916,0.3076923076923077,0.0755247509283926,347,18,0.0518731988472622,0.0759544884475703,False,,422.0,422.0,,,0.1614000769086906,0.3877646364158624,0.1018957345971564,0.1066350710900474,0.2054794520547945,0.0487106017191977
full_protocol,audited,singleton_weak,audited,dependency_primary_as_implemented_in_pilot_v1,3141,rule_to_compact,selective_deployable,0.25,0.25,,,422,73,349,8,65,18,331,0.1095890410958904,0.0515759312320916,0.3076923076923077,0.0755247509283926,347,18,0.0518731988472622,0.0759544884475703,False,,422.0,422.0,,,0.3119945396673048,0.3877646364158624,0.2559241706161137,0.2393364928909952,0.2054794520547945,0.0487106017191977
full_protocol,audited,singleton_weak,audited,dependency_primary_as_implemented_in_pilot_v1,3141,rule_to_compact,selective_deployable,0.50,0.5,,,422,73,349,8,65,18,331,0.1095890410958904,0.0515759312320916,0.3076923076923077,0.0755247509283926,347,18,0.0518731988472622,0.0759544884475703,False,,422.0,422.0,,,0.3957689574534591,0.3877646364158624,1.0,1.0,0.2054794520547945,0.0487106017191977
full_protocol,audited,singleton_weak,audited,dependency_primary_as_implemented_in_pilot_v1,3141,compact_to_qwen,cheap_only,anchor,,,,422,73,349,11,62,12,337,0.1506849315068493,0.0343839541547277,0.4782608695652174,0.0551148884098652,347,12,0.0345821325648415,0.0554291043677078,False,,422.0,422.0,,,,0.1715598390816652,0.0,0.0,0.0821917808219178,0.0401146131805157
full_protocol,audited,singleton_weak,audited,dependency_primary_as_implemented_in_pilot_v1,3141,compact_to_qwen,full_information,anchor,,,,422,73,349,64,9,13,336,0.8767123287671232,0.0372492836676217,0.8311688311688312,0.0585707962924032,347,12,0.0345821325648415,0.0554291043677078,False,,422.0,422.0,,,,0.2801092039998399,1.0,1.0,0.8493150684931506,0.0429799426934097
full_protocol,audited,singleton_weak,audited,dependency_primary_as_implemented_in_pilot_v1,3141,compact_to_qwen,selective_deployable,0.10,0.1,,,422,73,349,19,54,13,336,0.2602739726027397,0.0372492836676217,0.59375,0.0585707962924032,347,13,0.0374639769452449,0.0589045985512516,False,,422.0,422.0,,,0.3303103853419459,0.169300347381513,0.1018957345971564,0.0829383886255924,0.3150684931506849,0.0401146131805157
full_protocol,audited,singleton_weak,audited,dependency_primary_as_implemented_in_pilot_v1,3141,compact_to_qwen,selective_deployable,0.25,0.25,,,422,73,349,26,47,14,335,0.3561643835616438,0.0401146131805157,0.65,0.0620021937416264,347,14,0.0403458213256484,0.0623554328159655,False,,422.0,422.0,,,0.3310786059639919,0.1688960420937517,0.2511848341232227,0.2132701421800948,0.4794520547945205,0.0401146131805157
full_protocol,audited,singleton_weak,audited,dependency_primary_as_implemented_in_pilot_v1,3141,compact_to_qwen,selective_deployable,0.50,0.5,,,422,73,349,41,32,13,336,0.5616438356164384,0.0372492836676217,0.7592592592592593,0.0585707962924032,347,13,0.0374639769452449,0.0589045985512516,False,,422.0,422.0,,,0.3313601839081609,0.1686366073367707,0.5,0.4502369668246445,0.7123287671232876,0.0487106017191977
full_protocol,audited,singleton_weak,audited,dependency_primary_as_implemented_in_pilot_v1,3141,rule_compact_to_qwen,cheap_only,anchor,,,,422,73,349,8,65,18,331,0.1095890410958904,0.0515759312320916,0.3076923076923077,0.0755247509283926,347,18,0.0518731988472622,0.0759544884475703,False,,422.0,422.0,,,,0.3877646364158624,0.0,0.0,0.2054794520547945,0.0487106017191977
full_protocol,audited,singleton_weak,audited,dependency_primary_as_implemented_in_pilot_v1,3141,rule_compact_to_qwen,full_information,anchor,,,,422,73,349,64,9,13,336,0.8767123287671232,0.0372492836676217,0.8311688311688312,0.0585707962924032,347,12,0.0345821325648415,0.0554291043677078,False,,422.0,422.0,,,,0.2352150653247566,1.0,1.0,0.8767123287671232,0.0458452722063037
full_protocol,audited,singleton_weak,audited,dependency_primary_as_implemented_in_pilot_v1,3141,rule_compact_to_qwen,selective_deployable,0.10,0.1,,,422,73,349,18,55,25,324,0.2465753424657534,0.0716332378223495,0.4186046511627907,0.0986139608665145,347,25,0.0720461095100864,0.0991739728379858,False,,422.0,422.0,,,0.1575234576843839,0.25610000011492,0.1018957345971564,0.0947867298578199,0.3561643835616438,0.0458452722063037
full_protocol,audited,singleton_weak,audited,dependency_primary_as_implemented_in_pilot_v1,3141,rule_compact_to_qwen,selective_deployable,0.25,0.25,,,422,73,349,27,46,10,339,0.3698630136986301,0.0286532951289398,0.7297297297297297,0.0481176236497317,347,10,0.0288184438040345,0.0483921489861662,True,,422.0,422.0,,,0.3067457833081227,0.1813995870975186,0.2511848341232227,0.2369668246445497,0.4794520547945205,0.0315186246418338
full_protocol,audited,singleton_weak,audited,dependency_primary_as_implemented_in_pilot_v1,3141,rule_compact_to_qwen,selective_deployable,0.50,0.5,,,422,73,349,46,27,12,337,0.6301369863013698,0.0343839541547277,0.7931034482758621,0.0551148884098652,347,12,0.0345821325648415,0.0554291043677078,False,,422.0,422.0,,,0.3978727068367693,0.1220070882142306,0.5,0.4597156398104265,0.6575342465753424,0.0401146131805157
full_protocol,audited,singleton_weak,audited,dependency_primary_as_implemented_in_pilot_v1,5772,rule_to_compact,cheap_only,anchor,,,,422,73,349,15,58,12,337,0.2054794520547945,0.0343839541547277,0.5555555555555556,0.0551148884098652,346,12,0.0346820809248554,0.0555875595445557,False,,422.0,422.0,,,,0.3740847730818458,0.0,0.0,0.1643835616438356,0.0401146131805157
full_protocol,audited,singleton_weak,audited,dependency_primary_as_implemented_in_pilot_v1,5772,rule_to_compact,full_information,anchor,,,,422,73,349,15,58,13,336,0.2054794520547945,0.0372492836676217,0.5357142857142857,0.0585707962924032,346,13,0.0375722543352601,0.0590729303351058,False,,422.0,422.0,,,,0.3638933470231907,1.0,1.0,0.1643835616438356,0.0487106017191977
full_protocol,audited,singleton_weak,audited,dependency_primary_as_implemented_in_pilot_v1,5772,rule_to_compact,selective_deployable,0.10,0.1,,,422,73,349,15,58,12,337,0.2054794520547945,0.0343839541547277,0.5555555555555556,0.0551148884098652,346,12,0.0346820809248554,0.0555875595445557,False,,422.0,422.0,,,0.2045857839859147,0.3638933470231907,0.1018957345971564,0.1018957345971564,0.1643835616438356,0.0429799426934097
full_protocol,audited,singleton_weak,audited,dependency_primary_as_implemented_in_pilot_v1,5772,rule_to_compact,selective_deployable,0.25,0.25,,,422,73,349,15,58,12,337,0.2054794520547945,0.0343839541547277,0.5555555555555556,0.0551148884098652,346,12,0.0346820809248554,0.0555875595445557,False,,422.0,422.0,,,0.3131602313894811,0.3638933470231907,0.2535545023696682,0.2322274881516587,0.1643835616438356,0.0429799426934097
full_protocol,audited,singleton_weak,audited,dependency_primary_as_implemented_in_pilot_v1,5772,rule_to_compact,selective_deployable,0.50,0.5,,,422,73,349,15,58,13,336,0.2054794520547945,0.0372492836676217,0.5357142857142857,0.0585707962924032,346,13,0.0375722543352601,0.0590729303351058,False,,422.0,422.0,,,0.3851877393322113,0.3638933470231907,1.0,1.0,0.1643835616438356,0.0487106017191977
full_protocol,audited,singleton_weak,audited,dependency_primary_as_implemented_in_pilot_v1,5772,compact_to_qwen,cheap_only,anchor,,,,422,73,349,6,67,30,319,0.0821917808219178,0.0859598853868194,0.1666666666666666,0.1147872227706394,346,30,0.0867052023121387,0.1157665307824958,False,,422.0,422.0,,,,0.1671605637622319,0.0,0.0,0.2465753424657534,0.0429799426934097
full_protocol,audited,singleton_weak,audited,dependency_primary_as_implemented_in_pilot_v1,5772,compact_to_qwen,full_information,anchor,,,,422,73,349,64,9,16,333,0.8767123287671232,0.0458452722063037,0.8,0.0688005183497085,346,16,0.0462427745664739,0.0693897713192555,False,,422.0,422.0,,,,0.2744603484086879,1.0,1.0,0.8904109589041096,0.0487106017191977
full_protocol,audited,singleton_weak,audited,dependency_primary_as_implemented_in_pilot_v1,5772,compact_to_qwen,selective_deployable,0.10,0.1,,,422,73,349,20,53,16,333,0.273972602739726,0.0458452722063037,0.5555555555555556,0.0688005183497085,346,16,0.0462427745664739,0.0693897713192555,False,,422.0,422.0,,,0.3337545793907801,0.1656988632200174,0.1018957345971564,0.1255924170616113,0.2876712328767123,0.0458452722063037
full_protocol,audited,singleton_weak,audited,dependency_primary_as_implemented_in_pilot_v1,5772,compact_to_qwen,selective_deployable,0.25,0.25,,,422,73,349,29,44,14,335,0.3972602739726027,0.0401146131805157,0.6744186046511628,0.0620021937416264,346,14,0.0404624277456647,0.0625335657785234,False,,422.0,422.0,,,0.3349471294594526,0.1650304666738415,0.2511848341232227,0.2819905213270142,0.410958904109589,0.0429799426934097
full_protocol,audited,singleton_weak,audited,dependency_primary_as_implemented_in_pilot_v1,5772,compact_to_qwen,selective_deployable,0.50,0.5,,,422,73,349,45,28,16,333,0.6164383561643836,0.0458452722063037,0.7377049180327869,0.0688005183497085,346,16,0.0462427745664739,0.0693897713192555,False,,422.0,422.0,,,0.3353078831107076,0.1646888376159172,0.5,0.466824644549763,0.684931506849315,0.0458452722063037
full_protocol,audited,singleton_weak,audited,dependency_primary_as_implemented_in_pilot_v1,5772,rule_compact_to_qwen,cheap_only,anchor,,,,422,73,349,15,58,13,336,0.2054794520547945,0.0372492836676217,0.5357142857142857,0.0585707962924032,346,13,0.0375722543352601,0.0590729303351058,False,,422.0,422.0,,,,0.3638933470231907,0.0,0.0,0.1643835616438356,0.0487106017191977
full_protocol,audited,singleton_weak,audited,dependency_primary_as_implemented_in_pilot_v1,5772,rule_compact_to_qwen,full_information,anchor,,,,422,73,349,64,9,16,333,0.8767123287671232,0.0458452722063037,0.8,0.0688005183497085,346,16,0.0462427745664739,0.0693897713192555,False,,422.0,422.0,,,,0.221628678341203,1.0,1.0,0.9041095890410958,0.0487106017191977
full_protocol,audited,singleton_weak,audited,dependency_primary_as_implemented_in_pilot_v1,5772,rule_compact_to_qwen,selective_deployable,0.10,0.1,,,422,73,349,22,51,8,341,0.3013698630136986,0.0229226361031518,0.7333333333333333,0.0409791162974825,346,8,0.0231213872832369,0.0413310984198789,True,,422.0,422.0,,,0.207252056790026,0.2460152565392954,0.1018957345971564,0.1042654028436018,0.3150684931506849,0.0343839541547277
full_protocol,audited,singleton_weak,audited,dependency_primary_as_implemented_in_pilot_v1,5772,rule_compact_to_qwen,selective_deployable,0.25,0.25,,,422,73,349,31,42,11,338,0.4246575342465753,0.0315186246418338,0.7380952380952381,0.05163164376229,346,11,0.0317919075144508,0.0520746022496586,False,,422.0,422.0,,,0.3155753798013602,0.173202654682178,0.2511848341232227,0.2393364928909952,0.4931506849315068,0.0458452722063037
full_protocol,audited,singleton_weak,audited,dependency_primary_as_implemented_in_pilot_v1,5772,rule_compact_to_qwen,selective_deployable,0.50,0.5,,,422,73,349,50,23,14,335,0.684931506849315,0.0401146131805157,0.78125,0.0620021937416264,346,14,0.0404624277456647,0.0625335657785234,False,,422.0,422.0,,,0.390889108426794,0.2371548289311668,0.5,0.5379146919431279,0.684931506849315,0.0343839541547277
full_protocol,audited,singleton_weak,audited,dependency_primary_as_implemented_in_pilot_v1,8111,rule_to_compact,cheap_only,anchor,,,,422,73,349,13,60,5,344,0.1780821917808219,0.0143266475644699,0.7222222222222222,0.0298858860410991,348,5,0.014367816091954,0.0299710822514807,True,,422.0,422.0,,,,0.3941693718913648,0.0,0.0,0.136986301369863,0.0343839541547277
full_protocol,audited,singleton_weak,audited,dependency_primary_as_implemented_in_pilot_v1,8111,rule_to_compact,full_information,anchor,,,,422,73,349,15,58,7,342,0.2054794520547945,0.0200573065902578,0.6818181818181818,0.0373422996673432,348,7,0.0201149425287356,0.0374486514542516,True,,422.0,422.0,,,,0.386452255267105,1.0,1.0,0.136986301369863,0.0458452722063037
full_protocol,audited,singleton_weak,audited,dependency_primary_as_implemented_in_pilot_v1,8111,rule_to_compact,selective_deployable,0.10,0.1,,,422,73,349,13,60,5,344,0.1780821917808219,0.0143266475644699,0.7222222222222222,0.0298858860410991,348,5,0.014367816091954,0.0299710822514807,True,,422.0,422.0,,,0.1958547239383304,0.386452255267105,0.1018957345971564,0.0971563981042654,0.136986301369863,0.0343839541547277
full_protocol,audited,singleton_weak,audited,dependency_primary_as_implemented_in_pilot_v1,8111,rule_to_compact,selective_deployable,0.25,0.25,,,422,73,349,14,59,5,344,0.1917808219178082,0.0143266475644699,0.7368421052631579,0.0298858860410991,348,5,0.014367816091954,0.0299710822514807,True,,422.0,422.0,,,0.296449093029891,0.386452255267105,0.2511848341232227,0.2274881516587677,0.136986301369863,0.0372492836676217
full_protocol,audited,singleton_weak,audited,dependency_primary_as_implemented_in_pilot_v1,8111,rule_to_compact,selective_deployable,0.50,0.5,,,422,73,349,15,58,7,342,0.2054794520547945,0.0200573065902578,0.6818181818181818,0.0373422996673432,348,7,0.0201149425287356,0.0374486514542516,True,,422.0,422.0,,,0.3756043482516325,0.386452255267105,1.0,1.0,0.136986301369863,0.0458452722063037
full_protocol,audited,singleton_weak,audited,dependency_primary_as_implemented_in_pilot_v1,8111,compact_to_qwen,cheap_only,anchor,,,,422,73,349,9,64,26,323,0.1232876712328767,0.0744985673352435,0.2571428571428571,0.1018668488799684,348,26,0.0747126436781609,0.1021551967802917,False,,422.0,422.0,,,,0.1678846060455178,0.0,0.0,0.1506849315068493,0.0429799426934097
full_protocol,audited,singleton_weak,audited,dependency_primary_as_implemented_in_pilot_v1,8111,compact_to_qwen,full_information,anchor,,,,422,73,349,56,17,14,335,0.7671232876712328,0.0401146131805157,0.8,0.0620021937416264,348,14,0.0402298850574712,0.0621783116686744,False,,422.0,422.0,,,,0.8271202912918291,1.0,1.0,0.9315068493150684,0.0401146131805157
full_protocol,audited,singleton_weak,audited,dependency_primary_as_implemented_in_pilot_v1,8111,compact_to_qwen,selective_deployable,0.10,0.1,,,422,73,349,14,59,14,335,0.1917808219178082,0.0401146131805157,0.5,0.0620021937416264,348,14,0.0402298850574712,0.0621783116686744,False,,422.0,422.0,,,0.3331543342251526,0.1664207328089221,0.1018957345971564,0.1232227488151658,0.273972602739726,0.0487106017191977
full_protocol,audited,singleton_weak,audited,dependency_primary_as_implemented_in_pilot_v1,8111,compact_to_qwen,selective_deployable,0.25,0.25,,,422,73,349,22,51,6,343,0.3013698630136986,0.0171919770773638,0.7857142857142857,0.0336488440508061,348,6,0.0172413793103448,0.0337447205006113,True,,422.0,422.0,,,0.3342667420129636,0.8276117370470186,0.2511848341232227,0.2725118483412322,0.410958904109589,0.0229226361031518
full_protocol,audited,singleton_weak,audited,dependency_primary_as_implemented_in_pilot_v1,8111,compact_to_qwen,selective_deployable,0.50,0.5,,,422,73,349,41,32,9,340,0.5616438356164384,0.0257879656160458,0.82,0.0445685725403165,348,9,0.0258620689655172,0.0446953987244803,True,,422.0,422.0,,,0.3347514863290401,0.8273361804484857,0.5,0.509478672985782,0.6986301369863014,0.0343839541547277
full_protocol,audited,singleton_weak,audited,dependency_primary_as_implemented_in_pilot_v1,8111,rule_compact_to_qwen,cheap_only,anchor,,,,422,73,349,15,58,7,342,0.2054794520547945,0.0200573065902578,0.6818181818181818,0.0373422996673432,348,7,0.0201149425287356,0.0374486514542516,True,,422.0,422.0,,,,0.386452255267105,0.0,0.0,0.136986301369863,0.0458452722063037
full_protocol,audited,singleton_weak,audited,dependency_primary_as_implemented_in_pilot_v1,8111,rule_compact_to_qwen,full_information,anchor,,,,422,73,349,56,17,14,335,0.7671232876712328,0.0401146131805157,0.8,0.0620021937416264,348,14,0.0402298850574712,0.0621783116686744,False,,422.0,422.0,,,,0.788295206367919,1.0,1.0,0.9315068493150684,0.0401146131805157
full_protocol,audited,singleton_weak,audited,dependency_primary_as_implemented_in_pilot_v1,8111,rule_compact_to_qwen,selective_deployable,0.10,0.1,,,422,73,349,25,48,16,333,0.3424657534246575,0.0458452722063037,0.6097560975609756,0.0688005183497085,348,16,0.0459770114942528,0.0689958210834784,False,,422.0,422.0,,,0.1729224791912774,0.2562367292097839,0.1018957345971564,0.0781990521327014,0.3150684931506849,0.0487106017191977
full_protocol,audited,singleton_weak,audited,dependency_primary_as_implemented_in_pilot_v1,8111,rule_compact_to_qwen,selective_deployable,0.25,0.25,,,422,73,349,29,44,4,345,0.3972602739726027,0.0114613180515759,0.8787878787878788,0.0260346692514637,348,4,0.0114942528735632,0.0261089261599683,True,,422.0,422.0,,,0.2941559753931709,0.8394419111084332,0.2511848341232227,0.2180094786729857,0.4657534246575342,0.0143266475644699
full_protocol,audited,singleton_weak,audited,dependency_primary_as_implemented_in_pilot_v1,8111,rule_compact_to_qwen,selective_deployable,0.50,0.5,,,422,73,349,48,25,23,326,0.6575342465753424,0.0659025787965616,0.676056338028169,0.0920773606800653,348,23,0.0660919540229885,0.0923382065597978,False,,422.0,422.0,,,0.3809809912278447,0.118818530496563,0.5,0.4976303317535545,0.7671232876712328,0.0487106017191977
full_protocol,original,dependency_primary,original,dependency_primary_as_implemented_in_pilot_v1,1729,rule_to_compact,cheap_only,anchor,,,,420,70,350,12,58,12,338,0.1714285714285714,0.0342857142857142,0.5,0.0549591124020735,347,12,0.0345821325648415,0.0554291043677078,False,,421.0,420.0,,,,0.4200792867787566,0.0,0.0,0.1549295774647887,0.0371428571428571
full_protocol,original,dependency_primary,original,dependency_primary_as_implemented_in_pilot_v1,1729,rule_to_compact,full_information,anchor,,,,420,70,350,13,57,12,338,0.1857142857142857,0.0342857142857142,0.52,0.0549591124020735,347,12,0.0345821325648415,0.0554291043677078,False,,421.0,420.0,,,,0.4170606817111997,1.0,1.0,0.1690140845070422,0.0371428571428571
full_protocol,original,dependency_primary,original,dependency_primary_as_implemented_in_pilot_v1,1729,rule_to_compact,selective_deployable,0.10,0.1,,,420,70,350,12,58,12,338,0.1714285714285714,0.0342857142857142,0.5,0.0549591124020735,347,12,0.0345821325648415,0.0554291043677078,False,,421.0,420.0,,,0.1603354149717198,0.4170606817111997,0.1045130641330166,0.0976190476190476,0.1690140845070422,0.0371428571428571
full_protocol,original,dependency_primary,original,dependency_primary_as_implemented_in_pilot_v1,1729,rule_to_compact,selective_deployable,0.25,0.25,,,420,70,350,13,57,12,338,0.1857142857142857,0.0342857142857142,0.52,0.0549591124020735,347,12,0.0345821325648415,0.0554291043677078,False,,421.0,420.0,,,0.3020193021621608,0.4170606817111997,0.2565320665083135,0.2595238095238095,0.1690140845070422,0.0371428571428571
full_protocol,original,dependency_primary,original,dependency_primary_as_implemented_in_pilot_v1,1729,rule_to_compact,selective_deployable,0.50,0.5,,,420,70,350,13,57,12,338,0.1857142857142857,0.0342857142857142,0.52,0.0549591124020735,347,12,0.0345821325648415,0.0554291043677078,False,,421.0,420.0,,,0.3853106414691997,0.4170606817111997,1.0,1.0,0.1690140845070422,0.0371428571428571
full_protocol,original,dependency_primary,original,dependency_primary_as_implemented_in_pilot_v1,1729,compact_to_qwen,cheap_only,anchor,,,,420,70,350,5,65,16,334,0.0714285714285714,0.0457142857142857,0.238095238095238,0.0686063179553179,347,16,0.0461095100864553,0.0691922355673019,False,,421.0,420.0,,,,0.1737973296313447,0.0,0.0,0.1971830985915492,0.0457142857142857
full_protocol,original,dependency_primary,original,dependency_primary_as_implemented_in_pilot_v1,1729,compact_to_qwen,full_information,anchor,,,,420,70,350,54,16,14,336,0.7714285714285715,0.04,0.7941176470588235,0.0618270705368557,347,14,0.0403458213256484,0.0623554328159655,False,,421.0,420.0,,,,0.264104037572934,1.0,1.0,0.8450704225352113,0.0485714285714285
full_protocol,original,dependency_primary,original,dependency_primary_as_implemented_in_pilot_v1,1729,compact_to_qwen,selective_deployable,0.10,0.1,,,420,70,350,18,52,21,329,0.2571428571428571,0.06,0.4615384615384615,0.0852545937243758,347,21,0.0605187319884726,0.0859816093644705,False,,421.0,420.0,,,0.3274944489760417,0.172056790969934,0.1021377672209026,0.0952380952380952,0.380281690140845,0.0371428571428571
full_protocol,original,dependency_primary,original,dependency_primary_as_implemented_in_pilot_v1,1729,compact_to_qwen,selective_deployable,0.25,0.25,,,420,70,350,28,42,16,334,0.4,0.0457142857142857,0.6363636363636364,0.0686063179553179,347,16,0.0461095100864553,0.0691922355673019,False,,421.0,420.0,,,0.3282743859769409,0.1716980867528846,0.2517814726840855,0.2452380952380952,0.4929577464788732,0.0457142857142857
full_protocol,original,dependency_primary,original,dependency_primary_as_implemented_in_pilot_v1,1729,compact_to_qwen,selective_deployable,0.50,0.5,,,420,70,350,44,26,17,333,0.6285714285714286,0.0485714285714285,0.7213114754098361,0.0719674829531914,347,17,0.0489913544668587,0.0725819148103667,False,,421.0,420.0,,,0.3285414404681359,0.1714547674045518,0.501187648456057,0.5095238095238095,0.7323943661971831,0.0485714285714285
full_protocol,original,dependency_primary,original,dependency_primary_as_implemented_in_pilot_v1,1729,rule_compact_to_qwen,cheap_only,anchor,,,,420,70,350,13,57,12,338,0.1857142857142857,0.0342857142857142,0.52,0.0549591124020735,347,12,0.0345821325648415,0.0554291043677078,False,,421.0,420.0,,,,0.4170606817111997,0.0,0.0,0.1690140845070422,0.0371428571428571
full_protocol,original,dependency_primary,original,dependency_primary_as_implemented_in_pilot_v1,1729,rule_compact_to_qwen,full_information,anchor,,,,420,70,350,56,14,11,339,0.8,0.0314285714285714,0.835820895522388,0.0514856606307369,347,11,0.031700288184438,0.0519261074315273,False,,421.0,420.0,,,,0.2309631041499236,1.0,1.0,0.8591549295774648,0.0485714285714285
full_protocol,original,dependency_primary,original,dependency_primary_as_implemented_in_pilot_v1,1729,rule_compact_to_qwen,selective_deployable,0.10,0.1,,,420,70,350,14,56,5,345,0.2,0.0142857142857142,0.7368421052631579,0.0298011727950201,347,5,0.0144092219020172,0.0300567655679614,True,,421.0,420.0,,,0.1626059501184766,0.3201815731928547,0.1021377672209026,0.1,0.2394366197183098,0.04
full_protocol,original,dependency_primary,original,dependency_primary_as_implemented_in_pilot_v1,1729,rule_compact_to_qwen,selective_deployable,0.25,0.25,,,420,70,350,27,43,13,337,0.3857142857142857,0.0371428571428571,0.675,0.0584053096533763,347,13,0.0374639769452449,0.0589045985512516,False,,421.0,420.0,,,0.2918239150197204,0.1924452927666793,0.2517814726840855,0.2571428571428571,0.4929577464788732,0.0371428571428571
full_protocol,original,dependency_primary,original,dependency_primary_as_implemented_in_pilot_v1,1729,rule_compact_to_qwen,selective_deployable,0.50,0.5,,,420,70,350,36,34,10,340,0.5142857142857142,0.0285714285714285,0.782608695652174,0.047981525580851,347,10,0.0288184438040345,0.0483921489861662,True,,421.0,420.0,,,0.3870768310164192,0.2309631041499236,0.501187648456057,0.5119047619047619,0.7605633802816901,0.0285714285714285
full_protocol,original,dependency_primary,original,dependency_primary_as_implemented_in_pilot_v1,2718,rule_to_compact,cheap_only,anchor,,,,421,71,350,11,60,19,331,0.1549295774647887,0.0542857142857142,0.3666666666666666,0.0786402386372628,347,19,0.0547550432276657,0.0793112366935812,False,,421.0,421.0,,,,0.3539706002868248,0.0,0.0,0.2394366197183098,0.0457142857142857
full_protocol,original,dependency_primary,original,dependency_primary_as_implemented_in_pilot_v1,2718,rule_to_compact,full_information,anchor,,,,421,71,350,12,59,21,329,0.1690140845070422,0.06,0.3636363636363636,0.0852545937243758,347,21,0.0605187319884726,0.0859816093644705,False,,421.0,421.0,,,,0.348911813188008,1.0,1.0,0.2394366197183098,0.0457142857142857
full_protocol,original,dependency_primary,original,dependency_primary_as_implemented_in_pilot_v1,2718,rule_to_compact,selective_deployable,0.10,0.1,,,421,71,350,11,60,19,331,0.1549295774647887,0.0542857142857142,0.3666666666666666,0.0786402386372628,347,19,0.0547550432276657,0.0793112366935812,False,,421.0,421.0,,,0.1865818520832044,0.348911813188008,0.1045130641330166,0.0902612826603325,0.2394366197183098,0.0457142857142857
full_protocol,original,dependency_primary,original,dependency_primary_as_implemented_in_pilot_v1,2718,rule_to_compact,selective_deployable,0.25,0.25,,,421,71,350,12,59,20,330,0.1690140845070422,0.0571428571428571,0.375,0.0819542098114502,347,20,0.0576368876080691,0.0826532807745683,False,,421.0,421.0,,,0.3148139175089683,0.348911813188008,0.2612826603325415,0.2731591448931116,0.2394366197183098,0.0457142857142857
full_protocol,original,dependency_primary,original,dependency_primary_as_implemented_in_pilot_v1,2718,rule_to_compact,selective_deployable,0.50,0.5,,,421,71,350,12,59,21,329,0.1690140845070422,0.06,0.3636363636363636,0.0852545937243758,347,21,0.0605187319884726,0.0859816093644705,False,,421.0,421.0,,,0.3796161204198131,0.348911813188008,1.0,1.0,0.2394366197183098,0.0457142857142857
full_protocol,original,dependency_primary,original,dependency_primary_as_implemented_in_pilot_v1,2718,compact_to_qwen,cheap_only,anchor,,,,421,71,350,14,57,16,334,0.1971830985915492,0.0457142857142857,0.4666666666666667,0.0686063179553179,347,16,0.0461095100864553,0.0691922355673019,False,,421.0,421.0,,,,0.1701190061193156,0.0,0.0,0.0845070422535211,0.0457142857142857
full_protocol,original,dependency_primary,original,dependency_primary_as_implemented_in_pilot_v1,2718,compact_to_qwen,full_information,anchor,,,,421,71,350,60,11,23,327,0.8450704225352113,0.0657142857142857,0.7228915662650602,0.0918179839251865,347,23,0.0662824207492795,0.0926005340775551,False,,421.0,421.0,,,,0.2653979133733014,1.0,1.0,0.8732394366197183,0.0485714285714285
full_protocol,original,dependency_primary,original,dependency_primary_as_implemented_in_pilot_v1,2718,compact_to_qwen,selective_deployable,0.10,0.1,,,421,71,350,22,49,17,333,0.3098591549295774,0.0485714285714285,0.5641025641025641,0.0719674829531914,347,17,0.0489913544668587,0.0725819148103667,False,,421.0,421.0,,,0.3307570962077484,0.1688000392661567,0.1021377672209026,0.0973871733966745,0.2112676056338028,0.0457142857142857
full_protocol,original,dependency_primary,original,dependency_primary_as_implemented_in_pilot_v1,2718,compact_to_qwen,selective_deployable,0.25,0.25,,,421,71,350,35,36,28,322,0.4929577464788732,0.08,0.5555555555555556,0.1080395872808542,347,28,0.0806916426512968,0.1089591790172503,False,,421.0,421.0,,,0.3317128779797529,0.1682219203944449,0.2517814726840855,0.2470308788598574,0.3943661971830985,0.0457142857142857
full_protocol,original,dependency_primary,original,dependency_primary_as_implemented_in_pilot_v1,2718,compact_to_qwen,selective_deployable,0.50,0.5,,,421,71,350,48,23,23,327,0.676056338028169,0.0657142857142857,0.676056338028169,0.0918179839251865,347,23,0.0662824207492795,0.0926005340775551,False,,421.0,421.0,,,0.3320640326779116,0.265414314971004,0.501187648456057,0.5558194774346793,0.6901408450704225,0.0428571428571428
full_protocol,original,dependency_primary,original,dependency_primary_as_implemented_in_pilot_v1,2718,rule_compact_to_qwen,cheap_only,anchor,,,,421,71,350,12,59,21,329,0.1690140845070422,0.06,0.3636363636363636,0.0852545937243758,347,21,0.0605187319884726,0.0859816093644705,False,,421.0,421.0,,,,0.348911813188008,0.0,0.0,0.2394366197183098,0.0457142857142857
full_protocol,original,dependency_primary,original,dependency_primary_as_implemented_in_pilot_v1,2718,rule_compact_to_qwen,full_information,anchor,,,,421,71,350,61,10,23,327,0.8591549295774648,0.0657142857142857,0.7261904761904762,0.0918179839251865,347,23,0.0662824207492795,0.0926005340775551,False,,421.0,421.0,,,,0.2341432690918176,1.0,1.0,0.8732394366197183,0.0485714285714285
full_protocol,original,dependency_primary,original,dependency_primary_as_implemented_in_pilot_v1,2718,rule_compact_to_qwen,selective_deployable,0.10,0.1,,,421,71,350,22,49,18,332,0.3098591549295774,0.0514285714285714,0.55,0.075311700164249,347,18,0.0518731988472622,0.0759544884475703,False,,421.0,421.0,,,0.1879346758299932,0.2514210922410698,0.1021377672209026,0.0950118764845605,0.352112676056338,0.0457142857142857
full_protocol,original,dependency_primary,original,dependency_primary_as_implemented_in_pilot_v1,2718,rule_compact_to_qwen,selective_deployable,0.25,0.25,,,421,71,350,35,36,19,331,0.4929577464788732,0.0542857142857142,0.6481481481481481,0.0786402386372628,347,19,0.0547550432276657,0.0793112366935812,False,,421.0,421.0,,,0.3160998654080753,0.1661455191695394,0.2517814726840855,0.2684085510688836,0.4929577464788732,0.0485714285714285
full_protocol,original,dependency_primary,original,dependency_primary_as_implemented_in_pilot_v1,2718,rule_compact_to_qwen,selective_deployable,0.50,0.5,,,421,71,350,47,24,25,325,0.6619718309859155,0.0714285714285714,0.6527777777777778,0.0983363190817036,347,25,0.0720461095100864,0.0991739728379858,False,,421.0,421.0,,,0.3828128708626107,0.1167833661006428,0.501187648456057,0.4869358669833729,0.647887323943662,0.0457142857142857
full_protocol,original,dependency_primary,original,dependency_primary_as_implemented_in_pilot_v1,3141,rule_to_compact,cheap_only,anchor,,,,421,71,350,13,58,19,331,0.1830985915492957,0.0542857142857142,0.40625,0.0786402386372628,347,19,0.0547550432276657,0.0793112366935812,False,,421.0,421.0,,,,0.3246572676332325,0.0,0.0,0.2394366197183098,0.04
full_protocol,original,dependency_primary,original,dependency_primary_as_implemented_in_pilot_v1,3141,rule_to_compact,full_information,anchor,,,,421,71,350,12,59,18,332,0.1690140845070422,0.0514285714285714,0.4,0.075311700164249,347,18,0.0518731988472622,0.0759544884475703,False,,421.0,421.0,,,,0.3365171326925291,1.0,1.0,0.2394366197183098,0.0428571428571428
full_protocol,original,dependency_primary,original,dependency_primary_as_implemented_in_pilot_v1,3141,rule_to_compact,selective_deployable,0.10,0.1,,,421,71,350,15,56,23,327,0.2112676056338028,0.0657142857142857,0.3947368421052631,0.0918179839251865,347,23,0.0662824207492795,0.0926005340775551,False,,421.0,421.0,,,0.2273970086059956,0.3012381813414551,0.1068883610451306,0.1140142517814726,0.2535211267605634,0.0485714285714285
full_protocol,original,dependency_primary,original,dependency_primary_as_implemented_in_pilot_v1,3141,rule_to_compact,selective_deployable,0.25,0.25,,,421,71,350,16,55,23,327,0.2253521126760563,0.0657142857142857,0.4102564102564102,0.0918179839251865,347,23,0.0662824207492795,0.0926005340775551,False,,421.0,421.0,,,0.3087366774439137,0.3012381813414551,0.2565320665083135,0.2375296912114014,0.2535211267605634,0.0485714285714285
full_protocol,original,dependency_primary,original,dependency_primary_as_implemented_in_pilot_v1,3141,rule_to_compact,selective_deployable,0.50,0.5,,,421,71,350,12,59,18,332,0.1690140845070422,0.0514285714285714,0.4,0.075311700164249,347,18,0.0518731988472622,0.0759544884475703,False,,421.0,421.0,,,0.3757135483820764,0.3365171326925291,1.0,1.0,0.2394366197183098,0.0428571428571428
full_protocol,original,dependency_primary,original,dependency_primary_as_implemented_in_pilot_v1,3141,compact_to_qwen,cheap_only,anchor,,,,421,71,350,9,62,18,332,0.1267605633802817,0.0514285714285714,0.3333333333333333,0.075311700164249,347,18,0.0518731988472622,0.0759544884475703,False,,421.0,421.0,,,,0.1745420006694583,0.0,0.0,0.0985915492957746,0.0485714285714285
full_protocol,original,dependency_primary,original,dependency_primary_as_implemented_in_pilot_v1,3141,compact_to_qwen,full_information,anchor,,,,421,71,350,54,17,12,338,0.7605633802816901,0.0342857142857142,0.8181818181818182,0.0549591124020735,347,12,0.0345821325648415,0.0554291043677078,False,,421.0,421.0,,,,0.8049811885035755,1.0,1.0,0.8169014084507042,0.0428571428571428
full_protocol,original,dependency_primary,original,dependency_primary_as_implemented_in_pilot_v1,3141,compact_to_qwen,selective_deployable,0.10,0.1,,,421,71,350,15,56,9,341,0.2112676056338028,0.0257142857142857,0.625,0.0444424640102825,347,9,0.0259365994236311,0.0448229487056789,True,,421.0,421.0,,,0.3282174171467496,0.1713431111377095,0.1021377672209026,0.0973871733966745,0.1971830985915492,0.0228571428571428
full_protocol,original,dependency_primary,original,dependency_primary_as_implemented_in_pilot_v1,3141,compact_to_qwen,selective_deployable,0.25,0.25,,,421,71,350,25,46,5,345,0.352112676056338,0.0142857142857142,0.8333333333333334,0.0298011727950201,347,5,0.0144092219020172,0.0300567655679614,True,,421.0,421.0,,,0.3296778507044991,0.8053056154239157,0.2517814726840855,0.2375296912114014,0.3098591549295774,0.0257142857142857
full_protocol,original,dependency_primary,original,dependency_primary_as_implemented_in_pilot_v1,3141,compact_to_qwen,selective_deployable,0.50,0.5,,,421,71,350,41,30,9,341,0.5774647887323944,0.0257142857142857,0.82,0.0444424640102825,347,9,0.0259365994236311,0.0448229487056789,True,,421.0,421.0,,,0.3301369710321273,0.805128244575364,0.501187648456057,0.4631828978622327,0.5633802816901409,0.0342857142857142
full_protocol,original,dependency_primary,original,dependency_primary_as_implemented_in_pilot_v1,3141,rule_compact_to_qwen,cheap_only,anchor,,,,421,71,350,12,59,18,332,0.1690140845070422,0.0514285714285714,0.4,0.075311700164249,347,18,0.0518731988472622,0.0759544884475703,False,,421.0,421.0,,,,0.3365171326925291,0.0,0.0,0.2394366197183098,0.0428571428571428
full_protocol,original,dependency_primary,original,dependency_primary_as_implemented_in_pilot_v1,3141,rule_compact_to_qwen,full_information,anchor,,,,421,71,350,56,15,15,335,0.7887323943661971,0.0428571428571428,0.7887323943661971,0.0652267451569932,347,15,0.0432276657060518,0.0657839778694173,False,,421.0,421.0,,,,0.2916653680214503,1.0,1.0,0.8450704225352113,0.0485714285714285
full_protocol,original,dependency_primary,original,dependency_primary_as_implemented_in_pilot_v1,3141,rule_compact_to_qwen,selective_deployable,0.10,0.1,,,421,71,350,24,47,17,333,0.3380281690140845,0.0485714285714285,0.5853658536585366,0.0719674829531914,347,17,0.0489913544668587,0.0725819148103667,False,,421.0,421.0,,,0.2007152949716094,0.2467202793681891,0.1021377672209026,0.1092636579572446,0.3661971830985915,0.0457142857142857
full_protocol,original,dependency_primary,original,dependency_primary_as_implemented_in_pilot_v1,3141,rule_compact_to_qwen,selective_deployable,0.25,0.25,,,421,71,350,29,42,7,343,0.4084507042253521,0.02,0.8055555555555556,0.0372365501937572,347,7,0.0201729106628242,0.0375556107146779,True,,421.0,421.0,,,0.299249613962971,0.1984916413542465,0.2517814726840855,0.2470308788598574,0.4507042253521127,0.0314285714285714
full_protocol,original,dependency_primary,original,dependency_primary_as_implemented_in_pilot_v1,3141,rule_compact_to_qwen,selective_deployable,0.50,0.5,,,421,71,350,45,26,12,338,0.6338028169014085,0.0342857142857142,0.7894736842105263,0.0549591124020735,347,12,0.0345821325648415,0.0554291043677078,False,,421.0,421.0,,,0.3776559158272788,0.2594437842217686,0.501187648456057,0.498812351543943,0.6338028169014085,0.0485714285714285
full_protocol,original,dependency_primary,original,dependency_primary_as_implemented_in_pilot_v1,5772,rule_to_compact,cheap_only,anchor,,,,420,70,350,14,56,18,332,0.2,0.0514285714285714,0.4375,0.075311700164249,347,18,0.0518731988472622,0.0759544884475703,False,,421.0,420.0,,,,0.3841905255936983,0.0,0.0,0.1408450704225352,0.0457142857142857
full_protocol,original,dependency_primary,original,dependency_primary_as_implemented_in_pilot_v1,5772,rule_to_compact,full_information,anchor,,,,420,70,350,16,54,19,331,0.2285714285714285,0.0542857142857142,0.4571428571428571,0.0786402386372628,347,19,0.0547550432276657,0.0793112366935812,False,,421.0,420.0,,,,0.3697971331917755,1.0,1.0,0.1549295774647887,0.0485714285714285
full_protocol,original,dependency_primary,original,dependency_primary_as_implemented_in_pilot_v1,5772,rule_to_compact,selective_deployable,0.10,0.1,,,420,70,350,16,54,19,331,0.2285714285714285,0.0542857142857142,0.4571428571428571,0.0786402386372628,347,19,0.0547550432276657,0.0793112366935812,False,,421.0,420.0,,,0.2036838517632658,0.3697971331917755,0.1021377672209026,0.1261904761904762,0.1549295774647887,0.0485714285714285
full_protocol,original,dependency_primary,original,dependency_primary_as_implemented_in_pilot_v1,5772,rule_to_compact,selective_deployable,0.25,0.25,,,420,70,350,16,54,19,331,0.2285714285714285,0.0542857142857142,0.4571428571428571,0.0786402386372628,347,19,0.0547550432276657,0.0793112366935812,False,,421.0,420.0,,,0.3140056299393928,0.3697971331917755,0.2565320665083135,0.2833333333333333,0.1549295774647887,0.0485714285714285
full_protocol,original,dependency_primary,original,dependency_primary_as_implemented_in_pilot_v1,5772,rule_to_compact,selective_deployable,0.50,0.5,,,420,70,350,16,54,19,331,0.2285714285714285,0.0542857142857142,0.4571428571428571,0.0786402386372628,347,19,0.0547550432276657,0.0793112366935812,False,,421.0,420.0,,,0.383518469081969,0.3697971331917755,1.0,1.0,0.1549295774647887,0.0485714285714285
full_protocol,original,dependency_primary,original,dependency_primary_as_implemented_in_pilot_v1,5772,compact_to_qwen,cheap_only,anchor,,,,420,70,350,9,61,20,330,0.1285714285714285,0.0571428571428571,0.3103448275862069,0.0819542098114502,347,20,0.0576368876080691,0.0826532807745683,False,,421.0,420.0,,,,0.1732167141435388,0.0,0.0,0.1690140845070422,0.0457142857142857
full_protocol,original,dependency_primary,original,dependency_primary_as_implemented_in_pilot_v1,5772,compact_to_qwen,full_information,anchor,,,,420,70,350,49,21,15,335,0.7,0.0428571428571428,0.765625,0.0652267451569932,347,15,0.0432276657060518,0.0657839778694173,False,,421.0,420.0,,,,0.2680231071292853,1.0,1.0,0.8873239436619719,0.0457142857142857
full_protocol,original,dependency_primary,original,dependency_primary_as_implemented_in_pilot_v1,5772,compact_to_qwen,selective_deployable,0.10,0.1,,,420,70,350,18,52,16,334,0.2571428571428571,0.0457142857142857,0.5294117647058824,0.0686063179553179,347,16,0.0461095100864553,0.0691922355673019,False,,421.0,420.0,,,0.3276364291552514,0.1720692907870819,0.1021377672209026,0.1166666666666666,0.3098591549295774,0.0485714285714285
full_protocol,original,dependency_primary,original,dependency_primary_as_implemented_in_pilot_v1,5772,compact_to_qwen,selective_deployable,0.25,0.25,,,420,70,350,31,39,20,330,0.4428571428571428,0.0571428571428571,0.6078431372549019,0.0819542098114502,347,20,0.0576368876080691,0.0826532807745683,False,,421.0,420.0,,,0.3282763991117106,0.1716868455092394,0.2517814726840855,0.2738095238095238,0.5352112676056338,0.0485714285714285
full_protocol,original,dependency_primary,original,dependency_primary_as_implemented_in_pilot_v1,5772,compact_to_qwen,selective_deployable,0.50,0.5,,,420,70,350,45,25,15,335,0.6428571428571429,0.0428571428571428,0.75,0.0652267451569932,347,15,0.0432276657060518,0.0657839778694173,False,,421.0,420.0,,,0.3284662582432502,0.2678208289528729,0.501187648456057,0.5285714285714286,0.7183098591549296,0.0342857142857142
full_protocol,original,dependency_primary,original,dependency_primary_as_implemented_in_pilot_v1,5772,rule_compact_to_qwen,cheap_only,anchor,,,,420,70,350,16,54,19,331,0.2285714285714285,0.0542857142857142,0.4571428571428571,0.0786402386372628,347,19,0.0547550432276657,0.0793112366935812,False,,421.0,420.0,,,,0.3697971331917755,0.0,0.0,0.1549295774647887,0.0485714285714285
full_protocol,original,dependency_primary,original,dependency_primary_as_implemented_in_pilot_v1,5772,rule_compact_to_qwen,full_information,anchor,,,,420,70,350,52,18,17,333,0.7428571428571429,0.0485714285714285,0.7536231884057971,0.0719674829531914,347,17,0.0489913544668587,0.0725819148103667,False,,421.0,420.0,,,,0.2590887000581322,1.0,1.0,0.8873239436619719,0.04
full_protocol,original,dependency_primary,original,dependency_primary_as_implemented_in_pilot_v1,5772,rule_compact_to_qwen,selective_deployable,0.10,0.1,,,420,70,350,20,50,14,336,0.2857142857142857,0.04,0.5882352941176471,0.0618270705368557,347,14,0.0403458213256484,0.0623554328159655,False,,421.0,420.0,,,0.185854842372332,0.2625035449302754,0.1021377672209026,0.119047619047619,0.2816901408450704,0.0457142857142857
full_protocol,original,dependency_primary,original,dependency_primary_as_implemented_in_pilot_v1,5772,rule_compact_to_qwen,selective_deployable,0.25,0.25,,,420,70,350,30,40,15,335,0.4285714285714285,0.0428571428571428,0.6666666666666666,0.0652267451569932,347,15,0.0432276657060518,0.0657839778694173,False,,421.0,420.0,,,0.3123788342862446,0.1683459826405162,0.2517814726840855,0.2785714285714286,0.5070422535211268,0.0457142857142857
full_protocol,original,dependency_primary,original,dependency_primary_as_implemented_in_pilot_v1,5772,rule_compact_to_qwen,selective_deployable,0.50,0.5,,,420,70,350,37,33,11,339,0.5285714285714286,0.0314285714285714,0.7708333333333334,0.0514856606307369,347,11,0.031700288184438,0.0519261074315273,False,,421.0,420.0,,,0.3847637151692411,0.2590887000581322,0.501187648456057,0.5,0.676056338028169,0.0371428571428571
full_protocol,original,dependency_primary,original,dependency_primary_as_implemented_in_pilot_v1,8111,rule_to_compact,cheap_only,anchor,,,,420,70,350,11,59,13,337,0.1571428571428571,0.0371428571428571,0.4583333333333333,0.0584053096533763,347,13,0.0374639769452449,0.0589045985512516,False,,421.0,420.0,,,,0.3645396391027941,0.0,0.0,0.2112676056338028,0.0457142857142857
full_protocol,original,dependency_primary,original,dependency_primary_as_implemented_in_pilot_v1,8111,rule_to_compact,full_information,anchor,,,,420,70,350,12,58,13,337,0.1714285714285714,0.0371428571428571,0.48,0.0584053096533763,347,13,0.0374639769452449,0.0589045985512516,False,,421.0,420.0,,,,0.3700340214527507,1.0,1.0,0.1830985915492957,0.0485714285714285
full_protocol,original,dependency_primary,original,dependency_primary_as_implemented_in_pilot_v1,8111,rule_to_compact,selective_deployable,0.10,0.1,,,420,70,350,11,59,13,337,0.1571428571428571,0.0371428571428571,0.4583333333333333,0.0584053096533763,347,13,0.0374639769452449,0.0589045985512516,False,,421.0,420.0,,,0.1596712215421684,0.3597456863613669,0.1021377672209026,0.069047619047619,0.2112676056338028,0.0457142857142857
full_protocol,original,dependency_primary,original,dependency_primary_as_implemented_in_pilot_v1,8111,rule_to_compact,selective_deployable,0.25,0.25,,,420,70,350,13,57,13,337,0.1857142857142857,0.0371428571428571,0.5,0.0584053096533763,347,13,0.0374639769452449,0.0589045985512516,False,,421.0,420.0,,,0.2936541127242305,0.3597456863613669,0.2517814726840855,0.2142857142857142,0.2112676056338028,0.0457142857142857
full_protocol,original,dependency_primary,original,dependency_primary_as_implemented_in_pilot_v1,8111,rule_to_compact,selective_deployable,0.50,0.5,,,420,70,350,12,58,13,337,0.1714285714285714,0.0371428571428571,0.48,0.0584053096533763,347,13,0.0374639769452449,0.0589045985512516,False,,421.0,420.0,,,0.3727211012495737,0.3700340214527507,1.0,1.0,0.1830985915492957,0.0485714285714285
full_protocol,original,dependency_primary,original,dependency_primary_as_implemented_in_pilot_v1,8111,compact_to_qwen,cheap_only,anchor,,,,420,70,350,8,62,9,341,0.1142857142857142,0.0257142857142857,0.4705882352941176,0.0444424640102825,347,9,0.0259365994236311,0.0448229487056789,True,,421.0,420.0,,,,0.1740943867156264,0.0,0.0,0.056338028169014,0.0485714285714285
full_protocol,original,dependency_primary,original,dependency_primary_as_implemented_in_pilot_v1,8111,compact_to_qwen,full_information,anchor,,,,420,70,350,50,20,9,341,0.7142857142857143,0.0257142857142857,0.847457627118644,0.0444424640102825,347,9,0.0259365994236311,0.0448229487056789,True,,421.0,420.0,,,,0.8060777417759062,1.0,1.0,0.7464788732394366,0.0457142857142857
full_protocol,original,dependency_primary,original,dependency_primary_as_implemented_in_pilot_v1,8111,compact_to_qwen,selective_deployable,0.10,0.1,,,420,70,350,16,54,8,342,0.2285714285714285,0.0228571428571428,0.6666666666666666,0.0408631172854826,347,8,0.0230547550432276,0.0412131011770303,True,,421.0,420.0,,,0.3294105127118538,0.170015574105125,0.1021377672209026,0.0976190476190476,0.1549295774647887,0.0485714285714285
full_protocol,original,dependency_primary,original,dependency_primary_as_implemented_in_pilot_v1,8111,compact_to_qwen,selective_deployable,0.25,0.25,,,420,70,350,24,46,10,340,0.3428571428571428,0.0285714285714285,0.7058823529411765,0.047981525580851,347,10,0.0288184438040345,0.0483921489861662,True,,421.0,420.0,,,0.330717256975568,0.1692807348888787,0.2517814726840855,0.1928571428571428,0.3661971830985915,0.0371428571428571
full_protocol,original,dependency_primary,original,dependency_primary_as_implemented_in_pilot_v1,8111,compact_to_qwen,selective_deployable,0.50,0.5,,,420,70,350,42,28,9,341,0.6,0.0257142857142857,0.8235294117647058,0.0444424640102825,347,9,0.0259365994236311,0.0448229487056789,True,,421.0,420.0,,,0.3311744463112004,0.2865309379712345,0.501187648456057,0.4476190476190476,0.5774647887323944,0.0371428571428571
full_protocol,original,dependency_primary,original,dependency_primary_as_implemented_in_pilot_v1,8111,rule_compact_to_qwen,cheap_only,anchor,,,,420,70,350,12,58,13,337,0.1714285714285714,0.0371428571428571,0.48,0.0584053096533763,347,13,0.0374639769452449,0.0589045985512516,False,,421.0,420.0,,,,0.3700340214527507,0.0,0.0,0.1830985915492957,0.0485714285714285
full_protocol,original,dependency_primary,original,dependency_primary_as_implemented_in_pilot_v1,8111,rule_compact_to_qwen,full_information,anchor,,,,420,70,350,52,18,10,340,0.7428571428571429,0.0285714285714285,0.8387096774193549,0.047981525580851,347,10,0.0288184438040345,0.0483921489861662,True,,421.0,420.0,,,,0.7709180669336178,1.0,1.0,0.7464788732394366,0.0485714285714285
full_protocol,original,dependency_primary,original,dependency_primary_as_implemented_in_pilot_v1,8111,rule_compact_to_qwen,selective_deployable,0.10,0.1,,,420,70,350,16,54,13,337,0.2285714285714285,0.0371428571428571,0.5517241379310345,0.0584053096533763,347,13,0.0374639769452449,0.0589045985512516,False,,421.0,420.0,,,0.1616105969760144,0.2853085723298502,0.1021377672209026,0.0714285714285714,0.3098591549295774,0.0457142857142857
full_protocol,original,dependency_primary,original,dependency_primary_as_implemented_in_pilot_v1,8111,rule_compact_to_qwen,selective_deployable,0.25,0.25,,,420,70,350,26,44,10,340,0.3714285714285714,0.0285714285714285,0.7222222222222222,0.047981525580851,347,10,0.0288184438040345,0.0483921489861662,True,,421.0,420.0,,,0.2911480052226044,0.2007252659414462,0.2517814726840855,0.2071428571428571,0.4929577464788732,0.0428571428571428
full_protocol,original,dependency_primary,original,dependency_primary_as_implemented_in_pilot_v1,8111,rule_compact_to_qwen,selective_deployable,0.50,0.5,,,420,70,350,39,31,9,341,0.5571428571428572,0.0257142857142857,0.8125,0.0444424640102825,347,9,0.0259365994236311,0.0448229487056789,True,,421.0,420.0,,,0.3761531183053433,0.2821123798512261,0.501187648456057,0.4666666666666667,0.6901408450704225,0.04
full_protocol,original,singleton_weak,original,dependency_primary_as_implemented_in_pilot_v1,1729,rule_to_compact,cheap_only,anchor,,,,421,71,350,13,58,23,327,0.1830985915492957,0.0657142857142857,0.3611111111111111,0.0918179839251865,348,23,0.0660919540229885,0.0923382065597978,False,,423.0,421.0,,,,0.3780937451114933,0.0,0.0,0.2465753424657534,0.0485714285714285
full_protocol,original,singleton_weak,original,dependency_primary_as_implemented_in_pilot_v1,1729,rule_to_compact,full_information,anchor,,,,421,71,350,16,55,25,325,0.2253521126760563,0.0714285714285714,0.3902439024390244,0.0983363190817036,348,25,0.0718390804597701,0.0988931743258276,False,,423.0,421.0,,,,0.3694307660213807,1.0,1.0,0.2602739726027397,0.0485714285714285
full_protocol,original,singleton_weak,original,dependency_primary_as_implemented_in_pilot_v1,1729,rule_to_compact,selective_deployable,0.10,0.1,,,421,71,350,13,58,23,327,0.1830985915492957,0.0657142857142857,0.3611111111111111,0.0918179839251865,348,23,0.0660919540229885,0.0923382065597978,False,,423.0,421.0,,,0.1626990878854541,0.3694307660213807,0.1016548463356974,0.0997624703087886,0.2602739726027397,0.0485714285714285
full_protocol,original,singleton_weak,original,dependency_primary_as_implemented_in_pilot_v1,1729,rule_to_compact,selective_deployable,0.25,0.25,,,421,71,350,16,55,25,325,0.2253521126760563,0.0714285714285714,0.3902439024390244,0.0983363190817036,348,25,0.0718390804597701,0.0988931743258276,False,,423.0,421.0,,,0.3114910702528014,0.3694307660213807,0.2553191489361702,0.2755344418052256,0.2602739726027397,0.0485714285714285
full_protocol,original,singleton_weak,original,dependency_primary_as_implemented_in_pilot_v1,1729,rule_to_compact,selective_deployable,0.50,0.5,,,421,71,350,16,55,25,325,0.2253521126760563,0.0714285714285714,0.3902439024390244,0.0983363190817036,348,25,0.0718390804597701,0.0988931743258276,False,,423.0,421.0,,,0.3868435767570832,0.3694307660213807,1.0,1.0,0.2602739726027397,0.0485714285714285
full_protocol,original,singleton_weak,original,dependency_primary_as_implemented_in_pilot_v1,1729,compact_to_qwen,cheap_only,anchor,,,,421,71,350,5,66,17,333,0.0704225352112676,0.0485714285714285,0.2272727272727272,0.0719674829531914,348,17,0.0488505747126436,0.0723759420051782,False,,423.0,421.0,,,,0.1714875382995864,0.0,0.0,0.136986301369863,0.0485714285714285
full_protocol,original,singleton_weak,original,dependency_primary_as_implemented_in_pilot_v1,1729,compact_to_qwen,full_information,anchor,,,,421,71,350,60,11,22,328,0.8450704225352113,0.0628571428571428,0.7317073170731707,0.0885422598608603,348,22,0.0632183908045977,0.089044060796342,False,,423.0,421.0,,,,0.2743864788917154,1.0,1.0,0.8493150684931506,0.0485714285714285
full_protocol,original,singleton_weak,original,dependency_primary_as_implemented_in_pilot_v1,1729,compact_to_qwen,selective_deployable,0.10,0.1,,,421,71,350,11,60,9,341,0.1549295774647887,0.0257142857142857,0.55,0.0444424640102825,348,9,0.0258620689655172,0.0446953987244803,True,,423.0,421.0,,,0.3302598862185989,0.1693850275566031,0.1016548463356974,0.0688836104513064,0.2465753424657534,0.0285714285714285
full_protocol,original,singleton_weak,original,dependency_primary_as_implemented_in_pilot_v1,1729,compact_to_qwen,selective_deployable,0.25,0.25,,,421,71,350,26,45,11,339,0.3661971830985915,0.0314285714285714,0.7027027027027027,0.0514856606307369,348,11,0.0316091954022988,0.0517784569960094,False,,423.0,421.0,,,0.3315384756877843,0.2853697533139854,0.2505910165484633,0.2494061757719715,0.3424657534246575,0.0142857142857142
full_protocol,original,singleton_weak,original,dependency_primary_as_implemented_in_pilot_v1,1729,compact_to_qwen,selective_deployable,0.50,0.5,,,421,71,350,43,28,17,333,0.6056338028169014,0.0485714285714285,0.7166666666666667,0.0719674829531914,348,17,0.0488505747126436,0.0723759420051782,False,,423.0,421.0,,,0.331836467261148,0.2743864788917154,0.5011820330969267,0.4798099762470308,0.6027397260273972,0.0371428571428571
full_protocol,original,singleton_weak,original,dependency_primary_as_implemented_in_pilot_v1,1729,rule_compact_to_qwen,cheap_only,anchor,,,,421,71,350,16,55,25,325,0.2253521126760563,0.0714285714285714,0.3902439024390244,0.0983363190817036,348,25,0.0718390804597701,0.0988931743258276,False,,423.0,421.0,,,,0.3694307660213807,0.0,0.0,0.2602739726027397,0.0485714285714285
full_protocol,original,singleton_weak,original,dependency_primary_as_implemented_in_pilot_v1,1729,rule_compact_to_qwen,full_information,anchor,,,,421,71,350,59,12,22,328,0.8309859154929577,0.0628571428571428,0.7283950617283951,0.0885422598608603,348,22,0.0632183908045977,0.089044060796342,False,,423.0,421.0,,,,0.2133718179264164,1.0,1.0,0.8493150684931506,0.0485714285714285
full_protocol,original,singleton_weak,original,dependency_primary_as_implemented_in_pilot_v1,1729,rule_compact_to_qwen,selective_deployable,0.10,0.1,,,421,71,350,20,51,21,329,0.2816901408450704,0.06,0.4878048780487805,0.0852545937243758,348,21,0.0603448275862069,0.0857378973888335,False,,423.0,421.0,,,0.1610690392952704,0.2684451963246672,0.1016548463356974,0.1116389548693586,0.3698630136986301,0.0485714285714285
full_protocol,original,singleton_weak,original,dependency_primary_as_implemented_in_pilot_v1,1729,rule_compact_to_qwen,selective_deployable,0.25,0.25,,,421,71,350,26,45,20,330,0.3661971830985915,0.0571428571428571,0.5652173913043478,0.0819542098114502,348,20,0.057471264367816,0.0824189360829214,False,,423.0,421.0,,,0.2982803084643726,0.1789649668875829,0.2505910165484633,0.2636579572446555,0.5205479452054794,0.0485714285714285
full_protocol,original,singleton_weak,original,dependency_primary_as_implemented_in_pilot_v1,1729,rule_compact_to_qwen,selective_deployable,0.50,0.5,,,421,71,350,42,29,22,328,0.5915492957746479,0.0628571428571428,0.65625,0.0885422598608603,348,22,0.0632183908045977,0.089044060796342,False,,423.0,421.0,,,0.3886559692489183,0.1112696388441863,0.5011820330969267,0.5130641330166271,0.684931506849315,0.0428571428571428
full_protocol,original,singleton_weak,original,dependency_primary_as_implemented_in_pilot_v1,2718,rule_to_compact,cheap_only,anchor,,,,422,72,350,16,56,22,328,0.2222222222222222,0.0628571428571428,0.4210526315789473,0.0885422598608603,346,22,0.0635838150289017,0.0895515802434881,False,,422.0,422.0,,,,0.3330297911986389,0.0,0.0,0.2191780821917808,0.0487106017191977
full_protocol,original,singleton_weak,original,dependency_primary_as_implemented_in_pilot_v1,2718,rule_to_compact,full_information,anchor,,,,422,72,350,17,55,24,326,0.2361111111111111,0.0685714285714285,0.4146341463414634,0.0950824614712035,346,24,0.0693641618497109,0.0961657411238728,False,,422.0,422.0,,,,0.327979057696733,1.0,1.0,0.2328767123287671,0.0487106017191977
full_protocol,original,singleton_weak,original,dependency_primary_as_implemented_in_pilot_v1,2718,rule_to_compact,selective_deployable,0.10,0.1,,,422,72,350,16,56,22,328,0.2222222222222222,0.0628571428571428,0.4210526315789473,0.0885422598608603,346,22,0.0635838150289017,0.0895515802434881,False,,422.0,422.0,,,0.2306097819511284,0.327979057696733,0.1018957345971564,0.1563981042654028,0.2191780821917808,0.0487106017191977
full_protocol,original,singleton_weak,original,dependency_primary_as_implemented_in_pilot_v1,2718,rule_to_compact,selective_deployable,0.25,0.25,,,422,72,350,17,55,24,326,0.2361111111111111,0.0685714285714285,0.4146341463414634,0.0950824614712035,346,24,0.0693641618497109,0.0961657411238728,False,,422.0,422.0,,,0.331226463599511,0.327979057696733,0.2511848341232227,0.3436018957345971,0.2328767123287671,0.0487106017191977
full_protocol,original,singleton_weak,original,dependency_primary_as_implemented_in_pilot_v1,2718,rule_to_compact,selective_deployable,0.50,0.5,,,422,72,350,17,55,24,326,0.2361111111111111,0.0685714285714285,0.4146341463414634,0.0950824614712035,346,24,0.0693641618497109,0.0961657411238728,False,,422.0,422.0,,,0.3783553111386544,0.327979057696733,1.0,1.0,0.2328767123287671,0.0487106017191977
full_protocol,original,singleton_weak,original,dependency_primary_as_implemented_in_pilot_v1,2718,compact_to_qwen,cheap_only,anchor,,,,422,72,350,9,63,16,334,0.125,0.0457142857142857,0.36,0.0686063179553179,346,16,0.0462427745664739,0.0693897713192555,False,,422.0,422.0,,,,0.1687383381285155,0.0,0.0,0.1232876712328767,0.0458452722063037
full_protocol,original,singleton_weak,original,dependency_primary_as_implemented_in_pilot_v1,2718,compact_to_qwen,full_information,anchor,,,,422,72,350,63,9,17,333,0.875,0.0485714285714285,0.7875,0.0719674829531914,346,16,0.0462427745664739,0.0693897713192555,False,,422.0,422.0,,,,0.2706410507948338,1.0,1.0,0.9452054794520548,0.0487106017191977
full_protocol,original,singleton_weak,original,dependency_primary_as_implemented_in_pilot_v1,2718,compact_to_qwen,selective_deployable,0.10,0.1,,,422,72,350,20,52,17,333,0.2777777777777778,0.0485714285714285,0.5405405405405406,0.0719674829531914,346,17,0.0491329479768786,0.0727890630636232,False,,422.0,422.0,,,0.3327465592011517,0.166752858021872,0.1018957345971564,0.1090047393364928,0.3424657534246575,0.0458452722063037
full_protocol,original,singleton_weak,original,dependency_primary_as_implemented_in_pilot_v1,2718,compact_to_qwen,selective_deployable,0.25,0.25,,,422,72,350,30,42,14,336,0.4166666666666667,0.04,0.6818181818181818,0.0618270705368557,346,14,0.0404624277456647,0.0625335657785234,False,,422.0,422.0,,,0.3336196310678221,0.1663406565363027,0.2511848341232227,0.2630331753554502,0.4794520547945205,0.0401146131805157
full_protocol,original,singleton_weak,original,dependency_primary_as_implemented_in_pilot_v1,2718,compact_to_qwen,selective_deployable,0.50,0.5,,,422,72,350,48,24,16,334,0.6666666666666666,0.0457142857142857,0.75,0.0686063179553179,346,16,0.0462427745664739,0.0693897713192555,False,,422.0,422.0,,,0.3338831947063556,0.1661134460495512,0.5,0.5118483412322274,0.6986301369863014,0.0458452722063037
full_protocol,original,singleton_weak,original,dependency_primary_as_implemented_in_pilot_v1,2718,rule_compact_to_qwen,cheap_only,anchor,,,,422,72,350,17,55,24,326,0.2361111111111111,0.0685714285714285,0.4146341463414634,0.0950824614712035,346,24,0.0693641618497109,0.0961657411238728,False,,422.0,422.0,,,,0.327979057696733,0.0,0.0,0.2328767123287671,0.0487106017191977
full_protocol,original,singleton_weak,original,dependency_primary_as_implemented_in_pilot_v1,2718,rule_compact_to_qwen,full_information,anchor,,,,422,72,350,65,7,17,333,0.9027777777777778,0.0485714285714285,0.7926829268292683,0.0719674829531914,346,16,0.0462427745664739,0.0693897713192555,False,,422.0,422.0,,,,0.2439415265371051,1.0,1.0,0.9452054794520548,0.0487106017191977
full_protocol,original,singleton_weak,original,dependency_primary_as_implemented_in_pilot_v1,2718,rule_compact_to_qwen,selective_deployable,0.10,0.1,,,422,72,350,27,45,18,332,0.375,0.0514285714285714,0.6,0.075311700164249,346,18,0.0520231213872832,0.0761711959411054,False,,422.0,422.0,,,0.2177310707420799,0.2399453736093324,0.1018957345971564,0.1540284360189573,0.3561643835616438,0.0286532951289398
full_protocol,original,singleton_weak,original,dependency_primary_as_implemented_in_pilot_v1,2718,rule_compact_to_qwen,selective_deployable,0.25,0.25,,,422,72,350,42,30,15,335,0.5833333333333334,0.0428571428571428,0.7368421052631579,0.0652267451569932,346,15,0.0433526011560693,0.0659718435304421,False,,422.0,422.0,,,0.3348782001316701,0.1579318858385837,0.2511848341232227,0.3364928909952606,0.5205479452054794,0.0315186246418338
full_protocol,original,singleton_weak,original,dependency_primary_as_implemented_in_pilot_v1,2718,rule_compact_to_qwen,selective_deployable,0.50,0.5,,,422,72,350,52,20,14,336,0.7222222222222222,0.04,0.7878787878787878,0.0618270705368557,346,14,0.0404624277456647,0.0625335657785234,False,,422.0,422.0,,,0.3812500415977925,0.1187324876399412,0.5,0.5639810426540285,0.7534246575342466,0.0286532951289398
full_protocol,original,singleton_weak,original,dependency_primary_as_implemented_in_pilot_v1,3141,rule_to_compact,cheap_only,anchor,,,,422,72,350,11,61,17,333,0.1527777777777778,0.0485714285714285,0.3928571428571428,0.0719674829531914,348,17,0.0488505747126436,0.0723759420051782,False,,422.0,422.0,,,,0.3881770877642375,0.0,0.0,0.1805555555555555,0.0428571428571428
full_protocol,original,singleton_weak,original,dependency_primary_as_implemented_in_pilot_v1,3141,rule_to_compact,full_information,anchor,,,,422,72,350,11,61,17,333,0.1527777777777778,0.0485714285714285,0.3928571428571428,0.0719674829531914,348,17,0.0488505747126436,0.0723759420051782,False,,422.0,422.0,,,,0.3828825994039425,1.0,1.0,0.1944444444444444,0.0428571428571428
full_protocol,original,singleton_weak,original,dependency_primary_as_implemented_in_pilot_v1,3141,rule_to_compact,selective_deployable,0.10,0.1,,,422,72,350,11,61,17,333,0.1527777777777778,0.0485714285714285,0.3928571428571428,0.0719674829531914,348,17,0.0488505747126436,0.0723759420051782,False,,422.0,422.0,,,0.1881786884512107,0.3828825994039425,0.1018957345971564,0.1184834123222748,0.1944444444444444,0.0428571428571428
full_protocol,original,singleton_weak,original,dependency_primary_as_implemented_in_pilot_v1,3141,rule_to_compact,selective_deployable,0.25,0.25,,,422,72,350,11,61,17,333,0.1527777777777778,0.0485714285714285,0.3928571428571428,0.0719674829531914,348,17,0.0488505747126436,0.0723759420051782,False,,422.0,422.0,,,0.3144636375510062,0.3828825994039425,0.2511848341232227,0.2606635071090047,0.1944444444444444,0.0428571428571428
full_protocol,original,singleton_weak,original,dependency_primary_as_implemented_in_pilot_v1,3141,rule_to_compact,selective_deployable,0.50,0.5,,,422,72,350,11,61,17,333,0.1527777777777778,0.0485714285714285,0.3928571428571428,0.0719674829531914,348,17,0.0488505747126436,0.0723759420051782,False,,422.0,422.0,,,0.3877841110780555,0.3828825994039425,1.0,1.0,0.1944444444444444,0.0428571428571428
full_protocol,original,singleton_weak,original,dependency_primary_as_implemented_in_pilot_v1,3141,compact_to_qwen,cheap_only,anchor,,,,422,72,350,7,65,15,335,0.0972222222222222,0.0428571428571428,0.3181818181818182,0.0652267451569932,348,15,0.043103448275862,0.0655971789419979,False,,422.0,422.0,,,,0.1686418094224818,0.0,0.0,0.1388888888888889,0.04
full_protocol,original,singleton_weak,original,dependency_primary_as_implemented_in_pilot_v1,3141,compact_to_qwen,full_information,anchor,,,,422,72,350,52,20,17,333,0.7222222222222222,0.0485714285714285,0.7536231884057971,0.0719674829531914,348,17,0.0488505747126436,0.0723759420051782,False,,422.0,422.0,,,,0.2664760310795975,1.0,1.0,0.875,0.0457142857142857
full_protocol,original,singleton_weak,original,dependency_primary_as_implemented_in_pilot_v1,3141,compact_to_qwen,selective_deployable,0.10,0.1,,,422,72,350,13,59,18,332,0.1805555555555555,0.0514285714285714,0.4193548387096774,0.075311700164249,348,18,0.0517241379310344,0.0757390102526806,False,,422.0,422.0,,,0.3323077483356049,0.1672799062435113,0.1018957345971564,0.0924170616113744,0.3055555555555556,0.0457142857142857
full_protocol,original,singleton_weak,original,dependency_primary_as_implemented_in_pilot_v1,3141,compact_to_qwen,selective_deployable,0.25,0.25,,,422,72,350,21,51,24,326,0.2916666666666667,0.0685714285714285,0.4666666666666667,0.0950824614712035,348,24,0.0689655172413793,0.0956210343154711,False,,422.0,422.0,,,0.3331642683931954,0.1667898229764997,0.2511848341232227,0.2559241706161137,0.4861111111111111,0.0457142857142857
full_protocol,original,singleton_weak,original,dependency_primary_as_implemented_in_pilot_v1,3141,compact_to_qwen,selective_deployable,0.50,0.5,,,422,72,350,40,32,17,333,0.5555555555555556,0.0485714285714285,0.7017543859649122,0.0719674829531914,348,17,0.0488505747126436,0.0723759420051782,False,,422.0,422.0,,,0.333449249755335,0.2663081619486931,0.5,0.495260663507109,0.6666666666666666,0.0428571428571428
full_protocol,original,singleton_weak,original,dependency_primary_as_implemented_in_pilot_v1,3141,rule_compact_to_qwen,cheap_only,anchor,,,,422,72,350,11,61,17,333,0.1527777777777778,0.0485714285714285,0.3928571428571428,0.0719674829531914,348,17,0.0488505747126436,0.0723759420051782,False,,422.0,422.0,,,,0.3828825994039425,0.0,0.0,0.1944444444444444,0.0428571428571428
full_protocol,original,singleton_weak,original,dependency_primary_as_implemented_in_pilot_v1,3141,rule_compact_to_qwen,full_information,anchor,,,,422,72,350,56,16,19,331,0.7777777777777778,0.0542857142857142,0.7466666666666667,0.0786402386372628,348,19,0.0545977011494252,0.0790863022969873,False,,422.0,422.0,,,,0.2367873330774952,1.0,1.0,0.9166666666666666,0.0457142857142857
full_protocol,original,singleton_weak,original,dependency_primary_as_implemented_in_pilot_v1,3141,rule_compact_to_qwen,selective_deployable,0.10,0.1,,,422,72,350,21,51,18,332,0.2916666666666667,0.0514285714285714,0.5384615384615384,0.075311700164249,348,18,0.0517241379310344,0.0757390102526806,False,,422.0,422.0,,,0.1946248200552524,0.2610687599508179,0.1018957345971564,0.1232227488151658,0.3611111111111111,0.0285714285714285
full_protocol,original,singleton_weak,original,dependency_primary_as_implemented_in_pilot_v1,3141,rule_compact_to_qwen,selective_deployable,0.25,0.25,,,422,72,350,34,38,34,316,0.4722222222222222,0.0971428571428571,0.5,0.1272220885311819,348,34,0.0977011494252873,0.1279408981064335,False,,422.0,422.0,,,0.3088332948965798,0.1619465126345111,0.2511848341232227,0.2369668246445497,0.5277777777777778,0.0428571428571428
full_protocol,original,singleton_weak,original,dependency_primary_as_implemented_in_pilot_v1,3141,rule_compact_to_qwen,selective_deployable,0.50,0.5,,,422,72,350,46,26,21,329,0.6388888888888888,0.06,0.6865671641791045,0.0852545937243758,348,21,0.0603448275862069,0.0857378973888335,False,,422.0,422.0,,,0.3908840433216415,0.1089883212260606,0.5,0.5165876777251185,0.7361111111111112,0.0457142857142857
full_protocol,original,singleton_weak,original,dependency_primary_as_implemented_in_pilot_v1,5772,rule_to_compact,cheap_only,anchor,,,,422,72,350,11,61,10,340,0.1527777777777778,0.0285714285714285,0.5238095238095238,0.047981525580851,346,10,0.0289017341040462,0.0485305895776893,True,,422.0,422.0,,,,0.3926933271448399,0.0,0.0,0.1666666666666666,0.0457142857142857
full_protocol,original,singleton_weak,original,dependency_primary_as_implemented_in_pilot_v1,5772,rule_to_compact,full_information,anchor,,,,422,72,350,11,61,10,340,0.1527777777777778,0.0285714285714285,0.5238095238095238,0.047981525580851,346,10,0.0289017341040462,0.0485305895776893,True,,422.0,422.0,,,,0.3905133171500383,1.0,1.0,0.1944444444444444,0.0457142857142857
full_protocol,original,singleton_weak,original,dependency_primary_as_implemented_in_pilot_v1,5772,rule_to_compact,selective_deployable,0.10,0.1,,,422,72,350,11,61,10,340,0.1527777777777778,0.0285714285714285,0.5238095238095238,0.047981525580851,346,10,0.0289017341040462,0.0485305895776893,True,,422.0,422.0,,,0.154775055005881,0.3905133171500383,0.1042654028436018,0.0758293838862559,0.1805555555555555,0.0457142857142857
full_protocol,original,singleton_weak,original,dependency_primary_as_implemented_in_pilot_v1,5772,rule_to_compact,selective_deployable,0.25,0.25,,,422,72,350,11,61,10,340,0.1527777777777778,0.0285714285714285,0.5238095238095238,0.047981525580851,346,10,0.0289017341040462,0.0485305895776893,True,,422.0,422.0,,,0.2954682053615005,0.3905133171500383,0.2559241706161137,0.2203791469194312,0.1944444444444444,0.0457142857142857
full_protocol,original,singleton_weak,original,dependency_primary_as_implemented_in_pilot_v1,5772,rule_to_compact,selective_deployable,0.50,0.5,,,422,72,350,11,61,10,340,0.1527777777777778,0.0285714285714285,0.5238095238095238,0.047981525580851,346,10,0.0289017341040462,0.0485305895776893,True,,422.0,422.0,,,0.3807327653992689,0.3905133171500383,1.0,1.0,0.1944444444444444,0.0457142857142857
full_protocol,original,singleton_weak,original,dependency_primary_as_implemented_in_pilot_v1,5772,compact_to_qwen,cheap_only,anchor,,,,422,72,350,9,63,22,328,0.125,0.0628571428571428,0.2903225806451613,0.0885422598608603,346,22,0.0635838150289017,0.0895515802434881,False,,422.0,422.0,,,,0.1695784086398765,0.0,0.0,0.1666666666666666,0.0485714285714285
full_protocol,original,singleton_weak,original,dependency_primary_as_implemented_in_pilot_v1,5772,compact_to_qwen,full_information,anchor,,,,422,72,350,62,10,15,335,0.8611111111111112,0.0428571428571428,0.8051948051948052,0.0652267451569932,346,14,0.0404624277456647,0.0625335657785234,False,,422.0,422.0,,,,0.2981837758045053,1.0,1.0,0.8194444444444444,0.0342857142857142
full_protocol,original,singleton_weak,original,dependency_primary_as_implemented_in_pilot_v1,5772,compact_to_qwen,selective_deployable,0.10,0.1,,,422,72,350,19,53,19,331,0.2638888888888889,0.0542857142857142,0.5,0.0786402386372628,346,19,0.0549132947976878,0.079537453931992,False,,422.0,422.0,,,0.3310433597541924,0.1686892475652848,0.1018957345971564,0.1184834123222748,0.25,0.0457142857142857
full_protocol,original,singleton_weak,original,dependency_primary_as_implemented_in_pilot_v1,5772,compact_to_qwen,selective_deployable,0.25,0.25,,,422,72,350,28,44,17,333,0.3888888888888889,0.0485714285714285,0.6222222222222222,0.0719674829531914,346,17,0.0491329479768786,0.0727890630636232,False,,422.0,422.0,,,0.3316132412494942,0.1683741707805201,0.2511848341232227,0.2559241706161137,0.375,0.04
full_protocol,original,singleton_weak,original,dependency_primary_as_implemented_in_pilot_v1,5772,compact_to_qwen,selective_deployable,0.50,0.5,,,422,72,350,46,26,18,332,0.6388888888888888,0.0514285714285714,0.71875,0.075311700164249,346,18,0.0520231213872832,0.0761711959411054,False,,422.0,422.0,,,0.3318503140585227,0.2917651938250312,0.5,0.5118483412322274,0.6527777777777778,0.0457142857142857
full_protocol,original,singleton_weak,original,dependency_primary_as_implemented_in_pilot_v1,5772,rule_compact_to_qwen,cheap_only,anchor,,,,422,72,350,11,61,10,340,0.1527777777777778,0.0285714285714285,0.5238095238095238,0.047981525580851,346,10,0.0289017341040462,0.0485305895776893,True,,422.0,422.0,,,,0.3905133171500383,0.0,0.0,0.1944444444444444,0.0457142857142857
full_protocol,original,singleton_weak,original,dependency_primary_as_implemented_in_pilot_v1,5772,rule_compact_to_qwen,full_information,anchor,,,,422,72,350,64,8,19,331,0.8888888888888888,0.0542857142857142,0.7710843373493976,0.0786402386372628,346,18,0.0520231213872832,0.0761711959411054,False,,422.0,422.0,,,,0.2601078381828859,1.0,1.0,0.875,0.0485714285714285
full_protocol,original,singleton_weak,original,dependency_primary_as_implemented_in_pilot_v1,5772,rule_compact_to_qwen,selective_deployable,0.10,0.1,,,422,72,350,17,55,10,340,0.2361111111111111,0.0285714285714285,0.6296296296296297,0.047981525580851,346,10,0.0289017341040462,0.0485305895776893,True,,422.0,422.0,,,0.146770928440552,0.3035304395116939,0.1018957345971564,0.0687203791469194,0.3194444444444444,0.0457142857142857
full_protocol,original,singleton_weak,original,dependency_primary_as_implemented_in_pilot_v1,5772,rule_compact_to_qwen,selective_deployable,0.25,0.25,,,422,72,350,35,37,16,334,0.4861111111111111,0.0457142857142857,0.6862745098039216,0.0686063179553179,346,16,0.0462427745664739,0.0693897713192555,False,,422.0,422.0,,,0.2896243704560432,0.1876739447283215,0.2511848341232227,0.2132701421800948,0.5,0.0457142857142857
full_protocol,original,singleton_weak,original,dependency_primary_as_implemented_in_pilot_v1,5772,rule_compact_to_qwen,selective_deployable,0.50,0.5,,,422,72,350,47,25,20,330,0.6527777777777778,0.0571428571428571,0.7014925373134329,0.0819542098114502,346,20,0.0578034682080924,0.082888961563049,False,,422.0,422.0,,,0.3830112375650545,0.1169464784692947,0.5,0.5,0.6527777777777778,0.0485714285714285
full_protocol,original,singleton_weak,original,dependency_primary_as_implemented_in_pilot_v1,8111,rule_to_compact,cheap_only,anchor,,,,422,72,350,13,59,7,343,0.1805555555555555,0.02,0.65,0.0372365501937572,344,7,0.0203488372093023,0.0378801858307727,True,,422.0,422.0,,,,0.3452607342611093,0.0,0.0,0.1388888888888889,0.0485714285714285
full_protocol,original,singleton_weak,original,dependency_primary_as_implemented_in_pilot_v1,8111,rule_to_compact,full_information,anchor,,,,422,72,350,12,60,9,341,0.1666666666666666,0.0257142857142857,0.5714285714285714,0.0444424640102825,344,9,0.0261627906976744,0.0452100039211381,True,,422.0,422.0,,,,0.3706988294545491,1.0,1.0,0.1527777777777778,0.0314285714285714
full_protocol,original,singleton_weak,original,dependency_primary_as_implemented_in_pilot_v1,8111,rule_to_compact,selective_deployable,0.10,0.1,,,422,72,350,13,59,7,343,0.1805555555555555,0.02,0.65,0.0372365501937572,344,7,0.0203488372093023,0.0378801858307727,True,,422.0,422.0,,,0.2164093056710603,0.3418776724663008,0.1066350710900474,0.0971563981042654,0.1527777777777778,0.0485714285714285
full_protocol,original,singleton_weak,original,dependency_primary_as_implemented_in_pilot_v1,8111,rule_to_compact,selective_deployable,0.25,0.25,,,422,72,350,12,60,7,343,0.1666666666666666,0.02,0.631578947368421,0.0372365501937572,344,7,0.0203488372093023,0.0378801858307727,True,,422.0,422.0,,,0.3110532523145042,0.3706988294545491,0.2511848341232227,0.2180094786729857,0.1388888888888889,0.0314285714285714
full_protocol,original,singleton_weak,original,dependency_primary_as_implemented_in_pilot_v1,8111,rule_to_compact,selective_deployable,0.50,0.5,,,422,72,350,12,60,9,341,0.1666666666666666,0.0257142857142857,0.5714285714285714,0.0444424640102825,344,9,0.0261627906976744,0.0452100039211381,True,,422.0,422.0,,,0.3732607640509442,0.3706988294545491,1.0,1.0,0.1527777777777778,0.0314285714285714
full_protocol,original,singleton_weak,original,dependency_primary_as_implemented_in_pilot_v1,8111,compact_to_qwen,cheap_only,anchor,,,,422,72,350,10,62,26,324,0.1388888888888889,0.0742857142857142,0.2777777777777778,0.1015801236154751,344,26,0.0755813953488372,0.1033250932673893,False,,422.0,422.0,,,,0.167882710765781,0.0,0.0,0.1666666666666666,0.0485714285714285
full_protocol,original,singleton_weak,original,dependency_primary_as_implemented_in_pilot_v1,8111,compact_to_qwen,full_information,anchor,,,,422,72,350,58,14,21,329,0.8055555555555556,0.06,0.7341772151898734,0.0852545937243758,344,20,0.0581395348837209,0.0833643773859389,False,,422.0,422.0,,,,0.3071012043826168,1.0,1.0,0.9027777777777778,0.0457142857142857
full_protocol,original,singleton_weak,original,dependency_primary_as_implemented_in_pilot_v1,8111,compact_to_qwen,selective_deployable,0.10,0.1,,,422,72,350,16,56,15,335,0.2222222222222222,0.0428571428571428,0.5161290322580645,0.0652267451569932,344,15,0.0436046511627907,0.0663508118066037,False,,422.0,422.0,,,0.3327548069516263,0.1670009873719261,0.1018957345971564,0.1208530805687203,0.2638888888888889,0.04
full_protocol,original,singleton_weak,original,dependency_primary_as_implemented_in_pilot_v1,8111,compact_to_qwen,selective_deployable,0.25,0.25,,,422,72,350,25,47,13,337,0.3472222222222222,0.0371428571428571,0.6578947368421053,0.0584053096533763,344,13,0.0377906976744186,0.0594124963183046,False,,422.0,422.0,,,0.3335517281683363,0.1664325089956038,0.2511848341232227,0.2677725118483412,0.4166666666666667,0.0428571428571428
full_protocol,original,singleton_weak,original,dependency_primary_as_implemented_in_pilot_v1,8111,compact_to_qwen,selective_deployable,0.50,0.5,,,422,72,350,44,28,16,334,0.6111111111111112,0.0457142857142857,0.7333333333333333,0.0686063179553179,344,16,0.0465116279069767,0.0697882452461142,False,,422.0,422.0,,,0.3339261937711094,0.3066517493655534,0.5,0.533175355450237,0.6666666666666666,0.0485714285714285
full_protocol,original,singleton_weak,original,dependency_primary_as_implemented_in_pilot_v1,8111,rule_compact_to_qwen,cheap_only,anchor,,,,422,72,350,12,60,9,341,0.1666666666666666,0.0257142857142857,0.5714285714285714,0.0444424640102825,344,9,0.0261627906976744,0.0452100039211381,True,,422.0,422.0,,,,0.3706988294545491,0.0,0.0,0.1527777777777778,0.0314285714285714
full_protocol,original,singleton_weak,original,dependency_primary_as_implemented_in_pilot_v1,8111,rule_compact_to_qwen,full_information,anchor,,,,422,72,350,60,12,22,328,0.8333333333333334,0.0628571428571428,0.7317073170731707,0.0885422598608603,344,21,0.0610465116279069,0.0867211275377781,False,,422.0,422.0,,,,0.3034837414545134,1.0,1.0,0.9027777777777778,0.0485714285714285
full_protocol,original,singleton_weak,original,dependency_primary_as_implemented_in_pilot_v1,8111,rule_compact_to_qwen,selective_deployable,0.10,0.1,,,422,72,350,26,46,4,346,0.3611111111111111,0.0114285714285714,0.8666666666666667,0.0259608335203845,344,4,0.0116279069767441,0.026410238472177,True,,422.0,422.0,,,0.214622602859183,0.2524707279690268,0.1018957345971564,0.0947867298578199,0.2916666666666667,0.0428571428571428
full_protocol,original,singleton_weak,original,dependency_primary_as_implemented_in_pilot_v1,8111,rule_compact_to_qwen,selective_deployable,0.25,0.25,,,422,72,350,36,36,13,337,0.5,0.0371428571428571,0.7346938775510204,0.0584053096533763,344,13,0.0377906976744186,0.0594124963183046,False,,422.0,422.0,,,0.3021224703695999,0.1798819223909395,0.2511848341232227,0.2156398104265403,0.3888888888888889,0.0485714285714285
full_protocol,original,singleton_weak,original,dependency_primary_as_implemented_in_pilot_v1,8111,rule_compact_to_qwen,selective_deployable,0.50,0.5,,,422,72,350,45,27,14,336,0.625,0.04,0.7627118644067796,0.0618270705368557,344,14,0.0406976744186046,0.0628929020231848,False,,422.0,422.0,,,0.3775541750304713,0.3034837414545134,0.5,0.4739336492890995,0.6805555555555556,0.04
