layer,contrast,seed,stack,policy_kind,target_key,left_risk_gate_pass,left_recall,left_fpr,left_row_fpr_upper95,left_dependency_group_event_upper95,left_outer_acquisition_rate,left_decision_threshold,left_acquisition_threshold,right_risk_gate_pass,right_recall,right_fpr,right_row_fpr_upper95,right_dependency_group_event_upper95,right_outer_acquisition_rate,right_decision_threshold,right_acquisition_threshold,pass_flip,left_pass_right_fail,left_fail_right_pass,delta_recall_left_minus_right,delta_fpr_left_minus_right,delta_row_fpr_upper95_left_minus_right,delta_dependency_group_event_upper95_left_minus_right,delta_outer_acquisition_rate_left_minus_right,delta_decision_threshold_left_minus_right,delta_acquisition_threshold_left_minus_right
fixed_policy_measurement,grouping_at_audited,1729,compact_to_qwen,cheap_only,anchor,False,0.18309859154929578,0.04871060171919771,0.0721711346734761,0.0721711346734761,,,,False,0.18309859154929578,0.04871060171919771,0.0721711346734761,0.0725819148103667,,,,False,False,False,0.0,0.0,0.0,-0.00041078013689059556,,,
fixed_policy_measurement,grouping_at_audited,1729,compact_to_qwen,full_information,anchor,False,0.8732394366197183,0.04011461318051576,0.06200219374162649,0.06200219374162649,,,,False,0.8732394366197183,0.04011461318051576,0.06200219374162649,0.06235543281596552,,,,False,False,False,0.0,0.0,0.0,-0.00035323907433902624,,,
fixed_policy_measurement,grouping_at_audited,1729,compact_to_qwen,selective_deployable,0.10,True,0.323943661971831,0.025787965616045846,0.04456857254031658,0.04456857254031658,,,,True,0.323943661971831,0.025787965616045846,0.04456857254031658,0.044822948705678975,,,,False,False,False,0.0,0.0,0.0,-0.000254376165362398,,,
fixed_policy_measurement,grouping_at_audited,1729,compact_to_qwen,selective_deployable,0.25,False,0.5774647887323944,0.045845272206303724,0.0688005183497085,0.0688005183497085,,,,False,0.5774647887323944,0.045845272206303724,0.0688005183497085,0.06919223556730196,,,,False,False,False,0.0,0.0,0.0,-0.0003917172175934569,,,
fixed_policy_measurement,grouping_at_audited,1729,compact_to_qwen,selective_deployable,0.50,False,0.7183098591549296,0.03151862464183381,0.05163164376229004,0.05163164376229004,,,,False,0.7183098591549296,0.03151862464183381,0.05163164376229004,0.05192610743152733,,,,False,False,False,0.0,0.0,0.0,-0.0002944636692372854,,,
fixed_policy_measurement,grouping_at_audited,1729,rule_compact_to_qwen,cheap_only,anchor,False,0.22535211267605634,0.10028653295128939,0.13076132938123652,0.13076132938123652,,,,False,0.22535211267605634,0.10028653295128939,0.13076132938123652,0.13150205052075944,,,,False,False,False,0.0,0.0,0.0,-0.0007407211395229207,,,
fixed_policy_measurement,grouping_at_audited,1729,rule_compact_to_qwen,full_information,anchor,False,0.8309859154929577,0.04011461318051576,0.06200219374162649,0.06200219374162649,,,,False,0.8309859154929577,0.04011461318051576,0.06200219374162649,0.06235543281596552,,,,False,False,False,0.0,0.0,0.0,-0.00035323907433902624,,,
fixed_policy_measurement,grouping_at_audited,1729,rule_compact_to_qwen,selective_deployable,0.10,False,0.36619718309859156,0.08022922636103152,0.10834438899688771,0.10834438899688771,,,,False,0.36619718309859156,0.08022922636103152,0.10834438899688771,0.10895917901725036,,,,False,False,False,0.0,0.0,0.0,-0.0006147900203626461,,,
fixed_policy_measurement,grouping_at_audited,1729,rule_compact_to_qwen,selective_deployable,0.25,True,0.5352112676056338,0.025787965616045846,0.04456857254031658,0.04456857254031658,,,,True,0.5352112676056338,0.025787965616045846,0.04456857254031658,0.044822948705678975,,,,False,False,False,0.0,0.0,0.0,-0.000254376165362398,,,
fixed_policy_measurement,grouping_at_audited,1729,rule_compact_to_qwen,selective_deployable,0.50,False,0.7746478873239436,0.04011461318051576,0.06200219374162649,0.06200219374162649,,,,False,0.7746478873239436,0.04011461318051576,0.06200219374162649,0.06235543281596552,,,,False,False,False,0.0,0.0,0.0,-0.00035323907433902624,,,
fixed_policy_measurement,grouping_at_audited,1729,rule_to_compact,cheap_only,anchor,False,0.22535211267605634,0.10028653295128939,0.13076132938123652,0.13076132938123652,,,,False,0.22535211267605634,0.10028653295128939,0.13076132938123652,0.13150205052075944,,,,False,False,False,0.0,0.0,0.0,-0.0007407211395229207,,,
fixed_policy_measurement,grouping_at_audited,1729,rule_to_compact,full_information,anchor,False,0.22535211267605634,0.10028653295128939,0.13076132938123652,0.13076132938123652,,,,False,0.22535211267605634,0.10028653295128939,0.13076132938123652,0.13150205052075944,,,,False,False,False,0.0,0.0,0.0,-0.0007407211395229207,,,
fixed_policy_measurement,grouping_at_audited,1729,rule_to_compact,selective_deployable,0.10,False,0.22535211267605634,0.10028653295128939,0.13076132938123652,0.13076132938123652,,,,False,0.22535211267605634,0.10028653295128939,0.13076132938123652,0.13150205052075944,,,,False,False,False,0.0,0.0,0.0,-0.0007407211395229207,,,
fixed_policy_measurement,grouping_at_audited,1729,rule_to_compact,selective_deployable,0.25,False,0.22535211267605634,0.09455587392550144,0.12439292439465133,0.12439292439465133,,,,False,0.22535211267605634,0.09455587392550144,0.12439292439465133,0.12509790712815239,,,,False,False,False,0.0,0.0,0.0,-0.0007049827335010583,,,
fixed_policy_measurement,grouping_at_audited,1729,rule_to_compact,selective_deployable,0.50,False,0.22535211267605634,0.10028653295128939,0.13076132938123652,0.13076132938123652,,,,False,0.22535211267605634,0.10028653295128939,0.13076132938123652,0.13150205052075944,,,,False,False,False,0.0,0.0,0.0,-0.0007407211395229207,,,
fixed_policy_measurement,grouping_at_audited,2718,compact_to_qwen,cheap_only,anchor,False,0.028169014084507043,0.03724928366762178,0.05857079629240329,0.05857079629240329,,,,False,0.028169014084507043,0.03724928366762178,0.05857079629240329,0.05890459855125166,,,,False,False,False,0.0,0.0,0.0,-0.00033380225884836745,,,
fixed_policy_measurement,grouping_at_audited,2718,compact_to_qwen,full_information,anchor,False,0.8732394366197183,0.05730659025787966,0.08218591616153102,0.08218591616153102,,,,False,0.8732394366197183,0.05730659025787966,0.08218591616153102,0.08265328077456838,,,,False,False,False,0.0,0.0,0.0,-0.0004673646130373549,,,
fixed_policy_measurement,grouping_at_audited,2718,compact_to_qwen,selective_deployable,0.10,False,0.22535211267605634,0.08022922636103152,0.10834438899688771,0.10834438899688771,,,,False,0.22535211267605634,0.08022922636103152,0.10834438899688771,0.10895917901725036,,,,False,False,False,0.0,0.0,0.0,-0.0006147900203626461,,,
fixed_policy_measurement,grouping_at_audited,2718,compact_to_qwen,selective_deployable,0.25,False,0.36619718309859156,0.04297994269340974,0.06541143768987555,0.06541143768987555,,,,False,0.36619718309859156,0.04297994269340974,0.06541143768987555,0.06578397786941731,,,,False,False,False,0.0,0.0,0.0,-0.000372540179541761,,,
fixed_policy_measurement,grouping_at_audited,2718,compact_to_qwen,selective_deployable,0.50,False,0.647887323943662,0.04871060171919771,0.0721711346734761,0.0721711346734761,,,,False,0.647887323943662,0.04871060171919771,0.0721711346734761,0.0725819148103667,,,,False,False,False,0.0,0.0,0.0,-0.00041078013689059556,,,
fixed_policy_measurement,grouping_at_audited,2718,rule_compact_to_qwen,cheap_only,anchor,False,0.2535211267605634,0.0659025787965616,0.0920773606800653,0.0920773606800653,,,,False,0.2535211267605634,0.0659025787965616,0.0920773606800653,0.09260053407755514,,,,False,False,False,0.0,0.0,0.0,-0.0005231733974898345,,,
fixed_policy_measurement,grouping_at_audited,2718,rule_compact_to_qwen,full_information,anchor,False,0.8028169014084507,0.05157593123209169,0.07552475092839267,0.07552475092839267,,,,False,0.8028169014084507,0.05157593123209169,0.07552475092839267,0.07595448844757033,,,,False,False,False,0.0,0.0,0.0,-0.0004297375191776587,,,
fixed_policy_measurement,grouping_at_audited,2718,rule_compact_to_qwen,selective_deployable,0.10,False,0.29577464788732394,0.04011461318051576,0.06200219374162649,0.06200219374162649,,,,False,0.29577464788732394,0.04011461318051576,0.06200219374162649,0.06235543281596552,,,,False,False,False,0.0,0.0,0.0,-0.00035323907433902624,,,
fixed_policy_measurement,grouping_at_audited,2718,rule_compact_to_qwen,selective_deployable,0.25,False,0.4788732394366197,0.04011461318051576,0.06200219374162649,0.06200219374162649,,,,False,0.4788732394366197,0.04011461318051576,0.06200219374162649,0.06235543281596552,,,,False,False,False,0.0,0.0,0.0,-0.00035323907433902624,,,
fixed_policy_measurement,grouping_at_audited,2718,rule_compact_to_qwen,selective_deployable,0.50,False,0.6901408450704225,0.045845272206303724,0.0688005183497085,0.0688005183497085,,,,False,0.6901408450704225,0.045845272206303724,0.0688005183497085,0.06919223556730196,,,,False,False,False,0.0,0.0,0.0,-0.0003917172175934569,,,
fixed_policy_measurement,grouping_at_audited,2718,rule_to_compact,cheap_only,anchor,False,0.2535211267605634,0.07449856733524356,0.10186684887996843,0.10186684887996843,,,,False,0.2535211267605634,0.07449856733524356,0.10186684887996843,0.10244518112436252,,,,False,False,False,0.0,0.0,0.0,-0.0005783322443940891,,,
fixed_policy_measurement,grouping_at_audited,2718,rule_to_compact,full_information,anchor,False,0.2535211267605634,0.0659025787965616,0.0920773606800653,0.0920773606800653,,,,False,0.2535211267605634,0.0659025787965616,0.0920773606800653,0.09260053407755514,,,,False,False,False,0.0,0.0,0.0,-0.0005231733974898345,,,
fixed_policy_measurement,grouping_at_audited,2718,rule_to_compact,selective_deployable,0.10,False,0.2535211267605634,0.07736389684813753,0.10511016803183339,0.10511016803183339,,,,False,0.2535211267605634,0.07736389684813753,0.10511016803183339,0.10570675870055461,,,,False,False,False,0.0,0.0,0.0,-0.0005965906687212252,,,
fixed_policy_measurement,grouping_at_audited,2718,rule_to_compact,selective_deployable,0.25,False,0.2535211267605634,0.08595988538681948,0.11478722277063949,0.11478722277063949,,,,False,0.2535211267605634,0.08595988538681948,0.11478722277063949,0.11543824422626413,,,,False,False,False,0.0,0.0,0.0,-0.0006510214556246369,,,
fixed_policy_measurement,grouping_at_audited,2718,rule_to_compact,selective_deployable,0.50,False,0.2535211267605634,0.0659025787965616,0.0920773606800653,0.0920773606800653,,,,False,0.2535211267605634,0.0659025787965616,0.0920773606800653,0.09260053407755514,,,,False,False,False,0.0,0.0,0.0,-0.0005231733974898345,,,
fixed_policy_measurement,grouping_at_audited,3141,compact_to_qwen,cheap_only,anchor,False,0.07042253521126761,0.04297994269340974,0.06541143768987555,0.06541143768987555,,,,False,0.07042253521126761,0.04297994269340974,0.06541143768987555,0.06578397786941731,,,,False,False,False,0.0,0.0,0.0,-0.000372540179541761,,,
fixed_policy_measurement,grouping_at_audited,3141,compact_to_qwen,full_information,anchor,False,0.8450704225352113,0.06303724928366762,0.08879245157053443,0.08879245157053443,,,,False,0.8450704225352113,0.06303724928366762,0.08879245157053443,0.08929709961567887,,,,False,False,False,0.0,0.0,0.0,-0.0005046480451444402,,,
fixed_policy_measurement,grouping_at_audited,3141,compact_to_qwen,selective_deployable,0.10,False,0.2535211267605634,0.06303724928366762,0.08879245157053443,0.08879245157053443,,,,False,0.2535211267605634,0.06303724928366762,0.08879245157053443,0.08929709961567887,,,,False,False,False,0.0,0.0,0.0,-0.0005046480451444402,,,
fixed_policy_measurement,grouping_at_audited,3141,compact_to_qwen,selective_deployable,0.25,False,0.39436619718309857,0.06303724928366762,0.08879245157053443,0.08879245157053443,,,,False,0.39436619718309857,0.06303724928366762,0.08879245157053443,0.08929709961567887,,,,False,False,False,0.0,0.0,0.0,-0.0005046480451444402,,,
fixed_policy_measurement,grouping_at_audited,3141,compact_to_qwen,selective_deployable,0.50,False,0.6619718309859155,0.05730659025787966,0.08218591616153102,0.08218591616153102,,,,False,0.6619718309859155,0.05730659025787966,0.08218591616153102,0.08265328077456838,,,,False,False,False,0.0,0.0,0.0,-0.0004673646130373549,,,
fixed_policy_measurement,grouping_at_audited,3141,rule_compact_to_qwen,cheap_only,anchor,False,0.18309859154929578,0.03151862464183381,0.05163164376229004,0.05163164376229004,,,,False,0.18309859154929578,0.03151862464183381,0.05163164376229004,0.05192610743152733,,,,False,False,False,0.0,0.0,0.0,-0.0002944636692372854,,,
fixed_policy_measurement,grouping_at_audited,3141,rule_compact_to_qwen,full_information,anchor,False,0.8450704225352113,0.054441260744985676,0.07886263986355725,0.07886263986355725,,,,False,0.8450704225352113,0.054441260744985676,0.07886263986355725,0.07931123669358123,,,,False,False,False,0.0,0.0,0.0,-0.00044859683002397566,,,
fixed_policy_measurement,grouping_at_audited,3141,rule_compact_to_qwen,selective_deployable,0.10,False,0.28169014084507044,0.034383954154727794,0.05511488840986523,0.05511488840986523,,,,False,0.28169014084507044,0.034383954154727794,0.05511488840986523,0.0554291043677078,,,,False,False,False,0.0,0.0,0.0,-0.0003142159578425688,,,
fixed_policy_measurement,grouping_at_audited,3141,rule_compact_to_qwen,selective_deployable,0.25,False,0.4507042253521127,0.03151862464183381,0.05163164376229004,0.05163164376229004,,,,False,0.4507042253521127,0.03151862464183381,0.05163164376229004,0.05192610743152733,,,,False,False,False,0.0,0.0,0.0,-0.0002944636692372854,,,
fixed_policy_measurement,grouping_at_audited,3141,rule_compact_to_qwen,selective_deployable,0.50,False,0.5915492957746479,0.03724928366762178,0.05857079629240329,0.05857079629240329,,,,False,0.5915492957746479,0.03724928366762178,0.05857079629240329,0.05890459855125166,,,,False,False,False,0.0,0.0,0.0,-0.00033380225884836745,,,
fixed_policy_measurement,grouping_at_audited,3141,rule_to_compact,cheap_only,anchor,False,0.16901408450704225,0.034383954154727794,0.05511488840986523,0.05511488840986523,,,,False,0.16901408450704225,0.034383954154727794,0.05511488840986523,0.0554291043677078,,,,False,False,False,0.0,0.0,0.0,-0.0003142159578425688,,,
fixed_policy_measurement,grouping_at_audited,3141,rule_to_compact,full_information,anchor,False,0.18309859154929578,0.03151862464183381,0.05163164376229004,0.05163164376229004,,,,False,0.18309859154929578,0.03151862464183381,0.05163164376229004,0.05192610743152733,,,,False,False,False,0.0,0.0,0.0,-0.0002944636692372854,,,
fixed_policy_measurement,grouping_at_audited,3141,rule_to_compact,selective_deployable,0.10,False,0.18309859154929578,0.034383954154727794,0.05511488840986523,0.05511488840986523,,,,False,0.18309859154929578,0.034383954154727794,0.05511488840986523,0.0554291043677078,,,,False,False,False,0.0,0.0,0.0,-0.0003142159578425688,,,
fixed_policy_measurement,grouping_at_audited,3141,rule_to_compact,selective_deployable,0.25,False,0.18309859154929578,0.034383954154727794,0.05511488840986523,0.05511488840986523,,,,False,0.18309859154929578,0.034383954154727794,0.05511488840986523,0.0554291043677078,,,,False,False,False,0.0,0.0,0.0,-0.0003142159578425688,,,
fixed_policy_measurement,grouping_at_audited,3141,rule_to_compact,selective_deployable,0.50,False,0.18309859154929578,0.03151862464183381,0.05163164376229004,0.05163164376229004,,,,False,0.18309859154929578,0.03151862464183381,0.05163164376229004,0.05192610743152733,,,,False,False,False,0.0,0.0,0.0,-0.0002944636692372854,,,
fixed_policy_measurement,grouping_at_audited,5772,compact_to_qwen,cheap_only,anchor,False,0.15492957746478872,0.04297994269340974,0.06541143768987555,0.06541143768987555,,,,False,0.15492957746478872,0.04297994269340974,0.06541143768987555,0.06578397786941731,,,,False,False,False,0.0,0.0,0.0,-0.000372540179541761,,,
fixed_policy_measurement,grouping_at_audited,5772,compact_to_qwen,full_information,anchor,False,0.8873239436619719,0.03151862464183381,0.05163164376229004,0.05163164376229004,,,,False,0.8873239436619719,0.03151862464183381,0.05163164376229004,0.05192610743152733,,,,False,False,False,0.0,0.0,0.0,-0.0002944636692372854,,,
fixed_policy_measurement,grouping_at_audited,5772,compact_to_qwen,selective_deployable,0.10,False,0.28169014084507044,0.034383954154727794,0.05511488840986523,0.05511488840986523,,,,False,0.28169014084507044,0.034383954154727794,0.05511488840986523,0.0554291043677078,,,,False,False,False,0.0,0.0,0.0,-0.0003142159578425688,,,
fixed_policy_measurement,grouping_at_audited,5772,compact_to_qwen,selective_deployable,0.25,False,0.5492957746478874,0.034383954154727794,0.05511488840986523,0.05511488840986523,,,,False,0.5492957746478874,0.034383954154727794,0.05511488840986523,0.0554291043677078,,,,False,False,False,0.0,0.0,0.0,-0.0003142159578425688,,,
fixed_policy_measurement,grouping_at_audited,5772,compact_to_qwen,selective_deployable,0.50,False,0.8028169014084507,0.03724928366762178,0.05857079629240329,0.05857079629240329,,,,False,0.8028169014084507,0.03724928366762178,0.05857079629240329,0.05890459855125166,,,,False,False,False,0.0,0.0,0.0,-0.00033380225884836745,,,
fixed_policy_measurement,grouping_at_audited,5772,rule_compact_to_qwen,cheap_only,anchor,False,0.16901408450704225,0.06303724928366762,0.08879245157053443,0.08879245157053443,,,,False,0.16901408450704225,0.06303724928366762,0.08879245157053443,0.08929709961567887,,,,False,False,False,0.0,0.0,0.0,-0.0005046480451444402,,,
fixed_policy_measurement,grouping_at_audited,5772,rule_compact_to_qwen,full_information,anchor,False,0.9014084507042254,0.03724928366762178,0.05857079629240329,0.05857079629240329,,,,False,0.9014084507042254,0.03724928366762178,0.05857079629240329,0.05890459855125166,,,,False,False,False,0.0,0.0,0.0,-0.00033380225884836745,,,
fixed_policy_measurement,grouping_at_audited,5772,rule_compact_to_qwen,selective_deployable,0.10,False,0.30985915492957744,0.045845272206303724,0.0688005183497085,0.0688005183497085,,,,False,0.30985915492957744,0.045845272206303724,0.0688005183497085,0.06919223556730196,,,,False,False,False,0.0,0.0,0.0,-0.0003917172175934569,,,
fixed_policy_measurement,grouping_at_audited,5772,rule_compact_to_qwen,selective_deployable,0.25,False,0.5492957746478874,0.04011461318051576,0.06200219374162649,0.06200219374162649,,,,False,0.5492957746478874,0.04011461318051576,0.06200219374162649,0.06235543281596552,,,,False,False,False,0.0,0.0,0.0,-0.00035323907433902624,,,
fixed_policy_measurement,grouping_at_audited,5772,rule_compact_to_qwen,selective_deployable,0.50,False,0.7605633802816901,0.03724928366762178,0.05857079629240329,0.05857079629240329,,,,False,0.7605633802816901,0.03724928366762178,0.05857079629240329,0.05890459855125166,,,,False,False,False,0.0,0.0,0.0,-0.00033380225884836745,,,
fixed_policy_measurement,grouping_at_audited,5772,rule_to_compact,cheap_only,anchor,False,0.15492957746478872,0.07163323782234957,0.09861396086651453,0.09861396086651453,,,,False,0.15492957746478872,0.07163323782234957,0.09861396086651453,0.09917397283798585,,,,False,False,False,0.0,0.0,0.0,-0.0005600119714713192,,,
fixed_policy_measurement,grouping_at_audited,5772,rule_to_compact,full_information,anchor,False,0.16901408450704225,0.06303724928366762,0.08879245157053443,0.08879245157053443,,,,False,0.16901408450704225,0.06303724928366762,0.08879245157053443,0.08929709961567887,,,,False,False,False,0.0,0.0,0.0,-0.0005046480451444402,,,
fixed_policy_measurement,grouping_at_audited,5772,rule_to_compact,selective_deployable,0.10,False,0.15492957746478872,0.06876790830945559,0.09535098763963369,0.09535098763963369,,,,False,0.15492957746478872,0.06876790830945559,0.09535098763963369,0.09589261444550476,,,,False,False,False,0.0,0.0,0.0,-0.0005416268058710677,,,
fixed_policy_measurement,grouping_at_audited,5772,rule_to_compact,selective_deployable,0.25,False,0.16901408450704225,0.06303724928366762,0.08879245157053443,0.08879245157053443,,,,False,0.16901408450704225,0.06303724928366762,0.08879245157053443,0.08929709961567887,,,,False,False,False,0.0,0.0,0.0,-0.0005046480451444402,,,
fixed_policy_measurement,grouping_at_audited,5772,rule_to_compact,selective_deployable,0.50,False,0.16901408450704225,0.06303724928366762,0.08879245157053443,0.08879245157053443,,,,False,0.16901408450704225,0.06303724928366762,0.08879245157053443,0.08929709961567887,,,,False,False,False,0.0,0.0,0.0,-0.0005046480451444402,,,
fixed_policy_measurement,grouping_at_audited,8111,compact_to_qwen,cheap_only,anchor,True,0.014084507042253521,0.008595988538681949,0.02206588200576443,0.02206588200576443,,,,True,0.014084507042253521,0.008595988538681949,0.02206588200576443,0.02219219049605374,,,,False,False,False,0.0,0.0,0.0,-0.0001263084902893112,,,
fixed_policy_measurement,grouping_at_audited,8111,compact_to_qwen,full_information,anchor,False,0.7746478873239436,0.054441260744985676,0.07886263986355725,0.07886263986355725,,,,False,0.7746478873239436,0.054441260744985676,0.07886263986355725,0.07931123669358123,,,,False,False,False,0.0,0.0,0.0,-0.00044859683002397566,,,
fixed_policy_measurement,grouping_at_audited,8111,compact_to_qwen,selective_deployable,0.10,False,0.15492957746478872,0.04871060171919771,0.0721711346734761,0.0721711346734761,,,,False,0.15492957746478872,0.04871060171919771,0.0721711346734761,0.0725819148103667,,,,False,False,False,0.0,0.0,0.0,-0.00041078013689059556,,,
fixed_policy_measurement,grouping_at_audited,8111,compact_to_qwen,selective_deployable,0.25,False,0.4225352112676056,0.07163323782234957,0.09861396086651453,0.09861396086651453,,,,False,0.4225352112676056,0.07163323782234957,0.09861396086651453,0.09917397283798585,,,,False,False,False,0.0,0.0,0.0,-0.0005600119714713192,,,
fixed_policy_measurement,grouping_at_audited,8111,compact_to_qwen,selective_deployable,0.50,False,0.647887323943662,0.045845272206303724,0.0688005183497085,0.0688005183497085,,,,False,0.647887323943662,0.045845272206303724,0.0688005183497085,0.06919223556730196,,,,False,False,False,0.0,0.0,0.0,-0.0003917172175934569,,,
fixed_policy_measurement,grouping_at_audited,8111,rule_compact_to_qwen,cheap_only,anchor,False,0.19718309859154928,0.05157593123209169,0.07552475092839267,0.07552475092839267,,,,False,0.19718309859154928,0.05157593123209169,0.07552475092839267,0.07595448844757033,,,,False,False,False,0.0,0.0,0.0,-0.0004297375191776587,,,
fixed_policy_measurement,grouping_at_audited,8111,rule_compact_to_qwen,full_information,anchor,False,0.8028169014084507,0.045845272206303724,0.0688005183497085,0.0688005183497085,,,,False,0.8028169014084507,0.045845272206303724,0.0688005183497085,0.06919223556730196,,,,False,False,False,0.0,0.0,0.0,-0.0003917172175934569,,,
fixed_policy_measurement,grouping_at_audited,8111,rule_compact_to_qwen,selective_deployable,0.10,False,0.29577464788732394,0.04011461318051576,0.06200219374162649,0.06200219374162649,,,,False,0.29577464788732394,0.04011461318051576,0.06200219374162649,0.06235543281596552,,,,False,False,False,0.0,0.0,0.0,-0.00035323907433902624,,,
fixed_policy_measurement,grouping_at_audited,8111,rule_compact_to_qwen,selective_deployable,0.25,True,0.4225352112676056,0.017191977077363897,0.03364884405080613,0.03364884405080613,,,,True,0.4225352112676056,0.017191977077363897,0.03364884405080613,0.03384114484604091,,,,False,False,False,0.0,0.0,0.0,-0.00019230079523478022,,,
fixed_policy_measurement,grouping_at_audited,8111,rule_compact_to_qwen,selective_deployable,0.50,False,0.6901408450704225,0.04871060171919771,0.0721711346734761,0.0721711346734761,,,,False,0.6901408450704225,0.04871060171919771,0.0721711346734761,0.0725819148103667,,,,False,False,False,0.0,0.0,0.0,-0.00041078013689059556,,,
fixed_policy_measurement,grouping_at_audited,8111,rule_to_compact,cheap_only,anchor,False,0.19718309859154928,0.05157593123209169,0.07552475092839267,0.07552475092839267,,,,False,0.19718309859154928,0.05157593123209169,0.07552475092839267,0.07595448844757033,,,,False,False,False,0.0,0.0,0.0,-0.0004297375191776587,,,
fixed_policy_measurement,grouping_at_audited,8111,rule_to_compact,full_information,anchor,False,0.19718309859154928,0.05157593123209169,0.07552475092839267,0.07552475092839267,,,,False,0.19718309859154928,0.05157593123209169,0.07552475092839267,0.07595448844757033,,,,False,False,False,0.0,0.0,0.0,-0.0004297375191776587,,,
fixed_policy_measurement,grouping_at_audited,8111,rule_to_compact,selective_deployable,0.10,False,0.19718309859154928,0.05157593123209169,0.07552475092839267,0.07552475092839267,,,,False,0.19718309859154928,0.05157593123209169,0.07552475092839267,0.07595448844757033,,,,False,False,False,0.0,0.0,0.0,-0.0004297375191776587,,,
fixed_policy_measurement,grouping_at_audited,8111,rule_to_compact,selective_deployable,0.25,False,0.19718309859154928,0.05157593123209169,0.07552475092839267,0.07552475092839267,,,,False,0.19718309859154928,0.05157593123209169,0.07552475092839267,0.07595448844757033,,,,False,False,False,0.0,0.0,0.0,-0.0004297375191776587,,,
fixed_policy_measurement,grouping_at_audited,8111,rule_to_compact,selective_deployable,0.50,False,0.19718309859154928,0.05157593123209169,0.07552475092839267,0.07552475092839267,,,,False,0.19718309859154928,0.05157593123209169,0.07552475092839267,0.07595448844757033,,,,False,False,False,0.0,0.0,0.0,-0.0004297375191776587,,,
fixed_policy_measurement,grouping_at_original,1729,compact_to_qwen,cheap_only,anchor,False,0.18309859154929578,0.04871060171919771,0.0721711346734761,0.0721711346734761,,,,False,0.18309859154929578,0.04871060171919771,0.0721711346734761,0.0725819148103667,,,,False,False,False,0.0,0.0,0.0,-0.00041078013689059556,,,
fixed_policy_measurement,grouping_at_original,1729,compact_to_qwen,full_information,anchor,False,0.8732394366197183,0.04011461318051576,0.06200219374162649,0.06200219374162649,,,,False,0.8732394366197183,0.04011461318051576,0.06200219374162649,0.06235543281596552,,,,False,False,False,0.0,0.0,0.0,-0.00035323907433902624,,,
fixed_policy_measurement,grouping_at_original,1729,compact_to_qwen,selective_deployable,0.10,True,0.323943661971831,0.025787965616045846,0.04456857254031658,0.04456857254031658,,,,True,0.323943661971831,0.025787965616045846,0.04456857254031658,0.044822948705678975,,,,False,False,False,0.0,0.0,0.0,-0.000254376165362398,,,
fixed_policy_measurement,grouping_at_original,1729,compact_to_qwen,selective_deployable,0.25,False,0.5774647887323944,0.045845272206303724,0.0688005183497085,0.0688005183497085,,,,False,0.5774647887323944,0.045845272206303724,0.0688005183497085,0.06919223556730196,,,,False,False,False,0.0,0.0,0.0,-0.0003917172175934569,,,
fixed_policy_measurement,grouping_at_original,1729,compact_to_qwen,selective_deployable,0.50,False,0.7183098591549296,0.03151862464183381,0.05163164376229004,0.05163164376229004,,,,False,0.7183098591549296,0.03151862464183381,0.05163164376229004,0.05192610743152733,,,,False,False,False,0.0,0.0,0.0,-0.0002944636692372854,,,
fixed_policy_measurement,grouping_at_original,1729,rule_compact_to_qwen,cheap_only,anchor,False,0.2112676056338028,0.10315186246418338,0.13393571721255926,0.13393571721255926,,,,False,0.2112676056338028,0.10315186246418338,0.13393571721255926,0.1346942415693272,,,,False,False,False,0.0,0.0,0.0,-0.0007585243567679312,,,
fixed_policy_measurement,grouping_at_original,1729,rule_compact_to_qwen,full_information,anchor,False,0.8309859154929577,0.04011461318051576,0.06200219374162649,0.06200219374162649,,,,False,0.8309859154929577,0.04011461318051576,0.06200219374162649,0.06235543281596552,,,,False,False,False,0.0,0.0,0.0,-0.00035323907433902624,,,
fixed_policy_measurement,grouping_at_original,1729,rule_compact_to_qwen,selective_deployable,0.10,False,0.3380281690140845,0.08595988538681948,0.11478722277063949,0.11478722277063949,,,,False,0.3380281690140845,0.08595988538681948,0.11478722277063949,0.11543824422626413,,,,False,False,False,0.0,0.0,0.0,-0.0006510214556246369,,,
fixed_policy_measurement,grouping_at_original,1729,rule_compact_to_qwen,selective_deployable,0.25,False,0.5070422535211268,0.03151862464183381,0.05163164376229004,0.05163164376229004,,,,False,0.5070422535211268,0.03151862464183381,0.05163164376229004,0.05192610743152733,,,,False,False,False,0.0,0.0,0.0,-0.0002944636692372854,,,
fixed_policy_measurement,grouping_at_original,1729,rule_compact_to_qwen,selective_deployable,0.50,False,0.7746478873239436,0.04011461318051576,0.06200219374162649,0.06200219374162649,,,,False,0.7746478873239436,0.04011461318051576,0.06200219374162649,0.06235543281596552,,,,False,False,False,0.0,0.0,0.0,-0.00035323907433902624,,,
fixed_policy_measurement,grouping_at_original,1729,rule_to_compact,cheap_only,anchor,False,0.2112676056338028,0.10315186246418338,0.13393571721255926,0.13393571721255926,,,,False,0.2112676056338028,0.10315186246418338,0.13393571721255926,0.1346942415693272,,,,False,False,False,0.0,0.0,0.0,-0.0007585243567679312,,,
fixed_policy_measurement,grouping_at_original,1729,rule_to_compact,full_information,anchor,False,0.2112676056338028,0.10315186246418338,0.13393571721255926,0.13393571721255926,,,,False,0.2112676056338028,0.10315186246418338,0.13393571721255926,0.1346942415693272,,,,False,False,False,0.0,0.0,0.0,-0.0007585243567679312,,,
fixed_policy_measurement,grouping_at_original,1729,rule_to_compact,selective_deployable,0.10,False,0.2112676056338028,0.10315186246418338,0.13393571721255926,0.13393571721255926,,,,False,0.2112676056338028,0.10315186246418338,0.13393571721255926,0.1346942415693272,,,,False,False,False,0.0,0.0,0.0,-0.0007585243567679312,,,
fixed_policy_measurement,grouping_at_original,1729,rule_to_compact,selective_deployable,0.25,False,0.2112676056338028,0.09742120343839542,0.12758048140252998,0.12758048140252998,,,,False,0.2112676056338028,0.09742120343839542,0.12758048140252998,0.12830335582408076,,,,False,False,False,0.0,0.0,0.0,-0.0007228744215507787,,,
fixed_policy_measurement,grouping_at_original,1729,rule_to_compact,selective_deployable,0.50,False,0.2112676056338028,0.10315186246418338,0.13393571721255926,0.13393571721255926,,,,False,0.2112676056338028,0.10315186246418338,0.13393571721255926,0.1346942415693272,,,,False,False,False,0.0,0.0,0.0,-0.0007585243567679312,,,
fixed_policy_measurement,grouping_at_original,2718,compact_to_qwen,cheap_only,anchor,False,0.027777777777777776,0.03735632183908046,0.05873722324632595,0.05873722324632595,,,,False,0.027777777777777776,0.03735632183908046,0.05873722324632595,0.059072930335105876,,,,False,False,False,0.0,0.0,0.0,-0.00033570708877992544,,,
fixed_policy_measurement,grouping_at_original,2718,compact_to_qwen,full_information,anchor,False,0.875,0.05459770114942529,0.07908630229698733,0.07908630229698733,,,,False,0.875,0.05459770114942529,0.07908630229698733,0.07953745393199206,,,,False,False,False,0.0,0.0,0.0,-0.0004511516350047262,,,
fixed_policy_measurement,grouping_at_original,2718,compact_to_qwen,selective_deployable,0.10,False,0.2222222222222222,0.08045977011494253,0.10865091468854385,0.10865091468854385,,,,False,0.2222222222222222,0.08045977011494253,0.10865091468854385,0.10926919681107912,,,,False,False,False,0.0,0.0,0.0,-0.0006182821225352714,,,
fixed_policy_measurement,grouping_at_original,2718,compact_to_qwen,selective_deployable,0.25,False,0.3611111111111111,0.04310344827586207,0.06559717894199792,0.06559717894199792,,,,False,0.3611111111111111,0.04310344827586207,0.06559717894199792,0.06597184353044218,,,,False,False,False,0.0,0.0,0.0,-0.0003746645884442623,,,
fixed_policy_measurement,grouping_at_original,2718,compact_to_qwen,selective_deployable,0.50,False,0.6388888888888888,0.04885057471264368,0.07237594200517827,0.07237594200517827,,,,False,0.6388888888888888,0.04885057471264368,0.07237594200517827,0.07278906306362326,,,,False,False,False,0.0,0.0,0.0,-0.00041312105844498737,,,
fixed_policy_measurement,grouping_at_original,2718,rule_compact_to_qwen,cheap_only,anchor,False,0.25,0.06609195402298851,0.09233820655979783,0.09233820655979783,,,,False,0.25,0.06609195402298851,0.09233820655979783,0.09286435588897034,,,,False,False,False,0.0,0.0,0.0,-0.0005261493291725122,,,
fixed_policy_measurement,grouping_at_original,2718,rule_compact_to_qwen,full_information,anchor,False,0.8055555555555556,0.04885057471264368,0.07237594200517827,0.07237594200517827,,,,False,0.8055555555555556,0.04885057471264368,0.07237594200517827,0.07278906306362326,,,,False,False,False,0.0,0.0,0.0,-0.00041312105844498737,,,
fixed_policy_measurement,grouping_at_original,2718,rule_compact_to_qwen,selective_deployable,0.10,False,0.2916666666666667,0.040229885057471264,0.06217831166867447,0.06217831166867447,,,,False,0.2916666666666667,0.040229885057471264,0.06217831166867447,0.06253356577852343,,,,False,False,False,0.0,0.0,0.0,-0.0003552541098489556,,,
fixed_policy_measurement,grouping_at_original,2718,rule_compact_to_qwen,selective_deployable,0.25,False,0.4722222222222222,0.040229885057471264,0.06217831166867447,0.06217831166867447,,,,False,0.4722222222222222,0.040229885057471264,0.06217831166867447,0.06253356577852343,,,,False,False,False,0.0,0.0,0.0,-0.0003552541098489556,,,
fixed_policy_measurement,grouping_at_original,2718,rule_compact_to_qwen,selective_deployable,0.50,False,0.6805555555555556,0.04597701149425287,0.06899582108347843,0.06899582108347843,,,,False,0.6805555555555556,0.04597701149425287,0.06899582108347843,0.06938977131925557,,,,False,False,False,0.0,0.0,0.0,-0.00039395023577713795,,,
fixed_policy_measurement,grouping_at_original,2718,rule_to_compact,cheap_only,anchor,False,0.25,0.07471264367816093,0.10215519678029178,0.10215519678029178,,,,False,0.25,0.07471264367816093,0.10215519678029178,0.102736815877144,,,,False,False,False,0.0,0.0,0.0,-0.0005816190968522261,,,
fixed_policy_measurement,grouping_at_original,2718,rule_to_compact,full_information,anchor,False,0.25,0.06609195402298851,0.09233820655979783,0.09233820655979783,,,,False,0.25,0.06609195402298851,0.09233820655979783,0.09286435588897034,,,,False,False,False,0.0,0.0,0.0,-0.0005261493291725122,,,
fixed_policy_measurement,grouping_at_original,2718,rule_to_compact,selective_deployable,0.10,False,0.25,0.07758620689655173,0.10540761954830204,0.10540761954830204,,,,False,0.25,0.07758620689655173,0.10540761954830204,0.10600759988603706,,,,False,False,False,0.0,0.0,0.0,-0.0005999803377350205,,,
fixed_policy_measurement,grouping_at_original,2718,rule_to_compact,selective_deployable,0.25,False,0.25,0.08620689655172414,0.11511181345031386,0.11511181345031386,,,,False,0.25,0.08620689655172414,0.11511181345031386,0.1157665307824958,,,,False,False,False,0.0,0.0,0.0,-0.0006547173321819338,,,
fixed_policy_measurement,grouping_at_original,2718,rule_to_compact,selective_deployable,0.50,False,0.25,0.06609195402298851,0.09233820655979783,0.09233820655979783,,,,False,0.25,0.06609195402298851,0.09233820655979783,0.09286435588897034,,,,False,False,False,0.0,0.0,0.0,-0.0005261493291725122,,,
fixed_policy_measurement,grouping_at_original,3141,compact_to_qwen,cheap_only,anchor,False,0.06944444444444445,0.04310344827586207,0.06559717894199792,0.06559717894199792,,,,False,0.06944444444444445,0.04310344827586207,0.06559717894199792,0.06597184353044218,,,,False,False,False,0.0,0.0,0.0,-0.0003746645884442623,,,
fixed_policy_measurement,grouping_at_original,3141,compact_to_qwen,full_information,anchor,False,0.8472222222222222,0.0603448275862069,0.08573789738883353,0.08573789738883353,,,,False,0.8472222222222222,0.0603448275862069,0.08573789738883353,0.0862267104207964,,,,False,False,False,0.0,0.0,0.0,-0.0004888130319628675,,,
fixed_policy_measurement,grouping_at_original,3141,compact_to_qwen,selective_deployable,0.10,False,0.2361111111111111,0.06609195402298851,0.09233820655979783,0.09233820655979783,,,,False,0.2361111111111111,0.06609195402298851,0.09233820655979783,0.09286435588897034,,,,False,False,False,0.0,0.0,0.0,-0.0005261493291725122,,,
fixed_policy_measurement,grouping_at_original,3141,compact_to_qwen,selective_deployable,0.25,False,0.3888888888888889,0.06321839080459771,0.089044060796342,0.089044060796342,,,,False,0.3888888888888889,0.06321839080459771,0.089044060796342,0.08955158024348812,,,,False,False,False,0.0,0.0,0.0,-0.0005075194471461236,,,
fixed_policy_measurement,grouping_at_original,3141,compact_to_qwen,selective_deployable,0.50,False,0.6527777777777778,0.05747126436781609,0.0824189360829214,0.0824189360829214,,,,False,0.6527777777777778,0.05747126436781609,0.0824189360829214,0.08288896156304905,,,,False,False,False,0.0,0.0,0.0,-0.0004700254801276449,,,
fixed_policy_measurement,grouping_at_original,3141,rule_compact_to_qwen,cheap_only,anchor,False,0.18055555555555555,0.031609195402298854,0.05177845699600946,0.05177845699600946,,,,False,0.18055555555555555,0.031609195402298854,0.05177845699600946,0.05207460224965863,,,,False,False,False,0.0,0.0,0.0,-0.00029614525364916877,,,
fixed_policy_measurement,grouping_at_original,3141,rule_compact_to_qwen,full_information,anchor,False,0.8472222222222222,0.05172413793103448,0.07573901025268069,0.07573901025268069,,,,False,0.8472222222222222,0.05172413793103448,0.07573901025268069,0.0761711959411054,,,,False,False,False,0.0,0.0,0.0,-0.0004321856884247077,,,
fixed_policy_measurement,grouping_at_original,3141,rule_compact_to_qwen,selective_deployable,0.10,False,0.2777777777777778,0.034482758620689655,0.05527154987503182,0.05527154987503182,,,,False,0.2777777777777778,0.034482758620689655,0.05527154987503182,0.055587559544555715,,,,False,False,False,0.0,0.0,0.0,-0.0003160096695238937,,,
fixed_policy_measurement,grouping_at_original,3141,rule_compact_to_qwen,selective_deployable,0.25,False,0.4305555555555556,0.034482758620689655,0.05527154987503182,0.05527154987503182,,,,False,0.4305555555555556,0.034482758620689655,0.05527154987503182,0.055587559544555715,,,,False,False,False,0.0,0.0,0.0,-0.0003160096695238937,,,
fixed_policy_measurement,grouping_at_original,3141,rule_compact_to_qwen,selective_deployable,0.50,False,0.5694444444444444,0.040229885057471264,0.06217831166867447,0.06217831166867447,,,,False,0.5694444444444444,0.040229885057471264,0.06217831166867447,0.06253356577852343,,,,False,False,False,0.0,0.0,0.0,-0.0003552541098489556,,,
fixed_policy_measurement,grouping_at_original,3141,rule_to_compact,cheap_only,anchor,False,0.16666666666666666,0.034482758620689655,0.05527154987503182,0.05527154987503182,,,,False,0.16666666666666666,0.034482758620689655,0.05527154987503182,0.055587559544555715,,,,False,False,False,0.0,0.0,0.0,-0.0003160096695238937,,,
fixed_policy_measurement,grouping_at_original,3141,rule_to_compact,full_information,anchor,False,0.18055555555555555,0.031609195402298854,0.05177845699600946,0.05177845699600946,,,,False,0.18055555555555555,0.031609195402298854,0.05177845699600946,0.05207460224965863,,,,False,False,False,0.0,0.0,0.0,-0.00029614525364916877,,,
fixed_policy_measurement,grouping_at_original,3141,rule_to_compact,selective_deployable,0.10,False,0.18055555555555555,0.034482758620689655,0.05527154987503182,0.05527154987503182,,,,False,0.18055555555555555,0.034482758620689655,0.05527154987503182,0.055587559544555715,,,,False,False,False,0.0,0.0,0.0,-0.0003160096695238937,,,
fixed_policy_measurement,grouping_at_original,3141,rule_to_compact,selective_deployable,0.25,False,0.18055555555555555,0.034482758620689655,0.05527154987503182,0.05527154987503182,,,,False,0.18055555555555555,0.034482758620689655,0.05527154987503182,0.055587559544555715,,,,False,False,False,0.0,0.0,0.0,-0.0003160096695238937,,,
fixed_policy_measurement,grouping_at_original,3141,rule_to_compact,selective_deployable,0.50,False,0.18055555555555555,0.031609195402298854,0.05177845699600946,0.05177845699600946,,,,False,0.18055555555555555,0.031609195402298854,0.05177845699600946,0.05207460224965863,,,,False,False,False,0.0,0.0,0.0,-0.00029614525364916877,,,
fixed_policy_measurement,grouping_at_original,5772,compact_to_qwen,cheap_only,anchor,False,0.15492957746478872,0.04297994269340974,0.06541143768987555,0.06541143768987555,,,,False,0.15492957746478872,0.04297994269340974,0.06541143768987555,0.06578397786941731,,,,False,False,False,0.0,0.0,0.0,-0.000372540179541761,,,
fixed_policy_measurement,grouping_at_original,5772,compact_to_qwen,full_information,anchor,False,0.8732394366197183,0.034383954154727794,0.05511488840986523,0.05511488840986523,,,,False,0.8732394366197183,0.034383954154727794,0.05511488840986523,0.0554291043677078,,,,False,False,False,0.0,0.0,0.0,-0.0003142159578425688,,,
fixed_policy_measurement,grouping_at_original,5772,compact_to_qwen,selective_deployable,0.10,False,0.28169014084507044,0.034383954154727794,0.05511488840986523,0.05511488840986523,,,,False,0.28169014084507044,0.034383954154727794,0.05511488840986523,0.0554291043677078,,,,False,False,False,0.0,0.0,0.0,-0.0003142159578425688,,,
fixed_policy_measurement,grouping_at_original,5772,compact_to_qwen,selective_deployable,0.25,False,0.5352112676056338,0.03724928366762178,0.05857079629240329,0.05857079629240329,,,,False,0.5352112676056338,0.03724928366762178,0.05857079629240329,0.05890459855125166,,,,False,False,False,0.0,0.0,0.0,-0.00033380225884836745,,,
fixed_policy_measurement,grouping_at_original,5772,compact_to_qwen,selective_deployable,0.50,False,0.7887323943661971,0.04011461318051576,0.06200219374162649,0.06200219374162649,,,,False,0.7887323943661971,0.04011461318051576,0.06200219374162649,0.06235543281596552,,,,False,False,False,0.0,0.0,0.0,-0.00035323907433902624,,,
fixed_policy_measurement,grouping_at_original,5772,rule_compact_to_qwen,cheap_only,anchor,False,0.18309859154929578,0.06017191977077364,0.08549556272192184,0.08549556272192184,,,,False,0.18309859154929578,0.06017191977077364,0.08549556272192184,0.08598160936447057,,,,False,False,False,0.0,0.0,0.0,-0.0004860466425487264,,,
fixed_policy_measurement,grouping_at_original,5772,rule_compact_to_qwen,full_information,anchor,False,0.8873239436619719,0.04011461318051576,0.06200219374162649,0.06200219374162649,,,,False,0.8873239436619719,0.04011461318051576,0.06200219374162649,0.06235543281596552,,,,False,False,False,0.0,0.0,0.0,-0.00035323907433902624,,,
fixed_policy_measurement,grouping_at_original,5772,rule_compact_to_qwen,selective_deployable,0.10,False,0.30985915492957744,0.045845272206303724,0.0688005183497085,0.0688005183497085,,,,False,0.30985915492957744,0.045845272206303724,0.0688005183497085,0.06919223556730196,,,,False,False,False,0.0,0.0,0.0,-0.0003917172175934569,,,
fixed_policy_measurement,grouping_at_original,5772,rule_compact_to_qwen,selective_deployable,0.25,False,0.5492957746478874,0.04011461318051576,0.06200219374162649,0.06200219374162649,,,,False,0.5492957746478874,0.04011461318051576,0.06200219374162649,0.06235543281596552,,,,False,False,False,0.0,0.0,0.0,-0.00035323907433902624,,,
fixed_policy_measurement,grouping_at_original,5772,rule_compact_to_qwen,selective_deployable,0.50,False,0.7464788732394366,0.04011461318051576,0.06200219374162649,0.06200219374162649,,,,False,0.7464788732394366,0.04011461318051576,0.06200219374162649,0.06235543281596552,,,,False,False,False,0.0,0.0,0.0,-0.00035323907433902624,,,
fixed_policy_measurement,grouping_at_original,5772,rule_to_compact,cheap_only,anchor,False,0.16901408450704225,0.06876790830945559,0.09535098763963369,0.09535098763963369,,,,False,0.16901408450704225,0.06876790830945559,0.09535098763963369,0.09589261444550476,,,,False,False,False,0.0,0.0,0.0,-0.0005416268058710677,,,
fixed_policy_measurement,grouping_at_original,5772,rule_to_compact,full_information,anchor,False,0.18309859154929578,0.06017191977077364,0.08549556272192184,0.08549556272192184,,,,False,0.18309859154929578,0.06017191977077364,0.08549556272192184,0.08598160936447057,,,,False,False,False,0.0,0.0,0.0,-0.0004860466425487264,,,
fixed_policy_measurement,grouping_at_original,5772,rule_to_compact,selective_deployable,0.10,False,0.16901408450704225,0.0659025787965616,0.0920773606800653,0.0920773606800653,,,,False,0.16901408450704225,0.0659025787965616,0.0920773606800653,0.09260053407755514,,,,False,False,False,0.0,0.0,0.0,-0.0005231733974898345,,,
fixed_policy_measurement,grouping_at_original,5772,rule_to_compact,selective_deployable,0.25,False,0.18309859154929578,0.06017191977077364,0.08549556272192184,0.08549556272192184,,,,False,0.18309859154929578,0.06017191977077364,0.08549556272192184,0.08598160936447057,,,,False,False,False,0.0,0.0,0.0,-0.0004860466425487264,,,
fixed_policy_measurement,grouping_at_original,5772,rule_to_compact,selective_deployable,0.50,False,0.18309859154929578,0.06017191977077364,0.08549556272192184,0.08549556272192184,,,,False,0.18309859154929578,0.06017191977077364,0.08549556272192184,0.08598160936447057,,,,False,False,False,0.0,0.0,0.0,-0.0004860466425487264,,,
fixed_policy_measurement,grouping_at_original,8111,compact_to_qwen,cheap_only,anchor,True,0.013333333333333334,0.008695652173913044,0.02231995328696475,0.02231995328696475,,,,True,0.013333333333333334,0.008695652173913044,0.02231995328696475,0.022449195640136005,,,,False,False,False,0.0,0.0,0.0,-0.0001292423531712543,,,
fixed_policy_measurement,grouping_at_original,8111,compact_to_qwen,full_information,anchor,False,0.7733333333333333,0.0463768115942029,0.06958843796635428,0.06958843796635428,,,,False,0.7733333333333333,0.0463768115942029,0.06958843796635428,0.06998920300814261,,,,False,False,False,0.0,0.0,0.0,-0.00040076504178833405,,,
fixed_policy_measurement,grouping_at_original,8111,compact_to_qwen,selective_deployable,0.10,False,0.16,0.0463768115942029,0.06958843796635428,0.06958843796635428,,,,False,0.16,0.0463768115942029,0.06958843796635428,0.06998920300814261,,,,False,False,False,0.0,0.0,0.0,-0.00040076504178833405,,,
fixed_policy_measurement,grouping_at_original,8111,compact_to_qwen,selective_deployable,0.25,False,0.4266666666666667,0.06666666666666667,0.09312968479417107,0.09312968479417107,,,,False,0.4266666666666667,0.06666666666666667,0.09312968479417107,0.09366491582135207,,,,False,False,False,0.0,0.0,0.0,-0.0005352310271810046,,,
fixed_policy_measurement,grouping_at_original,8111,compact_to_qwen,selective_deployable,0.50,False,0.64,0.04057971014492753,0.06271271924981928,0.06271271924981928,,,,False,0.64,0.04057971014492753,0.06271271924981928,0.06307412299325009,,,,False,False,False,0.0,0.0,0.0,-0.00036140374343081316,,,
fixed_policy_measurement,grouping_at_original,8111,rule_compact_to_qwen,cheap_only,anchor,False,0.2,0.04927536231884058,0.07299739685365168,0.07299739685365168,,,,False,0.2,0.04927536231884058,0.07299739685365168,0.07341766197929514,,,,False,False,False,0.0,0.0,0.0,-0.00042026512564345697,,,
fixed_policy_measurement,grouping_at_original,8111,rule_compact_to_qwen,full_information,anchor,False,0.8,0.03768115942028986,0.05924222681894716,0.05924222681894716,,,,False,0.8,0.03768115942028986,0.05924222681894716,0.05958374724453875,,,,False,False,False,0.0,0.0,0.0,-0.0003415204255915877,,,
fixed_policy_measurement,grouping_at_original,8111,rule_compact_to_qwen,selective_deployable,0.10,False,0.28,0.04057971014492753,0.06271271924981928,0.06271271924981928,,,,False,0.28,0.04057971014492753,0.06271271924981928,0.06307412299325009,,,,False,False,False,0.0,0.0,0.0,-0.00036140374343081316,,,
fixed_policy_measurement,grouping_at_original,8111,rule_compact_to_qwen,selective_deployable,0.25,True,0.4,0.017391304347826087,0.03403565611664818,0.03403565611664818,,,,True,0.4,0.017391304347826087,0.03403565611664818,0.0342324161943794,,,,False,False,False,0.0,0.0,0.0,-0.00019676007773122145,,,
fixed_policy_measurement,grouping_at_original,8111,rule_compact_to_qwen,selective_deployable,0.50,False,0.68,0.043478260869565216,0.06616078508709561,0.06616078508709561,,,,False,0.68,0.043478260869565216,0.06616078508709561,0.06654193306290958,,,,False,False,False,0.0,0.0,0.0,-0.00038114797581396964,,,
fixed_policy_measurement,grouping_at_original,8111,rule_to_compact,cheap_only,anchor,False,0.2,0.04927536231884058,0.07299739685365168,0.07299739685365168,,,,False,0.2,0.04927536231884058,0.07299739685365168,0.07341766197929514,,,,False,False,False,0.0,0.0,0.0,-0.00042026512564345697,,,
fixed_policy_measurement,grouping_at_original,8111,rule_to_compact,full_information,anchor,False,0.2,0.04927536231884058,0.07299739685365168,0.07299739685365168,,,,False,0.2,0.04927536231884058,0.07299739685365168,0.07341766197929514,,,,False,False,False,0.0,0.0,0.0,-0.00042026512564345697,,,
fixed_policy_measurement,grouping_at_original,8111,rule_to_compact,selective_deployable,0.10,False,0.2,0.04927536231884058,0.07299739685365168,0.07299739685365168,,,,False,0.2,0.04927536231884058,0.07299739685365168,0.07341766197929514,,,,False,False,False,0.0,0.0,0.0,-0.00042026512564345697,,,
fixed_policy_measurement,grouping_at_original,8111,rule_to_compact,selective_deployable,0.25,False,0.2,0.04927536231884058,0.07299739685365168,0.07299739685365168,,,,False,0.2,0.04927536231884058,0.07299739685365168,0.07341766197929514,,,,False,False,False,0.0,0.0,0.0,-0.00042026512564345697,,,
fixed_policy_measurement,grouping_at_original,8111,rule_to_compact,selective_deployable,0.50,False,0.2,0.04927536231884058,0.07299739685365168,0.07299739685365168,,,,False,0.2,0.04927536231884058,0.07299739685365168,0.07341766197929514,,,,False,False,False,0.0,0.0,0.0,-0.00042026512564345697,,,
fixed_policy_measurement,label_at_dependency,1729,compact_to_qwen,cheap_only,anchor,False,0.18309859154929578,0.04871060171919771,0.0721711346734761,0.0725819148103667,,,,False,0.18309859154929578,0.04871060171919771,0.0721711346734761,0.0725819148103667,,,,False,False,False,0.0,0.0,0.0,0.0,,,
fixed_policy_measurement,label_at_dependency,1729,compact_to_qwen,full_information,anchor,False,0.8732394366197183,0.04011461318051576,0.06200219374162649,0.06235543281596552,,,,False,0.8732394366197183,0.04011461318051576,0.06200219374162649,0.06235543281596552,,,,False,False,False,0.0,0.0,0.0,0.0,,,
fixed_policy_measurement,label_at_dependency,1729,compact_to_qwen,selective_deployable,0.10,True,0.323943661971831,0.025787965616045846,0.04456857254031658,0.044822948705678975,,,,True,0.323943661971831,0.025787965616045846,0.04456857254031658,0.044822948705678975,,,,False,False,False,0.0,0.0,0.0,0.0,,,
fixed_policy_measurement,label_at_dependency,1729,compact_to_qwen,selective_deployable,0.25,False,0.5774647887323944,0.045845272206303724,0.0688005183497085,0.06919223556730196,,,,False,0.5774647887323944,0.045845272206303724,0.0688005183497085,0.06919223556730196,,,,False,False,False,0.0,0.0,0.0,0.0,,,
fixed_policy_measurement,label_at_dependency,1729,compact_to_qwen,selective_deployable,0.50,False,0.7183098591549296,0.03151862464183381,0.05163164376229004,0.05192610743152733,,,,False,0.7183098591549296,0.03151862464183381,0.05163164376229004,0.05192610743152733,,,,False,False,False,0.0,0.0,0.0,0.0,,,
fixed_policy_measurement,label_at_dependency,1729,rule_compact_to_qwen,cheap_only,anchor,False,0.2112676056338028,0.10315186246418338,0.13393571721255926,0.1346942415693272,,,,False,0.22535211267605634,0.10028653295128939,0.13076132938123652,0.13150205052075944,,,,False,False,False,-0.01408450704225353,0.002865329512893991,0.0031743878313227336,0.003192191048567744,,,
fixed_policy_measurement,label_at_dependency,1729,rule_compact_to_qwen,full_information,anchor,False,0.8309859154929577,0.04011461318051576,0.06200219374162649,0.06235543281596552,,,,False,0.8309859154929577,0.04011461318051576,0.06200219374162649,0.06235543281596552,,,,False,False,False,0.0,0.0,0.0,0.0,,,
fixed_policy_measurement,label_at_dependency,1729,rule_compact_to_qwen,selective_deployable,0.10,False,0.3380281690140845,0.08595988538681948,0.11478722277063949,0.11543824422626413,,,,False,0.36619718309859156,0.08022922636103152,0.10834438899688771,0.10895917901725036,,,,False,False,False,-0.02816901408450706,0.005730659025787954,0.00644283377375178,0.006479065209013771,,,
fixed_policy_measurement,label_at_dependency,1729,rule_compact_to_qwen,selective_deployable,0.25,False,0.5070422535211268,0.03151862464183381,0.05163164376229004,0.05192610743152733,,,,True,0.5352112676056338,0.025787965616045846,0.04456857254031658,0.044822948705678975,,,,True,False,True,-0.028169014084507005,0.005730659025787965,0.0070630712219734645,0.007103158725848352,,,
fixed_policy_measurement,label_at_dependency,1729,rule_compact_to_qwen,selective_deployable,0.50,False,0.7746478873239436,0.04011461318051576,0.06200219374162649,0.06235543281596552,,,,False,0.7746478873239436,0.04011461318051576,0.06200219374162649,0.06235543281596552,,,,False,False,False,0.0,0.0,0.0,0.0,,,
fixed_policy_measurement,label_at_dependency,1729,rule_to_compact,cheap_only,anchor,False,0.2112676056338028,0.10315186246418338,0.13393571721255926,0.1346942415693272,,,,False,0.22535211267605634,0.10028653295128939,0.13076132938123652,0.13150205052075944,,,,False,False,False,-0.01408450704225353,0.002865329512893991,0.0031743878313227336,0.003192191048567744,,,
fixed_policy_measurement,label_at_dependency,1729,rule_to_compact,full_information,anchor,False,0.2112676056338028,0.10315186246418338,0.13393571721255926,0.1346942415693272,,,,False,0.22535211267605634,0.10028653295128939,0.13076132938123652,0.13150205052075944,,,,False,False,False,-0.01408450704225353,0.002865329512893991,0.0031743878313227336,0.003192191048567744,,,
fixed_policy_measurement,label_at_dependency,1729,rule_to_compact,selective_deployable,0.10,False,0.2112676056338028,0.10315186246418338,0.13393571721255926,0.1346942415693272,,,,False,0.22535211267605634,0.10028653295128939,0.13076132938123652,0.13150205052075944,,,,False,False,False,-0.01408450704225353,0.002865329512893991,0.0031743878313227336,0.003192191048567744,,,
fixed_policy_measurement,label_at_dependency,1729,rule_to_compact,selective_deployable,0.25,False,0.2112676056338028,0.09742120343839542,0.12758048140252998,0.12830335582408076,,,,False,0.22535211267605634,0.09455587392550144,0.12439292439465133,0.12509790712815239,,,,False,False,False,-0.01408450704225353,0.002865329512893977,0.0031875570078786497,0.00320544869592837,,,
fixed_policy_measurement,label_at_dependency,1729,rule_to_compact,selective_deployable,0.50,False,0.2112676056338028,0.10315186246418338,0.13393571721255926,0.1346942415693272,,,,False,0.22535211267605634,0.10028653295128939,0.13076132938123652,0.13150205052075944,,,,False,False,False,-0.01408450704225353,0.002865329512893991,0.0031743878313227336,0.003192191048567744,,,
fixed_policy_measurement,label_at_dependency,2718,compact_to_qwen,cheap_only,anchor,False,0.027777777777777776,0.03735632183908046,0.05873722324632595,0.059072930335105876,,,,False,0.028169014084507043,0.03724928366762178,0.05857079629240329,0.05890459855125166,,,,False,False,False,-0.00039123630672926665,0.00010703817145868433,0.00016642695392266038,0.00016833178385421838,,,
fixed_policy_measurement,label_at_dependency,2718,compact_to_qwen,full_information,anchor,False,0.875,0.05459770114942529,0.07908630229698733,0.07953745393199206,,,,False,0.8732394366197183,0.05730659025787966,0.08218591616153102,0.08265328077456838,,,,False,False,False,0.0017605633802817433,-0.0027088891084543695,-0.0030996138645436877,-0.0031158268425763164,,,
fixed_policy_measurement,label_at_dependency,2718,compact_to_qwen,selective_deployable,0.10,False,0.2222222222222222,0.08045977011494253,0.10865091468854385,0.10926919681107912,,,,False,0.22535211267605634,0.08022922636103152,0.10834438899688771,0.10895917901725036,,,,False,False,False,-0.0031298904538341332,0.0002305437539110028,0.0003065256916561371,0.0003100177938287624,,,
fixed_policy_measurement,label_at_dependency,2718,compact_to_qwen,selective_deployable,0.25,False,0.3611111111111111,0.04310344827586207,0.06559717894199792,0.06597184353044218,,,,False,0.36619718309859156,0.04297994269340974,0.06541143768987555,0.06578397786941731,,,,False,False,False,-0.005086071987480456,0.00012350558245233234,0.0001857412521223678,0.00018786566102486912,,,
fixed_policy_measurement,label_at_dependency,2718,compact_to_qwen,selective_deployable,0.50,False,0.6388888888888888,0.04885057471264368,0.07237594200517827,0.07278906306362326,,,,False,0.647887323943662,0.04871060171919771,0.0721711346734761,0.0725819148103667,,,,False,False,False,-0.008998435054773157,0.00013997299344597341,0.00020480733170216703,0.00020714825325655883,,,
fixed_policy_measurement,label_at_dependency,2718,rule_compact_to_qwen,cheap_only,anchor,False,0.25,0.06609195402298851,0.09233820655979783,0.09286435588897034,,,,False,0.2535211267605634,0.0659025787965616,0.0920773606800653,0.09260053407755514,,,,False,False,False,-0.0035211267605633756,0.00018937522642691051,0.0002608458797325186,0.00026382181141519634,,,
fixed_policy_measurement,label_at_dependency,2718,rule_compact_to_qwen,full_information,anchor,False,0.8055555555555556,0.04885057471264368,0.07237594200517827,0.07278906306362326,,,,False,0.8028169014084507,0.05157593123209169,0.07552475092839267,0.07595448844757033,,,,False,False,False,0.0027386541471048353,-0.0027253565194480106,-0.0031488089232143968,-0.003165425383947068,,,
fixed_policy_measurement,label_at_dependency,2718,rule_compact_to_qwen,selective_deployable,0.10,False,0.2916666666666667,0.040229885057471264,0.06217831166867447,0.06253356577852343,,,,False,0.29577464788732394,0.04011461318051576,0.06200219374162649,0.06235543281596552,,,,False,False,False,-0.004107981220657253,0.0001152718769555014,0.00017611792704797652,0.0001781329625579059,,,
fixed_policy_measurement,label_at_dependency,2718,rule_compact_to_qwen,selective_deployable,0.25,False,0.4722222222222222,0.040229885057471264,0.06217831166867447,0.06253356577852343,,,,False,0.4788732394366197,0.04011461318051576,0.06200219374162649,0.06235543281596552,,,,False,False,False,-0.006651017214397481,0.0001152718769555014,0.00017611792704797652,0.0001781329625579059,,,
fixed_policy_measurement,label_at_dependency,2718,rule_compact_to_qwen,selective_deployable,0.50,False,0.6805555555555556,0.04597701149425287,0.06899582108347843,0.06938977131925557,,,,False,0.6901408450704225,0.045845272206303724,0.0688005183497085,0.06919223556730196,,,,False,False,False,-0.009585289514866924,0.0001317392879491494,0.00019530273376992813,0.00019753575195360917,,,
fixed_policy_measurement,label_at_dependency,2718,rule_to_compact,cheap_only,anchor,False,0.25,0.07471264367816093,0.10215519678029178,0.102736815877144,,,,False,0.2535211267605634,0.07449856733524356,0.10186684887996843,0.10244518112436252,,,,False,False,False,-0.0035211267605633756,0.00021407634291736866,0.0002883479003233519,0.00029163475278148887,,,
fixed_policy_measurement,label_at_dependency,2718,rule_to_compact,full_information,anchor,False,0.25,0.06609195402298851,0.09233820655979783,0.09286435588897034,,,,False,0.2535211267605634,0.0659025787965616,0.0920773606800653,0.09260053407755514,,,,False,False,False,-0.0035211267605633756,0.00018937522642691051,0.0002608458797325186,0.00026382181141519634,,,
fixed_policy_measurement,label_at_dependency,2718,rule_to_compact,selective_deployable,0.10,False,0.25,0.07758620689655173,0.10540761954830204,0.10600759988603706,,,,False,0.2535211267605634,0.07736389684813753,0.10511016803183339,0.10570675870055461,,,,False,False,False,-0.0035211267605633756,0.00022231004841419266,0.00029745151646864976,0.000300841185482445,,,
fixed_policy_measurement,label_at_dependency,2718,rule_to_compact,selective_deployable,0.25,False,0.25,0.08620689655172414,0.11511181345031386,0.1157665307824958,,,,False,0.2535211267605634,0.08595988538681948,0.11478722277063949,0.11543824422626413,,,,False,False,False,-0.0035211267605633756,0.0002470111649046647,0.00032459067967437194,0.0003282865562316689,,,
fixed_policy_measurement,label_at_dependency,2718,rule_to_compact,selective_deployable,0.50,False,0.25,0.06609195402298851,0.09233820655979783,0.09286435588897034,,,,False,0.2535211267605634,0.0659025787965616,0.0920773606800653,0.09260053407755514,,,,False,False,False,-0.0035211267605633756,0.00018937522642691051,0.0002608458797325186,0.00026382181141519634,,,
fixed_policy_measurement,label_at_dependency,3141,compact_to_qwen,cheap_only,anchor,False,0.06944444444444445,0.04310344827586207,0.06559717894199792,0.06597184353044218,,,,False,0.07042253521126761,0.04297994269340974,0.06541143768987555,0.06578397786941731,,,,False,False,False,-0.0009780907668231614,0.00012350558245233234,0.0001857412521223678,0.00018786566102486912,,,
fixed_policy_measurement,label_at_dependency,3141,compact_to_qwen,full_information,anchor,False,0.8472222222222222,0.0603448275862069,0.08573789738883353,0.0862267104207964,,,,False,0.8450704225352113,0.06303724928366762,0.08879245157053443,0.08929709961567887,,,,False,False,False,0.002151799687010958,-0.0026924216974607215,-0.0030545541817009053,-0.003070389194882478,,,
fixed_policy_measurement,label_at_dependency,3141,compact_to_qwen,selective_deployable,0.10,False,0.2361111111111111,0.06609195402298851,0.09233820655979783,0.09286435588897034,,,,False,0.2535211267605634,0.06303724928366762,0.08879245157053443,0.08929709961567887,,,,False,False,False,-0.01741001564945227,0.0030547047393208876,0.0035457549892633916,0.0035672562732914637,,,
fixed_policy_measurement,label_at_dependency,3141,compact_to_qwen,selective_deployable,0.25,False,0.3888888888888889,0.06321839080459771,0.089044060796342,0.08955158024348812,,,,False,0.39436619718309857,0.06303724928366762,0.08879245157053443,0.08929709961567887,,,,False,False,False,-0.005477308294209671,0.0001811415209300865,0.00025160922580756695,0.0002544806278092504,,,
fixed_policy_measurement,label_at_dependency,3141,compact_to_qwen,selective_deployable,0.50,False,0.6527777777777778,0.05747126436781609,0.0824189360829214,0.08288896156304905,,,,False,0.6619718309859155,0.05730659025787966,0.08218591616153102,0.08265328077456838,,,,False,False,False,-0.009194053208137709,0.00016467410993643156,0.00023301992139038163,0.00023568078848067164,,,
fixed_policy_measurement,label_at_dependency,3141,rule_compact_to_qwen,cheap_only,anchor,False,0.18055555555555555,0.031609195402298854,0.05177845699600946,0.05207460224965863,,,,False,0.18309859154929578,0.03151862464183381,0.05163164376229004,0.05192610743152733,,,,False,False,False,-0.002543035993740228,9.057076046504325e-05,0.0001468132337194214,0.00014849481813130477,,,
fixed_policy_measurement,label_at_dependency,3141,rule_compact_to_qwen,full_information,anchor,False,0.8472222222222222,0.05172413793103448,0.07573901025268069,0.0761711959411054,,,,False,0.8450704225352113,0.054441260744985676,0.07886263986355725,0.07931123669358123,,,,False,False,False,0.002151799687010958,-0.0027171228139511935,-0.0031236296108765604,-0.0031400407524758284,,,
fixed_policy_measurement,label_at_dependency,3141,rule_compact_to_qwen,selective_deployable,0.10,False,0.2777777777777778,0.034482758620689655,0.05527154987503182,0.055587559544555715,,,,False,0.28169014084507044,0.034383954154727794,0.05511488840986523,0.0554291043677078,,,,False,False,False,-0.003912363067292646,9.880446596186032e-05,0.0001566614651665882,0.0001584551768479131,,,
fixed_policy_measurement,label_at_dependency,3141,rule_compact_to_qwen,selective_deployable,0.25,False,0.4305555555555556,0.034482758620689655,0.05527154987503182,0.055587559544555715,,,,False,0.4507042253521127,0.03151862464183381,0.05163164376229004,0.05192610743152733,,,,False,False,False,-0.020148669796557106,0.0029641339788558443,0.0036399061127417795,0.003661452113028388,,,
fixed_policy_measurement,label_at_dependency,3141,rule_compact_to_qwen,selective_deployable,0.50,False,0.5694444444444444,0.040229885057471264,0.06217831166867447,0.06253356577852343,,,,False,0.5915492957746479,0.03724928366762178,0.05857079629240329,0.05890459855125166,,,,False,False,False,-0.022104851330203457,0.0029806013898494854,0.0036075153762711795,0.0036289672272717677,,,
fixed_policy_measurement,label_at_dependency,3141,rule_to_compact,cheap_only,anchor,False,0.16666666666666666,0.034482758620689655,0.05527154987503182,0.055587559544555715,,,,False,0.16901408450704225,0.034383954154727794,0.05511488840986523,0.0554291043677078,,,,False,False,False,-0.002347417840375593,9.880446596186032e-05,0.0001566614651665882,0.0001584551768479131,,,
fixed_policy_measurement,label_at_dependency,3141,rule_to_compact,full_information,anchor,False,0.18055555555555555,0.031609195402298854,0.05177845699600946,0.05207460224965863,,,,False,0.18309859154929578,0.03151862464183381,0.05163164376229004,0.05192610743152733,,,,False,False,False,-0.002543035993740228,9.057076046504325e-05,0.0001468132337194214,0.00014849481813130477,,,
fixed_policy_measurement,label_at_dependency,3141,rule_to_compact,selective_deployable,0.10,False,0.18055555555555555,0.034482758620689655,0.05527154987503182,0.055587559544555715,,,,False,0.18309859154929578,0.034383954154727794,0.05511488840986523,0.0554291043677078,,,,False,False,False,-0.002543035993740228,9.880446596186032e-05,0.0001566614651665882,0.0001584551768479131,,,
fixed_policy_measurement,label_at_dependency,3141,rule_to_compact,selective_deployable,0.25,False,0.18055555555555555,0.034482758620689655,0.05527154987503182,0.055587559544555715,,,,False,0.18309859154929578,0.034383954154727794,0.05511488840986523,0.0554291043677078,,,,False,False,False,-0.002543035993740228,9.880446596186032e-05,0.0001566614651665882,0.0001584551768479131,,,
fixed_policy_measurement,label_at_dependency,3141,rule_to_compact,selective_deployable,0.50,False,0.18055555555555555,0.031609195402298854,0.05177845699600946,0.05207460224965863,,,,False,0.18309859154929578,0.03151862464183381,0.05163164376229004,0.05192610743152733,,,,False,False,False,-0.002543035993740228,9.057076046504325e-05,0.0001468132337194214,0.00014849481813130477,,,
fixed_policy_measurement,label_at_dependency,5772,compact_to_qwen,cheap_only,anchor,False,0.15492957746478872,0.04297994269340974,0.06541143768987555,0.06578397786941731,,,,False,0.15492957746478872,0.04297994269340974,0.06541143768987555,0.06578397786941731,,,,False,False,False,0.0,0.0,0.0,0.0,,,
fixed_policy_measurement,label_at_dependency,5772,compact_to_qwen,full_information,anchor,False,0.8732394366197183,0.034383954154727794,0.05511488840986523,0.0554291043677078,,,,False,0.8873239436619719,0.03151862464183381,0.05163164376229004,0.05192610743152733,,,,False,False,False,-0.014084507042253613,0.002865329512893984,0.0034832446475751913,0.0035029969361804747,,,
fixed_policy_measurement,label_at_dependency,5772,compact_to_qwen,selective_deployable,0.10,False,0.28169014084507044,0.034383954154727794,0.05511488840986523,0.0554291043677078,,,,False,0.28169014084507044,0.034383954154727794,0.05511488840986523,0.0554291043677078,,,,False,False,False,0.0,0.0,0.0,0.0,,,
fixed_policy_measurement,label_at_dependency,5772,compact_to_qwen,selective_deployable,0.25,False,0.5352112676056338,0.03724928366762178,0.05857079629240329,0.05890459855125166,,,,False,0.5492957746478874,0.034383954154727794,0.05511488840986523,0.0554291043677078,,,,False,False,False,-0.014084507042253613,0.002865329512893984,0.0034559078825380576,0.0034754941835438563,,,
fixed_policy_measurement,label_at_dependency,5772,compact_to_qwen,selective_deployable,0.50,False,0.7887323943661971,0.04011461318051576,0.06200219374162649,0.06235543281596552,,,,False,0.8028169014084507,0.03724928366762178,0.05857079629240329,0.05890459855125166,,,,False,False,False,-0.014084507042253613,0.002865329512893984,0.003431397449223203,0.003450834264713862,,,
fixed_policy_measurement,label_at_dependency,5772,rule_compact_to_qwen,cheap_only,anchor,False,0.18309859154929578,0.06017191977077364,0.08549556272192184,0.08598160936447057,,,,False,0.16901408450704225,0.06303724928366762,0.08879245157053443,0.08929709961567887,,,,False,False,False,0.01408450704225353,-0.002865329512893984,-0.0032968888486125947,-0.0033154902512083084,,,
fixed_policy_measurement,label_at_dependency,5772,rule_compact_to_qwen,full_information,anchor,False,0.8873239436619719,0.04011461318051576,0.06200219374162649,0.06235543281596552,,,,False,0.9014084507042254,0.03724928366762178,0.05857079629240329,0.05890459855125166,,,,False,False,False,-0.014084507042253502,0.002865329512893984,0.003431397449223203,0.003450834264713862,,,
fixed_policy_measurement,label_at_dependency,5772,rule_compact_to_qwen,selective_deployable,0.10,False,0.30985915492957744,0.045845272206303724,0.0688005183497085,0.06919223556730196,,,,False,0.30985915492957744,0.045845272206303724,0.0688005183497085,0.06919223556730196,,,,False,False,False,0.0,0.0,0.0,0.0,,,
fixed_policy_measurement,label_at_dependency,5772,rule_compact_to_qwen,selective_deployable,0.25,False,0.5492957746478874,0.04011461318051576,0.06200219374162649,0.06235543281596552,,,,False,0.5492957746478874,0.04011461318051576,0.06200219374162649,0.06235543281596552,,,,False,False,False,0.0,0.0,0.0,0.0,,,
fixed_policy_measurement,label_at_dependency,5772,rule_compact_to_qwen,selective_deployable,0.50,False,0.7464788732394366,0.04011461318051576,0.06200219374162649,0.06235543281596552,,,,False,0.7605633802816901,0.03724928366762178,0.05857079629240329,0.05890459855125166,,,,False,False,False,-0.014084507042253502,0.002865329512893984,0.003431397449223203,0.003450834264713862,,,
fixed_policy_measurement,label_at_dependency,5772,rule_to_compact,cheap_only,anchor,False,0.16901408450704225,0.06876790830945559,0.09535098763963369,0.09589261444550476,,,,False,0.15492957746478872,0.07163323782234957,0.09861396086651453,0.09917397283798585,,,,False,False,False,0.01408450704225353,-0.002865329512893977,-0.003262973226880836,-0.0032813583924810874,,,
fixed_policy_measurement,label_at_dependency,5772,rule_to_compact,full_information,anchor,False,0.18309859154929578,0.06017191977077364,0.08549556272192184,0.08598160936447057,,,,False,0.16901408450704225,0.06303724928366762,0.08879245157053443,0.08929709961567887,,,,False,False,False,0.01408450704225353,-0.002865329512893984,-0.0032968888486125947,-0.0033154902512083084,,,
fixed_policy_measurement,label_at_dependency,5772,rule_to_compact,selective_deployable,0.10,False,0.16901408450704225,0.0659025787965616,0.0920773606800653,0.09260053407755514,,,,False,0.15492957746478872,0.06876790830945559,0.09535098763963369,0.09589261444550476,,,,False,False,False,0.01408450704225353,-0.002865329512893991,-0.003273626959568385,-0.003292080367949618,,,
fixed_policy_measurement,label_at_dependency,5772,rule_to_compact,selective_deployable,0.25,False,0.18309859154929578,0.06017191977077364,0.08549556272192184,0.08598160936447057,,,,False,0.16901408450704225,0.06303724928366762,0.08879245157053443,0.08929709961567887,,,,False,False,False,0.01408450704225353,-0.002865329512893984,-0.0032968888486125947,-0.0033154902512083084,,,
fixed_policy_measurement,label_at_dependency,5772,rule_to_compact,selective_deployable,0.50,False,0.18309859154929578,0.06017191977077364,0.08549556272192184,0.08598160936447057,,,,False,0.16901408450704225,0.06303724928366762,0.08879245157053443,0.08929709961567887,,,,False,False,False,0.01408450704225353,-0.002865329512893984,-0.0032968888486125947,-0.0033154902512083084,,,
fixed_policy_measurement,label_at_dependency,8111,compact_to_qwen,cheap_only,anchor,True,0.013333333333333334,0.008695652173913044,0.02231995328696475,0.022449195640136005,,,,True,0.014084507042253521,0.008595988538681949,0.02206588200576443,0.02219219049605374,,,,False,False,False,-0.0007511737089201873,9.966363523109499e-05,0.0002540712812003215,0.0002570051440822646,,,
fixed_policy_measurement,label_at_dependency,8111,compact_to_qwen,full_information,anchor,False,0.7733333333333333,0.0463768115942029,0.06958843796635428,0.06998920300814261,,,,False,0.7746478873239436,0.054441260744985676,0.07886263986355725,0.07931123669358123,,,,False,False,False,-0.001314553990610312,-0.008064449150782776,-0.009274201897202974,-0.009322033685438616,,,
fixed_policy_measurement,label_at_dependency,8111,compact_to_qwen,selective_deployable,0.10,False,0.16,0.0463768115942029,0.06958843796635428,0.06998920300814261,,,,False,0.15492957746478872,0.04871060171919771,0.0721711346734761,0.0725819148103667,,,,False,False,False,0.005070422535211283,-0.0023337901249948084,-0.0025826967071218287,-0.0025927118022240903,,,
fixed_policy_measurement,label_at_dependency,8111,compact_to_qwen,selective_deployable,0.25,False,0.4266666666666667,0.06666666666666667,0.09312968479417107,0.09366491582135207,,,,False,0.4225352112676056,0.07163323782234957,0.09861396086651453,0.09917397283798585,,,,False,False,False,0.004131455399061068,-0.0049665711556829,-0.005484276072343461,-0.0055090570166337754,,,
fixed_policy_measurement,label_at_dependency,8111,compact_to_qwen,selective_deployable,0.50,False,0.64,0.04057971014492753,0.06271271924981928,0.06307412299325009,,,,False,0.647887323943662,0.045845272206303724,0.0688005183497085,0.06919223556730196,,,,False,False,False,-0.007887323943661984,-0.00526556206137619,-0.006087799099889227,-0.0061181125740518705,,,
fixed_policy_measurement,label_at_dependency,8111,rule_compact_to_qwen,cheap_only,anchor,False,0.2,0.04927536231884058,0.07299739685365168,0.07341766197929514,,,,False,0.19718309859154928,0.05157593123209169,0.07552475092839267,0.07595448844757033,,,,False,False,False,0.0028169014084507282,-0.0023005689132511095,-0.0025273540747409867,-0.0025368264682751884,,,
fixed_policy_measurement,label_at_dependency,8111,rule_compact_to_qwen,full_information,anchor,False,0.8,0.03768115942028986,0.05924222681894716,0.05958374724453875,,,,False,0.8028169014084507,0.045845272206303724,0.0688005183497085,0.06919223556730196,,,,False,False,False,-0.0028169014084507005,-0.008164112786013866,-0.009558291530761341,-0.00960848832276321,,,
fixed_policy_measurement,label_at_dependency,8111,rule_compact_to_qwen,selective_deployable,0.10,False,0.28,0.04057971014492753,0.06271271924981928,0.06307412299325009,,,,False,0.29577464788732394,0.04011461318051576,0.06200219374162649,0.06235543281596552,,,,False,False,False,-0.01577464788732391,0.00046509696441177084,0.000710525508192783,0.00071869017728457,,,
fixed_policy_measurement,label_at_dependency,8111,rule_compact_to_qwen,selective_deployable,0.25,True,0.4,0.017391304347826087,0.03403565611664818,0.0342324161943794,,,,True,0.4225352112676056,0.017191977077363897,0.03364884405080613,0.03384114484604091,,,,False,False,False,-0.022535211267605604,0.00019932727046218998,0.0003868120658420543,0.00039127134833849553,,,
fixed_policy_measurement,label_at_dependency,8111,rule_compact_to_qwen,selective_deployable,0.50,False,0.68,0.043478260869565216,0.06616078508709561,0.06654193306290958,,,,False,0.6901408450704225,0.04871060171919771,0.0721711346734761,0.0725819148103667,,,,False,False,False,-0.010140845070422455,-0.005232340849632491,-0.006010349586380498,-0.006039981747457124,,,
fixed_policy_measurement,label_at_dependency,8111,rule_to_compact,cheap_only,anchor,False,0.2,0.04927536231884058,0.07299739685365168,0.07341766197929514,,,,False,0.19718309859154928,0.05157593123209169,0.07552475092839267,0.07595448844757033,,,,False,False,False,0.0028169014084507282,-0.0023005689132511095,-0.0025273540747409867,-0.0025368264682751884,,,
fixed_policy_measurement,label_at_dependency,8111,rule_to_compact,full_information,anchor,False,0.2,0.04927536231884058,0.07299739685365168,0.07341766197929514,,,,False,0.19718309859154928,0.05157593123209169,0.07552475092839267,0.07595448844757033,,,,False,False,False,0.0028169014084507282,-0.0023005689132511095,-0.0025273540747409867,-0.0025368264682751884,,,
fixed_policy_measurement,label_at_dependency,8111,rule_to_compact,selective_deployable,0.10,False,0.2,0.04927536231884058,0.07299739685365168,0.07341766197929514,,,,False,0.19718309859154928,0.05157593123209169,0.07552475092839267,0.07595448844757033,,,,False,False,False,0.0028169014084507282,-0.0023005689132511095,-0.0025273540747409867,-0.0025368264682751884,,,
fixed_policy_measurement,label_at_dependency,8111,rule_to_compact,selective_deployable,0.25,False,0.2,0.04927536231884058,0.07299739685365168,0.07341766197929514,,,,False,0.19718309859154928,0.05157593123209169,0.07552475092839267,0.07595448844757033,,,,False,False,False,0.0028169014084507282,-0.0023005689132511095,-0.0025273540747409867,-0.0025368264682751884,,,
fixed_policy_measurement,label_at_dependency,8111,rule_to_compact,selective_deployable,0.50,False,0.2,0.04927536231884058,0.07299739685365168,0.07341766197929514,,,,False,0.19718309859154928,0.05157593123209169,0.07552475092839267,0.07595448844757033,,,,False,False,False,0.0028169014084507282,-0.0023005689132511095,-0.0025273540747409867,-0.0025368264682751884,,,
fixed_policy_measurement,label_at_singleton,1729,compact_to_qwen,cheap_only,anchor,False,0.18309859154929578,0.04871060171919771,0.0721711346734761,0.0721711346734761,,,,False,0.18309859154929578,0.04871060171919771,0.0721711346734761,0.0721711346734761,,,,False,False,False,0.0,0.0,0.0,0.0,,,
fixed_policy_measurement,label_at_singleton,1729,compact_to_qwen,full_information,anchor,False,0.8732394366197183,0.04011461318051576,0.06200219374162649,0.06200219374162649,,,,False,0.8732394366197183,0.04011461318051576,0.06200219374162649,0.06200219374162649,,,,False,False,False,0.0,0.0,0.0,0.0,,,
fixed_policy_measurement,label_at_singleton,1729,compact_to_qwen,selective_deployable,0.10,True,0.323943661971831,0.025787965616045846,0.04456857254031658,0.04456857254031658,,,,True,0.323943661971831,0.025787965616045846,0.04456857254031658,0.04456857254031658,,,,False,False,False,0.0,0.0,0.0,0.0,,,
fixed_policy_measurement,label_at_singleton,1729,compact_to_qwen,selective_deployable,0.25,False,0.5774647887323944,0.045845272206303724,0.0688005183497085,0.0688005183497085,,,,False,0.5774647887323944,0.045845272206303724,0.0688005183497085,0.0688005183497085,,,,False,False,False,0.0,0.0,0.0,0.0,,,
fixed_policy_measurement,label_at_singleton,1729,compact_to_qwen,selective_deployable,0.50,False,0.7183098591549296,0.03151862464183381,0.05163164376229004,0.05163164376229004,,,,False,0.7183098591549296,0.03151862464183381,0.05163164376229004,0.05163164376229004,,,,False,False,False,0.0,0.0,0.0,0.0,,,
fixed_policy_measurement,label_at_singleton,1729,rule_compact_to_qwen,cheap_only,anchor,False,0.2112676056338028,0.10315186246418338,0.13393571721255926,0.13393571721255926,,,,False,0.22535211267605634,0.10028653295128939,0.13076132938123652,0.13076132938123652,,,,False,False,False,-0.01408450704225353,0.002865329512893991,0.0031743878313227336,0.0031743878313227336,,,
fixed_policy_measurement,label_at_singleton,1729,rule_compact_to_qwen,full_information,anchor,False,0.8309859154929577,0.04011461318051576,0.06200219374162649,0.06200219374162649,,,,False,0.8309859154929577,0.04011461318051576,0.06200219374162649,0.06200219374162649,,,,False,False,False,0.0,0.0,0.0,0.0,,,
fixed_policy_measurement,label_at_singleton,1729,rule_compact_to_qwen,selective_deployable,0.10,False,0.3380281690140845,0.08595988538681948,0.11478722277063949,0.11478722277063949,,,,False,0.36619718309859156,0.08022922636103152,0.10834438899688771,0.10834438899688771,,,,False,False,False,-0.02816901408450706,0.005730659025787954,0.00644283377375178,0.00644283377375178,,,
fixed_policy_measurement,label_at_singleton,1729,rule_compact_to_qwen,selective_deployable,0.25,False,0.5070422535211268,0.03151862464183381,0.05163164376229004,0.05163164376229004,,,,True,0.5352112676056338,0.025787965616045846,0.04456857254031658,0.04456857254031658,,,,True,False,True,-0.028169014084507005,0.005730659025787965,0.0070630712219734645,0.0070630712219734645,,,
fixed_policy_measurement,label_at_singleton,1729,rule_compact_to_qwen,selective_deployable,0.50,False,0.7746478873239436,0.04011461318051576,0.06200219374162649,0.06200219374162649,,,,False,0.7746478873239436,0.04011461318051576,0.06200219374162649,0.06200219374162649,,,,False,False,False,0.0,0.0,0.0,0.0,,,
fixed_policy_measurement,label_at_singleton,1729,rule_to_compact,cheap_only,anchor,False,0.2112676056338028,0.10315186246418338,0.13393571721255926,0.13393571721255926,,,,False,0.22535211267605634,0.10028653295128939,0.13076132938123652,0.13076132938123652,,,,False,False,False,-0.01408450704225353,0.002865329512893991,0.0031743878313227336,0.0031743878313227336,,,
fixed_policy_measurement,label_at_singleton,1729,rule_to_compact,full_information,anchor,False,0.2112676056338028,0.10315186246418338,0.13393571721255926,0.13393571721255926,,,,False,0.22535211267605634,0.10028653295128939,0.13076132938123652,0.13076132938123652,,,,False,False,False,-0.01408450704225353,0.002865329512893991,0.0031743878313227336,0.0031743878313227336,,,
fixed_policy_measurement,label_at_singleton,1729,rule_to_compact,selective_deployable,0.10,False,0.2112676056338028,0.10315186246418338,0.13393571721255926,0.13393571721255926,,,,False,0.22535211267605634,0.10028653295128939,0.13076132938123652,0.13076132938123652,,,,False,False,False,-0.01408450704225353,0.002865329512893991,0.0031743878313227336,0.0031743878313227336,,,
fixed_policy_measurement,label_at_singleton,1729,rule_to_compact,selective_deployable,0.25,False,0.2112676056338028,0.09742120343839542,0.12758048140252998,0.12758048140252998,,,,False,0.22535211267605634,0.09455587392550144,0.12439292439465133,0.12439292439465133,,,,False,False,False,-0.01408450704225353,0.002865329512893977,0.0031875570078786497,0.0031875570078786497,,,
fixed_policy_measurement,label_at_singleton,1729,rule_to_compact,selective_deployable,0.50,False,0.2112676056338028,0.10315186246418338,0.13393571721255926,0.13393571721255926,,,,False,0.22535211267605634,0.10028653295128939,0.13076132938123652,0.13076132938123652,,,,False,False,False,-0.01408450704225353,0.002865329512893991,0.0031743878313227336,0.0031743878313227336,,,
fixed_policy_measurement,label_at_singleton,2718,compact_to_qwen,cheap_only,anchor,False,0.027777777777777776,0.03735632183908046,0.05873722324632595,0.05873722324632595,,,,False,0.028169014084507043,0.03724928366762178,0.05857079629240329,0.05857079629240329,,,,False,False,False,-0.00039123630672926665,0.00010703817145868433,0.00016642695392266038,0.00016642695392266038,,,
fixed_policy_measurement,label_at_singleton,2718,compact_to_qwen,full_information,anchor,False,0.875,0.05459770114942529,0.07908630229698733,0.07908630229698733,,,,False,0.8732394366197183,0.05730659025787966,0.08218591616153102,0.08218591616153102,,,,False,False,False,0.0017605633802817433,-0.0027088891084543695,-0.0030996138645436877,-0.0030996138645436877,,,
fixed_policy_measurement,label_at_singleton,2718,compact_to_qwen,selective_deployable,0.10,False,0.2222222222222222,0.08045977011494253,0.10865091468854385,0.10865091468854385,,,,False,0.22535211267605634,0.08022922636103152,0.10834438899688771,0.10834438899688771,,,,False,False,False,-0.0031298904538341332,0.0002305437539110028,0.0003065256916561371,0.0003065256916561371,,,
fixed_policy_measurement,label_at_singleton,2718,compact_to_qwen,selective_deployable,0.25,False,0.3611111111111111,0.04310344827586207,0.06559717894199792,0.06559717894199792,,,,False,0.36619718309859156,0.04297994269340974,0.06541143768987555,0.06541143768987555,,,,False,False,False,-0.005086071987480456,0.00012350558245233234,0.0001857412521223678,0.0001857412521223678,,,
fixed_policy_measurement,label_at_singleton,2718,compact_to_qwen,selective_deployable,0.50,False,0.6388888888888888,0.04885057471264368,0.07237594200517827,0.07237594200517827,,,,False,0.647887323943662,0.04871060171919771,0.0721711346734761,0.0721711346734761,,,,False,False,False,-0.008998435054773157,0.00013997299344597341,0.00020480733170216703,0.00020480733170216703,,,
fixed_policy_measurement,label_at_singleton,2718,rule_compact_to_qwen,cheap_only,anchor,False,0.25,0.06609195402298851,0.09233820655979783,0.09233820655979783,,,,False,0.2535211267605634,0.0659025787965616,0.0920773606800653,0.0920773606800653,,,,False,False,False,-0.0035211267605633756,0.00018937522642691051,0.0002608458797325186,0.0002608458797325186,,,
fixed_policy_measurement,label_at_singleton,2718,rule_compact_to_qwen,full_information,anchor,False,0.8055555555555556,0.04885057471264368,0.07237594200517827,0.07237594200517827,,,,False,0.8028169014084507,0.05157593123209169,0.07552475092839267,0.07552475092839267,,,,False,False,False,0.0027386541471048353,-0.0027253565194480106,-0.0031488089232143968,-0.0031488089232143968,,,
fixed_policy_measurement,label_at_singleton,2718,rule_compact_to_qwen,selective_deployable,0.10,False,0.2916666666666667,0.040229885057471264,0.06217831166867447,0.06217831166867447,,,,False,0.29577464788732394,0.04011461318051576,0.06200219374162649,0.06200219374162649,,,,False,False,False,-0.004107981220657253,0.0001152718769555014,0.00017611792704797652,0.00017611792704797652,,,
fixed_policy_measurement,label_at_singleton,2718,rule_compact_to_qwen,selective_deployable,0.25,False,0.4722222222222222,0.040229885057471264,0.06217831166867447,0.06217831166867447,,,,False,0.4788732394366197,0.04011461318051576,0.06200219374162649,0.06200219374162649,,,,False,False,False,-0.006651017214397481,0.0001152718769555014,0.00017611792704797652,0.00017611792704797652,,,
fixed_policy_measurement,label_at_singleton,2718,rule_compact_to_qwen,selective_deployable,0.50,False,0.6805555555555556,0.04597701149425287,0.06899582108347843,0.06899582108347843,,,,False,0.6901408450704225,0.045845272206303724,0.0688005183497085,0.0688005183497085,,,,False,False,False,-0.009585289514866924,0.0001317392879491494,0.00019530273376992813,0.00019530273376992813,,,
fixed_policy_measurement,label_at_singleton,2718,rule_to_compact,cheap_only,anchor,False,0.25,0.07471264367816093,0.10215519678029178,0.10215519678029178,,,,False,0.2535211267605634,0.07449856733524356,0.10186684887996843,0.10186684887996843,,,,False,False,False,-0.0035211267605633756,0.00021407634291736866,0.0002883479003233519,0.0002883479003233519,,,
fixed_policy_measurement,label_at_singleton,2718,rule_to_compact,full_information,anchor,False,0.25,0.06609195402298851,0.09233820655979783,0.09233820655979783,,,,False,0.2535211267605634,0.0659025787965616,0.0920773606800653,0.0920773606800653,,,,False,False,False,-0.0035211267605633756,0.00018937522642691051,0.0002608458797325186,0.0002608458797325186,,,
fixed_policy_measurement,label_at_singleton,2718,rule_to_compact,selective_deployable,0.10,False,0.25,0.07758620689655173,0.10540761954830204,0.10540761954830204,,,,False,0.2535211267605634,0.07736389684813753,0.10511016803183339,0.10511016803183339,,,,False,False,False,-0.0035211267605633756,0.00022231004841419266,0.00029745151646864976,0.00029745151646864976,,,
fixed_policy_measurement,label_at_singleton,2718,rule_to_compact,selective_deployable,0.25,False,0.25,0.08620689655172414,0.11511181345031386,0.11511181345031386,,,,False,0.2535211267605634,0.08595988538681948,0.11478722277063949,0.11478722277063949,,,,False,False,False,-0.0035211267605633756,0.0002470111649046647,0.00032459067967437194,0.00032459067967437194,,,
fixed_policy_measurement,label_at_singleton,2718,rule_to_compact,selective_deployable,0.50,False,0.25,0.06609195402298851,0.09233820655979783,0.09233820655979783,,,,False,0.2535211267605634,0.0659025787965616,0.0920773606800653,0.0920773606800653,,,,False,False,False,-0.0035211267605633756,0.00018937522642691051,0.0002608458797325186,0.0002608458797325186,,,
fixed_policy_measurement,label_at_singleton,3141,compact_to_qwen,cheap_only,anchor,False,0.06944444444444445,0.04310344827586207,0.06559717894199792,0.06559717894199792,,,,False,0.07042253521126761,0.04297994269340974,0.06541143768987555,0.06541143768987555,,,,False,False,False,-0.0009780907668231614,0.00012350558245233234,0.0001857412521223678,0.0001857412521223678,,,
fixed_policy_measurement,label_at_singleton,3141,compact_to_qwen,full_information,anchor,False,0.8472222222222222,0.0603448275862069,0.08573789738883353,0.08573789738883353,,,,False,0.8450704225352113,0.06303724928366762,0.08879245157053443,0.08879245157053443,,,,False,False,False,0.002151799687010958,-0.0026924216974607215,-0.0030545541817009053,-0.0030545541817009053,,,
fixed_policy_measurement,label_at_singleton,3141,compact_to_qwen,selective_deployable,0.10,False,0.2361111111111111,0.06609195402298851,0.09233820655979783,0.09233820655979783,,,,False,0.2535211267605634,0.06303724928366762,0.08879245157053443,0.08879245157053443,,,,False,False,False,-0.01741001564945227,0.0030547047393208876,0.0035457549892633916,0.0035457549892633916,,,
fixed_policy_measurement,label_at_singleton,3141,compact_to_qwen,selective_deployable,0.25,False,0.3888888888888889,0.06321839080459771,0.089044060796342,0.089044060796342,,,,False,0.39436619718309857,0.06303724928366762,0.08879245157053443,0.08879245157053443,,,,False,False,False,-0.005477308294209671,0.0001811415209300865,0.00025160922580756695,0.00025160922580756695,,,
fixed_policy_measurement,label_at_singleton,3141,compact_to_qwen,selective_deployable,0.50,False,0.6527777777777778,0.05747126436781609,0.0824189360829214,0.0824189360829214,,,,False,0.6619718309859155,0.05730659025787966,0.08218591616153102,0.08218591616153102,,,,False,False,False,-0.009194053208137709,0.00016467410993643156,0.00023301992139038163,0.00023301992139038163,,,
fixed_policy_measurement,label_at_singleton,3141,rule_compact_to_qwen,cheap_only,anchor,False,0.18055555555555555,0.031609195402298854,0.05177845699600946,0.05177845699600946,,,,False,0.18309859154929578,0.03151862464183381,0.05163164376229004,0.05163164376229004,,,,False,False,False,-0.002543035993740228,9.057076046504325e-05,0.0001468132337194214,0.0001468132337194214,,,
fixed_policy_measurement,label_at_singleton,3141,rule_compact_to_qwen,full_information,anchor,False,0.8472222222222222,0.05172413793103448,0.07573901025268069,0.07573901025268069,,,,False,0.8450704225352113,0.054441260744985676,0.07886263986355725,0.07886263986355725,,,,False,False,False,0.002151799687010958,-0.0027171228139511935,-0.0031236296108765604,-0.0031236296108765604,,,
fixed_policy_measurement,label_at_singleton,3141,rule_compact_to_qwen,selective_deployable,0.10,False,0.2777777777777778,0.034482758620689655,0.05527154987503182,0.05527154987503182,,,,False,0.28169014084507044,0.034383954154727794,0.05511488840986523,0.05511488840986523,,,,False,False,False,-0.003912363067292646,9.880446596186032e-05,0.0001566614651665882,0.0001566614651665882,,,
fixed_policy_measurement,label_at_singleton,3141,rule_compact_to_qwen,selective_deployable,0.25,False,0.4305555555555556,0.034482758620689655,0.05527154987503182,0.05527154987503182,,,,False,0.4507042253521127,0.03151862464183381,0.05163164376229004,0.05163164376229004,,,,False,False,False,-0.020148669796557106,0.0029641339788558443,0.0036399061127417795,0.0036399061127417795,,,
fixed_policy_measurement,label_at_singleton,3141,rule_compact_to_qwen,selective_deployable,0.50,False,0.5694444444444444,0.040229885057471264,0.06217831166867447,0.06217831166867447,,,,False,0.5915492957746479,0.03724928366762178,0.05857079629240329,0.05857079629240329,,,,False,False,False,-0.022104851330203457,0.0029806013898494854,0.0036075153762711795,0.0036075153762711795,,,
fixed_policy_measurement,label_at_singleton,3141,rule_to_compact,cheap_only,anchor,False,0.16666666666666666,0.034482758620689655,0.05527154987503182,0.05527154987503182,,,,False,0.16901408450704225,0.034383954154727794,0.05511488840986523,0.05511488840986523,,,,False,False,False,-0.002347417840375593,9.880446596186032e-05,0.0001566614651665882,0.0001566614651665882,,,
fixed_policy_measurement,label_at_singleton,3141,rule_to_compact,full_information,anchor,False,0.18055555555555555,0.031609195402298854,0.05177845699600946,0.05177845699600946,,,,False,0.18309859154929578,0.03151862464183381,0.05163164376229004,0.05163164376229004,,,,False,False,False,-0.002543035993740228,9.057076046504325e-05,0.0001468132337194214,0.0001468132337194214,,,
fixed_policy_measurement,label_at_singleton,3141,rule_to_compact,selective_deployable,0.10,False,0.18055555555555555,0.034482758620689655,0.05527154987503182,0.05527154987503182,,,,False,0.18309859154929578,0.034383954154727794,0.05511488840986523,0.05511488840986523,,,,False,False,False,-0.002543035993740228,9.880446596186032e-05,0.0001566614651665882,0.0001566614651665882,,,
fixed_policy_measurement,label_at_singleton,3141,rule_to_compact,selective_deployable,0.25,False,0.18055555555555555,0.034482758620689655,0.05527154987503182,0.05527154987503182,,,,False,0.18309859154929578,0.034383954154727794,0.05511488840986523,0.05511488840986523,,,,False,False,False,-0.002543035993740228,9.880446596186032e-05,0.0001566614651665882,0.0001566614651665882,,,
fixed_policy_measurement,label_at_singleton,3141,rule_to_compact,selective_deployable,0.50,False,0.18055555555555555,0.031609195402298854,0.05177845699600946,0.05177845699600946,,,,False,0.18309859154929578,0.03151862464183381,0.05163164376229004,0.05163164376229004,,,,False,False,False,-0.002543035993740228,9.057076046504325e-05,0.0001468132337194214,0.0001468132337194214,,,
fixed_policy_measurement,label_at_singleton,5772,compact_to_qwen,cheap_only,anchor,False,0.15492957746478872,0.04297994269340974,0.06541143768987555,0.06541143768987555,,,,False,0.15492957746478872,0.04297994269340974,0.06541143768987555,0.06541143768987555,,,,False,False,False,0.0,0.0,0.0,0.0,,,
fixed_policy_measurement,label_at_singleton,5772,compact_to_qwen,full_information,anchor,False,0.8732394366197183,0.034383954154727794,0.05511488840986523,0.05511488840986523,,,,False,0.8873239436619719,0.03151862464183381,0.05163164376229004,0.05163164376229004,,,,False,False,False,-0.014084507042253613,0.002865329512893984,0.0034832446475751913,0.0034832446475751913,,,
fixed_policy_measurement,label_at_singleton,5772,compact_to_qwen,selective_deployable,0.10,False,0.28169014084507044,0.034383954154727794,0.05511488840986523,0.05511488840986523,,,,False,0.28169014084507044,0.034383954154727794,0.05511488840986523,0.05511488840986523,,,,False,False,False,0.0,0.0,0.0,0.0,,,
fixed_policy_measurement,label_at_singleton,5772,compact_to_qwen,selective_deployable,0.25,False,0.5352112676056338,0.03724928366762178,0.05857079629240329,0.05857079629240329,,,,False,0.5492957746478874,0.034383954154727794,0.05511488840986523,0.05511488840986523,,,,False,False,False,-0.014084507042253613,0.002865329512893984,0.0034559078825380576,0.0034559078825380576,,,
fixed_policy_measurement,label_at_singleton,5772,compact_to_qwen,selective_deployable,0.50,False,0.7887323943661971,0.04011461318051576,0.06200219374162649,0.06200219374162649,,,,False,0.8028169014084507,0.03724928366762178,0.05857079629240329,0.05857079629240329,,,,False,False,False,-0.014084507042253613,0.002865329512893984,0.003431397449223203,0.003431397449223203,,,
fixed_policy_measurement,label_at_singleton,5772,rule_compact_to_qwen,cheap_only,anchor,False,0.18309859154929578,0.06017191977077364,0.08549556272192184,0.08549556272192184,,,,False,0.16901408450704225,0.06303724928366762,0.08879245157053443,0.08879245157053443,,,,False,False,False,0.01408450704225353,-0.002865329512893984,-0.0032968888486125947,-0.0032968888486125947,,,
fixed_policy_measurement,label_at_singleton,5772,rule_compact_to_qwen,full_information,anchor,False,0.8873239436619719,0.04011461318051576,0.06200219374162649,0.06200219374162649,,,,False,0.9014084507042254,0.03724928366762178,0.05857079629240329,0.05857079629240329,,,,False,False,False,-0.014084507042253502,0.002865329512893984,0.003431397449223203,0.003431397449223203,,,
fixed_policy_measurement,label_at_singleton,5772,rule_compact_to_qwen,selective_deployable,0.10,False,0.30985915492957744,0.045845272206303724,0.0688005183497085,0.0688005183497085,,,,False,0.30985915492957744,0.045845272206303724,0.0688005183497085,0.0688005183497085,,,,False,False,False,0.0,0.0,0.0,0.0,,,
fixed_policy_measurement,label_at_singleton,5772,rule_compact_to_qwen,selective_deployable,0.25,False,0.5492957746478874,0.04011461318051576,0.06200219374162649,0.06200219374162649,,,,False,0.5492957746478874,0.04011461318051576,0.06200219374162649,0.06200219374162649,,,,False,False,False,0.0,0.0,0.0,0.0,,,
fixed_policy_measurement,label_at_singleton,5772,rule_compact_to_qwen,selective_deployable,0.50,False,0.7464788732394366,0.04011461318051576,0.06200219374162649,0.06200219374162649,,,,False,0.7605633802816901,0.03724928366762178,0.05857079629240329,0.05857079629240329,,,,False,False,False,-0.014084507042253502,0.002865329512893984,0.003431397449223203,0.003431397449223203,,,
fixed_policy_measurement,label_at_singleton,5772,rule_to_compact,cheap_only,anchor,False,0.16901408450704225,0.06876790830945559,0.09535098763963369,0.09535098763963369,,,,False,0.15492957746478872,0.07163323782234957,0.09861396086651453,0.09861396086651453,,,,False,False,False,0.01408450704225353,-0.002865329512893977,-0.003262973226880836,-0.003262973226880836,,,
fixed_policy_measurement,label_at_singleton,5772,rule_to_compact,full_information,anchor,False,0.18309859154929578,0.06017191977077364,0.08549556272192184,0.08549556272192184,,,,False,0.16901408450704225,0.06303724928366762,0.08879245157053443,0.08879245157053443,,,,False,False,False,0.01408450704225353,-0.002865329512893984,-0.0032968888486125947,-0.0032968888486125947,,,
fixed_policy_measurement,label_at_singleton,5772,rule_to_compact,selective_deployable,0.10,False,0.16901408450704225,0.0659025787965616,0.0920773606800653,0.0920773606800653,,,,False,0.15492957746478872,0.06876790830945559,0.09535098763963369,0.09535098763963369,,,,False,False,False,0.01408450704225353,-0.002865329512893991,-0.003273626959568385,-0.003273626959568385,,,
fixed_policy_measurement,label_at_singleton,5772,rule_to_compact,selective_deployable,0.25,False,0.18309859154929578,0.06017191977077364,0.08549556272192184,0.08549556272192184,,,,False,0.16901408450704225,0.06303724928366762,0.08879245157053443,0.08879245157053443,,,,False,False,False,0.01408450704225353,-0.002865329512893984,-0.0032968888486125947,-0.0032968888486125947,,,
fixed_policy_measurement,label_at_singleton,5772,rule_to_compact,selective_deployable,0.50,False,0.18309859154929578,0.06017191977077364,0.08549556272192184,0.08549556272192184,,,,False,0.16901408450704225,0.06303724928366762,0.08879245157053443,0.08879245157053443,,,,False,False,False,0.01408450704225353,-0.002865329512893984,-0.0032968888486125947,-0.0032968888486125947,,,
fixed_policy_measurement,label_at_singleton,8111,compact_to_qwen,cheap_only,anchor,True,0.013333333333333334,0.008695652173913044,0.02231995328696475,0.02231995328696475,,,,True,0.014084507042253521,0.008595988538681949,0.02206588200576443,0.02206588200576443,,,,False,False,False,-0.0007511737089201873,9.966363523109499e-05,0.0002540712812003215,0.0002540712812003215,,,
fixed_policy_measurement,label_at_singleton,8111,compact_to_qwen,full_information,anchor,False,0.7733333333333333,0.0463768115942029,0.06958843796635428,0.06958843796635428,,,,False,0.7746478873239436,0.054441260744985676,0.07886263986355725,0.07886263986355725,,,,False,False,False,-0.001314553990610312,-0.008064449150782776,-0.009274201897202974,-0.009274201897202974,,,
fixed_policy_measurement,label_at_singleton,8111,compact_to_qwen,selective_deployable,0.10,False,0.16,0.0463768115942029,0.06958843796635428,0.06958843796635428,,,,False,0.15492957746478872,0.04871060171919771,0.0721711346734761,0.0721711346734761,,,,False,False,False,0.005070422535211283,-0.0023337901249948084,-0.0025826967071218287,-0.0025826967071218287,,,
fixed_policy_measurement,label_at_singleton,8111,compact_to_qwen,selective_deployable,0.25,False,0.4266666666666667,0.06666666666666667,0.09312968479417107,0.09312968479417107,,,,False,0.4225352112676056,0.07163323782234957,0.09861396086651453,0.09861396086651453,,,,False,False,False,0.004131455399061068,-0.0049665711556829,-0.005484276072343461,-0.005484276072343461,,,
fixed_policy_measurement,label_at_singleton,8111,compact_to_qwen,selective_deployable,0.50,False,0.64,0.04057971014492753,0.06271271924981928,0.06271271924981928,,,,False,0.647887323943662,0.045845272206303724,0.0688005183497085,0.0688005183497085,,,,False,False,False,-0.007887323943661984,-0.00526556206137619,-0.006087799099889227,-0.006087799099889227,,,
fixed_policy_measurement,label_at_singleton,8111,rule_compact_to_qwen,cheap_only,anchor,False,0.2,0.04927536231884058,0.07299739685365168,0.07299739685365168,,,,False,0.19718309859154928,0.05157593123209169,0.07552475092839267,0.07552475092839267,,,,False,False,False,0.0028169014084507282,-0.0023005689132511095,-0.0025273540747409867,-0.0025273540747409867,,,
fixed_policy_measurement,label_at_singleton,8111,rule_compact_to_qwen,full_information,anchor,False,0.8,0.03768115942028986,0.05924222681894716,0.05924222681894716,,,,False,0.8028169014084507,0.045845272206303724,0.0688005183497085,0.0688005183497085,,,,False,False,False,-0.0028169014084507005,-0.008164112786013866,-0.009558291530761341,-0.009558291530761341,,,
fixed_policy_measurement,label_at_singleton,8111,rule_compact_to_qwen,selective_deployable,0.10,False,0.28,0.04057971014492753,0.06271271924981928,0.06271271924981928,,,,False,0.29577464788732394,0.04011461318051576,0.06200219374162649,0.06200219374162649,,,,False,False,False,-0.01577464788732391,0.00046509696441177084,0.000710525508192783,0.000710525508192783,,,
fixed_policy_measurement,label_at_singleton,8111,rule_compact_to_qwen,selective_deployable,0.25,True,0.4,0.017391304347826087,0.03403565611664818,0.03403565611664818,,,,True,0.4225352112676056,0.017191977077363897,0.03364884405080613,0.03364884405080613,,,,False,False,False,-0.022535211267605604,0.00019932727046218998,0.0003868120658420543,0.0003868120658420543,,,
fixed_policy_measurement,label_at_singleton,8111,rule_compact_to_qwen,selective_deployable,0.50,False,0.68,0.043478260869565216,0.06616078508709561,0.06616078508709561,,,,False,0.6901408450704225,0.04871060171919771,0.0721711346734761,0.0721711346734761,,,,False,False,False,-0.010140845070422455,-0.005232340849632491,-0.006010349586380498,-0.006010349586380498,,,
fixed_policy_measurement,label_at_singleton,8111,rule_to_compact,cheap_only,anchor,False,0.2,0.04927536231884058,0.07299739685365168,0.07299739685365168,,,,False,0.19718309859154928,0.05157593123209169,0.07552475092839267,0.07552475092839267,,,,False,False,False,0.0028169014084507282,-0.0023005689132511095,-0.0025273540747409867,-0.0025273540747409867,,,
fixed_policy_measurement,label_at_singleton,8111,rule_to_compact,full_information,anchor,False,0.2,0.04927536231884058,0.07299739685365168,0.07299739685365168,,,,False,0.19718309859154928,0.05157593123209169,0.07552475092839267,0.07552475092839267,,,,False,False,False,0.0028169014084507282,-0.0023005689132511095,-0.0025273540747409867,-0.0025273540747409867,,,
fixed_policy_measurement,label_at_singleton,8111,rule_to_compact,selective_deployable,0.10,False,0.2,0.04927536231884058,0.07299739685365168,0.07299739685365168,,,,False,0.19718309859154928,0.05157593123209169,0.07552475092839267,0.07552475092839267,,,,False,False,False,0.0028169014084507282,-0.0023005689132511095,-0.0025273540747409867,-0.0025273540747409867,,,
fixed_policy_measurement,label_at_singleton,8111,rule_to_compact,selective_deployable,0.25,False,0.2,0.04927536231884058,0.07299739685365168,0.07299739685365168,,,,False,0.19718309859154928,0.05157593123209169,0.07552475092839267,0.07552475092839267,,,,False,False,False,0.0028169014084507282,-0.0023005689132511095,-0.0025273540747409867,-0.0025273540747409867,,,
fixed_policy_measurement,label_at_singleton,8111,rule_to_compact,selective_deployable,0.50,False,0.2,0.04927536231884058,0.07299739685365168,0.07299739685365168,,,,False,0.19718309859154928,0.05157593123209169,0.07552475092839267,0.07552475092839267,,,,False,False,False,0.0028169014084507282,-0.0023005689132511095,-0.0025273540747409867,-0.0025273540747409867,,,
retraining_reselection,grouping_at_audited,1729,rule_to_compact,cheap_only,anchor,False,0.16901408450704225,0.0659025787965616,0.0920773606800653,0.09260053407755514,0.0,0.3962900881733855,,False,0.19718309859154928,0.07449856733524356,0.10186684887996843,0.10244518112436252,0.0,0.3367715963650756,,False,False,False,-0.028169014084507032,-0.008595988538681959,-0.00978948819990312,-0.009844647046807375,0.0,0.059518491808309926,
retraining_reselection,grouping_at_audited,1729,rule_to_compact,full_information,anchor,False,0.16901408450704225,0.05730659025787966,0.08218591616153102,0.08265328077456838,1.0,0.3965708565732688,,False,0.19718309859154928,0.08595988538681948,0.11478722277063949,0.11543824422626413,1.0,0.3378213005365164,,False,False,False,-0.028169014084507032,-0.02865329512893982,-0.03260130660910847,-0.03278496345169575,0.0,0.058749556036752415,
retraining_reselection,grouping_at_audited,1729,rule_to_compact,selective_deployable,0.10,False,0.16901408450704225,0.05730659025787966,0.08218591616153102,0.08265328077456838,0.10238095238095238,0.3965708565732688,0.14782606725710945,False,0.2112676056338028,0.07736389684813753,0.10511016803183339,0.10570675870055461,0.10714285714285714,0.3235459864706184,0.1819922796527318,False,False,False,-0.04225352112676056,-0.020057306590257874,-0.022924251870302365,-0.023053477925986235,-0.004761904761904759,0.07302487010265041,-0.03416621239562234
retraining_reselection,grouping_at_audited,1729,rule_to_compact,selective_deployable,0.25,False,0.16901408450704225,0.05730659025787966,0.08218591616153102,0.08265328077456838,0.26666666666666666,0.3965708565732688,0.3096218318656566,False,0.2112676056338028,0.07736389684813753,0.10511016803183339,0.10570675870055461,0.24285714285714285,0.3235459864706184,0.3055667668152334,False,False,False,-0.04225352112676056,-0.020057306590257874,-0.022924251870302365,-0.023053477925986235,0.023809523809523808,0.07302487010265041,0.00405506505042319
retraining_reselection,grouping_at_audited,1729,rule_to_compact,selective_deployable,0.50,False,0.16901408450704225,0.05730659025787966,0.08218591616153102,0.08265328077456838,1.0,0.3965708565732688,0.386229696674139,False,0.19718309859154928,0.08595988538681948,0.11478722277063949,0.11543824422626413,1.0,0.3378213005365164,0.3815679766602098,False,False,False,-0.028169014084507032,-0.02865329512893982,-0.03260130660910847,-0.03278496345169575,0.0,0.058749556036752415,0.0046617200139291715
retraining_reselection,grouping_at_audited,1729,compact_to_qwen,cheap_only,anchor,False,0.18309859154929578,0.04871060171919771,0.0721711346734761,0.0725819148103667,0.0,0.17231421568688907,,False,0.18309859154929578,0.04871060171919771,0.0721711346734761,0.0725819148103667,0.0,0.16491678477955793,,False,False,False,0.0,0.0,0.0,0.0,0.0,0.007397430907331137,
retraining_reselection,grouping_at_audited,1729,compact_to_qwen,full_information,anchor,False,0.8028169014084507,0.03724928366762178,0.05857079629240329,0.05890459855125166,1.0,0.8089473790309745,,False,0.8028169014084507,0.03724928366762178,0.05857079629240329,0.05890459855125166,1.0,0.8140068340679236,,False,False,False,0.0,0.0,0.0,0.0,0.0,-0.0050594550369491564,
retraining_reselection,grouping_at_audited,1729,compact_to_qwen,selective_deployable,0.10,True,0.352112676056338,0.02865329512893983,0.04811762364973175,0.048392148986166235,0.10476190476190476,0.17111799632444089,0.3285924076136564,False,0.36619718309859156,0.05730659025787966,0.08218591616153102,0.08265328077456838,0.11904761904761904,0.16284791279605204,0.33663196964945064,True,True,False,-0.014084507042253558,-0.02865329512893983,-0.03406829251179927,-0.03426113178840214,-0.014285714285714277,0.008270083528388844,-0.008039562035794257
retraining_reselection,grouping_at_audited,1729,compact_to_qwen,selective_deployable,0.25,True,0.4647887323943662,0.025787965616045846,0.04456857254031658,0.044822948705678975,0.25,0.2795045337879927,0.3293275633702171,False,0.5774647887323944,0.04011461318051576,0.06200219374162649,0.06235543281596552,0.29285714285714287,0.16231902442857854,0.33764498412208865,True,True,False,-0.11267605633802819,-0.014326647564469917,-0.017433621201309916,-0.017532484110286545,-0.04285714285714287,0.11718550935941419,-0.00831742075187153
retraining_reselection,grouping_at_audited,1729,compact_to_qwen,selective_deployable,0.50,False,0.6901408450704225,0.03151862464183381,0.05163164376229004,0.05192610743152733,0.5452380952380952,0.2795045337879927,0.3296079314696562,False,0.7323943661971831,0.034383954154727794,0.05511488840986523,0.0554291043677078,0.5738095238095238,0.29525632423635884,0.3379926982078409,False,False,False,-0.04225352112676062,-0.002865329512893984,-0.0034832446475751913,-0.0035029969361804747,-0.02857142857142858,-0.01575179044836611,-0.008384766738184668
retraining_reselection,grouping_at_audited,1729,rule_compact_to_qwen,cheap_only,anchor,False,0.16901408450704225,0.05730659025787966,0.08218591616153102,0.08265328077456838,0.0,0.3965708565732688,,False,0.19718309859154928,0.08595988538681948,0.11478722277063949,0.11543824422626413,0.0,0.3378213005365164,,False,False,False,-0.028169014084507032,-0.02865329512893982,-0.03260130660910847,-0.03278496345169575,0.0,0.058749556036752415,
retraining_reselection,grouping_at_audited,1729,rule_compact_to_qwen,full_information,anchor,False,0.8169014084507042,0.04011461318051576,0.06200219374162649,0.06235543281596552,1.0,0.33769039662076755,,False,0.8169014084507042,0.04011461318051576,0.06200219374162649,0.06235543281596552,1.0,0.41882428615841505,,False,False,False,0.0,0.0,0.0,0.0,0.0,-0.0811338895376475,
retraining_reselection,grouping_at_audited,1729,rule_compact_to_qwen,selective_deployable,0.10,False,0.29577464788732394,0.06017191977077364,0.08549556272192184,0.08598160936447057,0.10238095238095238,0.27145792931453244,0.14151276786606587,False,0.2535211267605634,0.03151862464183381,0.05163164376229004,0.05192610743152733,0.11190476190476191,0.2897301773719691,0.17722918762280637,False,False,False,0.04225352112676056,0.028653295128939826,0.0338639189596318,0.03405550193294324,-0.009523809523809532,-0.018272248057436657,-0.0357164197567405
retraining_reselection,grouping_at_audited,1729,rule_compact_to_qwen,selective_deployable,0.25,True,0.4507042253521127,0.017191977077363897,0.03364884405080613,0.03384114484604091,0.2761904761904762,0.33769039662076755,0.30918590890419967,True,0.4788732394366197,0.02005730659025788,0.037342299667343266,0.03755561071467799,0.2642857142857143,0.18523453031584072,0.3043565002527568,False,False,False,-0.028169014084507005,-0.002865329512893984,-0.003693455616537139,-0.003714465868637079,0.011904761904761918,0.15245586630492683,0.004829408651442879
retraining_reselection,grouping_at_audited,1729,rule_compact_to_qwen,selective_deployable,0.50,True,0.704225352112676,0.02865329512893983,0.04811762364973175,0.048392148986166235,0.5095238095238095,0.33769039662076755,0.38808507165615874,True,0.7323943661971831,0.02865329512893983,0.04811762364973175,0.048392148986166235,0.4785714285714286,0.11381117248467996,0.38591248867832356,False,False,False,-0.028169014084507116,0.0,0.0,0.0,0.030952380952380898,0.22387922413608757,0.00217258297783518
retraining_reselection,grouping_at_audited,2718,rule_to_compact,cheap_only,anchor,False,0.23943661971830985,0.054441260744985676,0.07886263986355725,0.07931123669358123,0.0,0.3695062513541793,,False,0.19718309859154928,0.04871060171919771,0.0721711346734761,0.0725819148103667,0.0,0.3795058082238711,,False,False,False,0.04225352112676056,0.005730659025787968,0.006691505190081146,0.006729321883214526,0.0,-0.009999556869691784,
retraining_reselection,grouping_at_audited,2718,rule_to_compact,full_information,anchor,False,0.19718309859154928,0.04297994269340974,0.06541143768987555,0.06578397786941731,1.0,0.38911897923736544,,False,0.19718309859154928,0.045845272206303724,0.0688005183497085,0.06919223556730196,1.0,0.3859650828757817,,False,False,False,0.0,-0.002865329512893984,-0.003389080659832955,-0.0034082576978846507,0.0,0.0031538963615837523,
retraining_reselection,grouping_at_audited,2718,rule_to_compact,selective_deployable,0.10,False,0.19718309859154928,0.04297994269340974,0.06541143768987555,0.06578397786941731,0.11428571428571428,0.38911897923736544,0.1709288075489696,False,0.2112676056338028,0.04871060171919771,0.0721711346734761,0.0725819148103667,0.10952380952380952,0.37495706946190765,0.17474808242723716,False,False,False,-0.01408450704225353,-0.005730659025787968,-0.006759696983600558,-0.006797936940949392,0.004761904761904759,0.014161909775457782,-0.0038192748782675534
retraining_reselection,grouping_at_audited,2718,rule_to_compact,selective_deployable,0.25,False,0.19718309859154928,0.04297994269340974,0.06541143768987555,0.06578397786941731,0.26666666666666666,0.38911897923736544,0.30516613074338617,False,0.19718309859154928,0.04297994269340974,0.06541143768987555,0.06578397786941731,0.29285714285714287,0.3859650828757817,0.32475866585014157,False,False,False,0.0,0.0,0.0,0.0,-0.02619047619047621,0.0031538963615837523,-0.019592535106755404
retraining_reselection,grouping_at_audited,2718,rule_to_compact,selective_deployable,0.50,False,0.19718309859154928,0.04297994269340974,0.06541143768987555,0.06578397786941731,1.0,0.38911897923736544,0.3810336884622893,False,0.19718309859154928,0.045845272206303724,0.0688005183497085,0.06919223556730196,1.0,0.3859650828757817,0.3880106195243014,False,False,False,0.0,-0.002865329512893984,-0.003389080659832955,-0.0034082576978846507,0.0,0.0031538963615837523,-0.006976931062012082
retraining_reselection,grouping_at_audited,2718,compact_to_qwen,cheap_only,anchor,False,0.028169014084507043,0.04297994269340974,0.06541143768987555,0.06578397786941731,0.0,0.17257664187293162,,False,0.028169014084507043,0.034383954154727794,0.05511488840986523,0.0554291043677078,0.0,0.17054963090230207,,False,False,False,0.0,0.008595988538681945,0.010296549280010316,0.010354873501709508,0.0,0.0020270109706295447,
retraining_reselection,grouping_at_audited,2718,compact_to_qwen,full_information,anchor,False,0.8873239436619719,0.06303724928366762,0.08879245157053443,0.08929709961567887,1.0,0.28732152722018456,,False,0.8450704225352113,0.05157593123209169,0.07552475092839267,0.07595448844757033,1.0,0.27568485890291916,,False,False,False,0.04225352112676062,0.01146131805157593,0.013267700642141764,0.013342611168108545,0.0,0.011636668317265397,
retraining_reselection,grouping_at_audited,2718,compact_to_qwen,selective_deployable,0.10,False,0.11267605633802817,0.06303724928366762,0.08879245157053443,0.08929709961567887,0.06428571428571428,0.17081450840704718,0.3285912506238693,False,0.22535211267605634,0.08882521489971347,0.1179965939509764,0.11866565196619495,0.07142857142857142,0.16434445310440285,0.33462406862394095,False,False,False,-0.11267605633802817,-0.02578796561604585,-0.029204142380441972,-0.02936855235051608,-0.007142857142857145,0.006470055302644329,-0.00603281800007166
retraining_reselection,grouping_at_audited,2718,compact_to_qwen,selective_deployable,0.25,False,0.30985915492957744,0.04297994269340974,0.06541143768987555,0.06578397786941731,0.22380952380952382,0.17021184164013634,0.3297407380023889,False,0.352112676056338,0.03724928366762178,0.05857079629240329,0.05890459855125166,0.2619047619047619,0.16382877499133006,0.33616131528780147,False,False,False,-0.04225352112676056,0.005730659025787961,0.006840641397472258,0.0068793793181656515,-0.0380952380952381,0.006383066648806279,-0.006420577285412565
retraining_reselection,grouping_at_audited,2718,compact_to_qwen,selective_deployable,0.50,False,0.5633802816901409,0.04011461318051576,0.06200219374162649,0.06235543281596552,0.4857142857142857,0.28742943505505353,0.33006531031031405,False,0.647887323943662,0.04871060171919771,0.0721711346734761,0.0725819148103667,0.5404761904761904,0.2756259466132233,0.3365116957227831,False,False,False,-0.08450704225352113,-0.008595988538681945,-0.010168940931849613,-0.010226481994401182,-0.054761904761904734,0.011803488441830212,-0.006446385412469058
retraining_reselection,grouping_at_audited,2718,rule_compact_to_qwen,cheap_only,anchor,False,0.19718309859154928,0.04297994269340974,0.06541143768987555,0.06578397786941731,0.0,0.38911897923736544,,False,0.19718309859154928,0.045845272206303724,0.0688005183497085,0.06919223556730196,0.0,0.3859650828757817,,False,False,False,0.0,-0.002865329512893984,-0.003389080659832955,-0.0034082576978846507,0.0,0.0031538963615837523,
retraining_reselection,grouping_at_audited,2718,rule_compact_to_qwen,full_information,anchor,False,0.8873239436619719,0.06303724928366762,0.08879245157053443,0.08929709961567887,1.0,0.22624440888259134,,False,0.8028169014084507,0.05157593123209169,0.07552475092839267,0.07595448844757033,1.0,0.2721117503089333,,False,False,False,0.08450704225352113,0.01146131805157593,0.013267700642141764,0.013342611168108545,0.0,-0.04586734142634197,
retraining_reselection,grouping_at_audited,2718,rule_compact_to_qwen,selective_deployable,0.10,False,0.2535211267605634,0.03724928366762178,0.05857079629240329,0.05890459855125166,0.10952380952380952,0.28956369191481435,0.1683750909278129,False,0.3380281690140845,0.04297994269340974,0.06541143768987555,0.06578397786941731,0.11428571428571428,0.258951808930279,0.1742654091151451,False,False,False,-0.08450704225352113,-0.005730659025787961,-0.006840641397472258,-0.0068793793181656515,-0.004761904761904759,0.03061188298453532,-0.005890318187332211
retraining_reselection,grouping_at_audited,2718,rule_compact_to_qwen,selective_deployable,0.25,True,0.43661971830985913,0.022922636103151862,0.04097911629748258,0.041213101177030344,0.26904761904761904,0.19329737264682714,0.30199516041888225,False,0.43661971830985913,0.03151862464183381,0.05163164376229004,0.05192610743152733,0.28809523809523807,0.1764600816605049,0.3206944522825993,True,True,False,0.0,-0.008595988538681949,-0.010652527464807458,-0.010713006254496983,-0.019047619047619035,0.01683729098632225,-0.01869929186371705
retraining_reselection,grouping_at_audited,2718,rule_compact_to_qwen,selective_deployable,0.50,False,0.6901408450704225,0.07163323782234957,0.09861396086651453,0.09917397283798585,0.5452380952380952,0.11581363698601743,0.3840805752194727,False,0.6901408450704225,0.06017191977077364,0.08549556272192184,0.08598160936447057,0.5476190476190477,0.10797765896688147,0.3919419363625238,False,False,False,0.0,0.01146131805157593,0.013118398144592688,0.013192363473515281,-0.0023809523809524835,0.007835978019135964,-0.007861361143051082
retraining_reselection,grouping_at_audited,3141,rule_to_compact,cheap_only,anchor,False,0.2112676056338028,0.04871060171919771,0.0721711346734761,0.0725819148103667,0.0,0.31859274401102466,,False,0.18309859154929578,0.034383954154727794,0.05511488840986523,0.0554291043677078,0.0,0.352681281689746,,False,False,False,0.028169014084507032,0.014326647564469913,0.017056246263610873,0.0171528104426589,0.0,-0.03408853767872133,
retraining_reselection,grouping_at_audited,3141,rule_to_compact,full_information,anchor,False,0.22535211267605634,0.04297994269340974,0.06541143768987555,0.06578397786941731,1.0,0.31375757540516397,,False,0.19718309859154928,0.034383954154727794,0.05511488840986523,0.0554291043677078,1.0,0.35261694302231894,,False,False,False,0.02816901408450706,0.008595988538681945,0.010296549280010316,0.010354873501709508,0.0,-0.03885936761715497,
retraining_reselection,grouping_at_audited,3141,rule_to_compact,selective_deployable,0.10,False,0.2112676056338028,0.04297994269340974,0.06541143768987555,0.06578397786941731,0.10476190476190476,0.31375757540516397,0.21149677549834062,False,0.18309859154929578,0.034383954154727794,0.05511488840986523,0.0554291043677078,0.09047619047619047,0.35261694302231894,0.19761329330361338,False,False,False,0.028169014084507032,0.008595988538681945,0.010296549280010316,0.010354873501709508,0.01428571428571429,-0.03885936761715497,0.013883482194727237
retraining_reselection,grouping_at_audited,3141,rule_to_compact,selective_deployable,0.25,False,0.22535211267605634,0.04297994269340974,0.06541143768987555,0.06578397786941731,0.3142857142857143,0.31375757540516397,0.33026216943454145,False,0.19718309859154928,0.034383954154727794,0.05511488840986523,0.0554291043677078,0.3142857142857143,0.35261694302231894,0.33707179434886725,False,False,False,0.02816901408450706,0.008595988538681945,0.010296549280010316,0.010354873501709508,0.0,-0.03885936761715497,-0.006809624914325796
retraining_reselection,grouping_at_audited,3141,rule_to_compact,selective_deployable,0.50,False,0.22535211267605634,0.04297994269340974,0.06541143768987555,0.06578397786941731,1.0,0.31375757540516397,0.3776612008733605,False,0.19718309859154928,0.034383954154727794,0.05511488840986523,0.0554291043677078,1.0,0.35261694302231894,0.3863127680665617,False,False,False,0.02816901408450706,0.008595988538681945,0.010296549280010316,0.010354873501709508,0.0,-0.03885936761715497,-0.008651567193201148
retraining_reselection,grouping_at_audited,3141,compact_to_qwen,cheap_only,anchor,False,0.09859154929577464,0.04871060171919771,0.0721711346734761,0.0725819148103667,0.0,0.17301786246625472,,False,0.09859154929577464,0.04871060171919771,0.0721711346734761,0.0725819148103667,0.0,0.16809724780990762,,False,False,False,0.0,0.0,0.0,0.0,0.0,0.004920614656347105,
retraining_reselection,grouping_at_audited,3141,compact_to_qwen,full_information,anchor,False,0.8873239436619719,0.05730659025787966,0.08218591616153102,0.08265328077456838,1.0,0.2765455639984821,,False,0.8169014084507042,0.06017191977077364,0.08549556272192184,0.08598160936447057,1.0,0.2833420745401061,,False,False,False,0.07042253521126762,-0.002865329512893977,-0.0033096465603908165,-0.003328328589902188,0.0,-0.006796510541624001,
retraining_reselection,grouping_at_audited,3141,compact_to_qwen,selective_deployable,0.10,False,0.2676056338028169,0.0659025787965616,0.0920773606800653,0.09260053407755514,0.14047619047619048,0.17079128220242612,0.32892907487521394,False,0.22535211267605634,0.05730659025787966,0.08218591616153102,0.08265328077456838,0.09285714285714286,0.16581372008162673,0.3336377522061771,False,False,False,0.042253521126760535,0.008595988538681938,0.009891444518534284,0.009947253302986764,0.047619047619047616,0.004977562120799389,-0.00470867733096314
retraining_reselection,grouping_at_audited,3141,compact_to_qwen,selective_deployable,0.25,False,0.4084507042253521,0.07449856733524356,0.10186684887996843,0.10244518112436252,0.3142857142857143,0.17041785358026065,0.32953859719077405,False,0.39436619718309857,0.07449856733524356,0.10186684887996843,0.10244518112436252,0.3142857142857143,0.16525231655072384,0.33471136554032194,False,False,False,0.014084507042253558,0.0,0.0,0.0,0.0,0.005165537029536815,-0.005172768349547885
retraining_reselection,grouping_at_audited,3141,compact_to_qwen,selective_deployable,0.50,False,0.6901408450704225,0.06303724928366762,0.08879245157053443,0.08929709961567887,0.5738095238095238,0.2671839167763386,0.32980808177597054,False,0.676056338028169,0.06017191977077364,0.08549556272192184,0.08598160936447057,0.5619047619047619,0.28314937513330835,0.3349526108044151,False,False,False,0.014084507042253502,0.002865329512893984,0.0032968888486125947,0.0033154902512083084,0.011904761904761862,-0.01596545835696972,-0.005144529028444533
retraining_reselection,grouping_at_audited,3141,rule_compact_to_qwen,cheap_only,anchor,False,0.22535211267605634,0.04297994269340974,0.06541143768987555,0.06578397786941731,0.0,0.31375757540516397,,False,0.19718309859154928,0.034383954154727794,0.05511488840986523,0.0554291043677078,0.0,0.35261694302231894,,False,False,False,0.02816901408450706,0.008595988538681945,0.010296549280010316,0.010354873501709508,0.0,-0.03885936761715497,
retraining_reselection,grouping_at_audited,3141,rule_compact_to_qwen,full_information,anchor,False,0.8732394366197183,0.07163323782234957,0.09861396086651453,0.09917397283798585,1.0,0.24562522790539168,,False,0.8450704225352113,0.06017191977077364,0.08549556272192184,0.08598160936447057,1.0,0.27701973736419094,,False,False,False,0.028169014084507005,0.01146131805157593,0.013118398144592688,0.013192363473515281,0.0,-0.03139450945879926,
retraining_reselection,grouping_at_audited,3141,rule_compact_to_qwen,selective_deployable,0.10,False,0.36619718309859156,0.06876790830945559,0.09535098763963369,0.09589261444550476,0.11666666666666667,0.2305590513456494,0.21675984340256177,False,0.352112676056338,0.07449856733524356,0.10186684887996843,0.10244518112436252,0.09285714285714286,0.23572296266471832,0.2001596037063782,False,False,False,0.014084507042253558,-0.005730659025787968,-0.006515861240334736,-0.0065525666788577575,0.023809523809523808,-0.0051639113190689034,0.016600239696183572
retraining_reselection,grouping_at_audited,3141,rule_compact_to_qwen,selective_deployable,0.25,False,0.5352112676056338,0.05730659025787966,0.08218591616153102,0.08265328077456838,0.31666666666666665,0.15787228025854516,0.33113119648735023,False,0.5070422535211268,0.054441260744985676,0.07886263986355725,0.07931123669358123,0.30714285714285716,0.15334239158163188,0.32872488039302017,False,False,False,0.028169014084507005,0.002865329512893984,0.0033232762979737707,0.00334204408098715,0.00952380952380949,0.004529888676913285,0.002406316094330063
retraining_reselection,grouping_at_audited,3141,rule_compact_to_qwen,selective_deployable,0.50,False,0.6901408450704225,0.07449856733524356,0.10186684887996843,0.10244518112436252,0.5285714285714286,0.1192466289728455,0.3806739002962631,False,0.6619718309859155,0.06303724928366762,0.08879245157053443,0.08929709961567887,0.49523809523809526,0.11132035292764508,0.38853595567306104,False,False,False,0.028169014084507005,0.011461318051575936,0.013074397309433994,0.013148081508683643,0.033333333333333326,0.007926276045200423,-0.00786205537679796
retraining_reselection,grouping_at_audited,5772,rule_to_compact,cheap_only,anchor,False,0.14084507042253522,0.06017191977077364,0.08549556272192184,0.08598160936447057,0.0,0.35007271945777474,,False,0.19718309859154928,0.07163323782234957,0.09861396086651453,0.09917397283798585,0.0,0.318091825412164,,False,False,False,-0.056338028169014065,-0.01146131805157593,-0.013118398144592688,-0.013192363473515281,0.0,0.03198089404561072,
retraining_reselection,grouping_at_audited,5772,rule_to_compact,full_information,anchor,False,0.15492957746478872,0.06303724928366762,0.08879245157053443,0.08929709961567887,1.0,0.3484584054762616,,False,0.16901408450704225,0.06303724928366762,0.08879245157053443,0.08929709961567887,1.0,0.3431685897955689,,False,False,False,-0.01408450704225353,0.0,0.0,0.0,0.0,0.0052898156806927,
retraining_reselection,grouping_at_audited,5772,rule_to_compact,selective_deployable,0.10,False,0.14084507042253522,0.06017191977077364,0.08549556272192184,0.08598160936447057,0.09761904761904762,0.3484584054762616,0.18623073199036283,False,0.15492957746478872,0.06876790830945559,0.09535098763963369,0.09589261444550476,0.10714285714285714,0.3225626536313417,0.2025008426663059,False,False,False,-0.014084507042253502,-0.008595988538681952,-0.009855424917711852,-0.009911005081034194,-0.009523809523809518,0.025895751844919934,-0.016270110675943084
retraining_reselection,grouping_at_audited,5772,rule_to_compact,selective_deployable,0.25,False,0.14084507042253522,0.06017191977077364,0.08549556272192184,0.08598160936447057,0.21428571428571427,0.3484584054762616,0.2950253689950206,False,0.16901408450704225,0.06303724928366762,0.08879245157053443,0.08929709961567887,0.24285714285714285,0.3431685897955689,0.3202884140762562,False,False,False,-0.028169014084507032,-0.002865329512893984,-0.0032968888486125947,-0.0033154902512083084,-0.02857142857142858,0.0052898156806927,-0.025263045081235613
retraining_reselection,grouping_at_audited,5772,rule_to_compact,selective_deployable,0.50,False,0.15492957746478872,0.06303724928366762,0.08879245157053443,0.08929709961567887,1.0,0.3484584054762616,0.3813789907467579,False,0.16901408450704225,0.06303724928366762,0.08879245157053443,0.08929709961567887,1.0,0.3431685897955689,0.3913225370978913,False,False,False,-0.01408450704225353,0.0,0.0,0.0,0.0,0.0052898156806927,-0.00994354635113337
retraining_reselection,grouping_at_audited,5772,compact_to_qwen,cheap_only,anchor,False,0.15492957746478872,0.04297994269340974,0.06541143768987555,0.06578397786941731,0.0,0.17205116851988933,,False,0.15492957746478872,0.04297994269340974,0.06541143768987555,0.06578397786941731,0.0,0.1674285062672326,,False,False,False,0.0,0.0,0.0,0.0,0.0,0.0046226622526567285,
retraining_reselection,grouping_at_audited,5772,compact_to_qwen,full_information,anchor,False,0.9014084507042254,0.045845272206303724,0.0688005183497085,0.06919223556730196,1.0,0.2768937170364876,,False,0.9014084507042254,0.04297994269340974,0.06541143768987555,0.06578397786941731,1.0,0.2751495073304891,,False,False,False,0.0,0.002865329512893984,0.003389080659832955,0.0034082576978846507,0.0,0.0017442097059984785,
retraining_reselection,grouping_at_audited,5772,compact_to_qwen,selective_deployable,0.10,False,0.28169014084507044,0.045845272206303724,0.0688005183497085,0.06919223556730196,0.08571428571428572,0.171112469007096,0.3285468519252026,False,0.22535211267605634,0.03724928366762178,0.05857079629240329,0.05890459855125166,0.08571428571428572,0.16643551781702914,0.33328591592335055,False,False,False,0.05633802816901409,0.008595988538681945,0.010229722057305213,0.010287637016050302,0.0,0.004676951190066864,-0.004739063998147941
retraining_reselection,grouping_at_audited,5772,compact_to_qwen,selective_deployable,0.25,False,0.4788732394366197,0.05157593123209169,0.07552475092839267,0.07595448844757033,0.23809523809523808,0.17071194868529532,0.3292559853583603,True,0.4647887323943662,0.02865329512893983,0.04811762364973175,0.048392148986166235,0.2261904761904762,0.16594334324914597,0.3340366895634802,True,False,True,0.014084507042253502,0.022922636103151862,0.027407127278660917,0.027562339461404094,0.01190476190476189,0.004768605436149348,-0.00478070420511989
retraining_reselection,grouping_at_audited,5772,compact_to_qwen,selective_deployable,0.50,False,0.7323943661971831,0.03724928366762178,0.05857079629240329,0.05890459855125166,0.5190476190476191,0.17051086264197385,0.3294881978976254,False,0.7464788732394366,0.03724928366762178,0.05857079629240329,0.05890459855125166,0.5285714285714286,0.27514304791189703,0.3343199983097556,False,False,False,-0.014084507042253502,0.0,0.0,0.0,-0.00952380952380949,-0.10463218526992318,-0.004831800412130216
retraining_reselection,grouping_at_audited,5772,rule_compact_to_qwen,cheap_only,anchor,False,0.15492957746478872,0.06303724928366762,0.08879245157053443,0.08929709961567887,0.0,0.3484584054762616,,False,0.16901408450704225,0.06303724928366762,0.08879245157053443,0.08929709961567887,0.0,0.3431685897955689,,False,False,False,-0.01408450704225353,0.0,0.0,0.0,0.0,0.0052898156806927,
retraining_reselection,grouping_at_audited,5772,rule_compact_to_qwen,full_information,anchor,False,0.9154929577464789,0.04871060171919771,0.0721711346734761,0.0725819148103667,1.0,0.22535654780052597,,False,0.9014084507042254,0.03724928366762178,0.05857079629240329,0.05890459855125166,1.0,0.22906016273714047,,False,False,False,0.014084507042253502,0.01146131805157593,0.013600338381072816,0.013677316259115044,0.0,-0.003703614936614502,
retraining_reselection,grouping_at_audited,5772,rule_compact_to_qwen,selective_deployable,0.10,False,0.28169014084507044,0.045845272206303724,0.0688005183497085,0.06919223556730196,0.09523809523809523,0.2586419513235291,0.18691264964199233,False,0.2676056338028169,0.034383954154727794,0.05511488840986523,0.0554291043677078,0.11190476190476191,0.2557414015506896,0.20044028371862216,False,False,False,0.014084507042253558,0.01146131805157593,0.01368562993984327,0.013763131199594159,-0.016666666666666677,0.002900549772839489,-0.013527634076629824
retraining_reselection,grouping_at_audited,5772,rule_compact_to_qwen,selective_deployable,0.25,False,0.4647887323943662,0.045845272206303724,0.0688005183497085,0.06919223556730196,0.21666666666666667,0.18469627634126562,0.29223505348506307,True,0.4507042253521127,0.014326647564469915,0.029885886041099187,0.03005676556796143,0.24285714285714285,0.3199479720198775,0.31787349470774473,True,False,True,0.014084507042253502,0.03151862464183381,0.038914632308609316,0.03913546999934053,-0.02619047619047618,-0.1352516956786119,-0.025638441222681663
retraining_reselection,grouping_at_audited,5772,rule_compact_to_qwen,selective_deployable,0.50,False,0.7323943661971831,0.03724928366762178,0.05857079629240329,0.05890459855125166,0.5404761904761904,0.22061098902309798,0.38367953406368316,False,0.704225352112676,0.034383954154727794,0.05511488840986523,0.0554291043677078,0.5285714285714286,0.22906016273714047,0.39301788538486515,False,False,False,0.028169014084507116,0.002865329512893984,0.0034559078825380576,0.0034754941835438563,0.011904761904761862,-0.008449173714042496,-0.009338351321181992
retraining_reselection,grouping_at_audited,8111,rule_to_compact,cheap_only,anchor,False,0.16901408450704225,0.04297994269340974,0.06541143768987555,0.06578397786941731,0.0,0.39587903519155887,,False,0.19718309859154928,0.05157593123209169,0.07552475092839267,0.07595448844757033,0.0,0.33924470001597506,,False,False,False,-0.028169014084507032,-0.008595988538681952,-0.010113313238517121,-0.01017051057815302,0.0,0.056634335175583805,
retraining_reselection,grouping_at_audited,8111,rule_to_compact,full_information,anchor,False,0.16901408450704225,0.04871060171919771,0.0721711346734761,0.0725819148103667,1.0,0.3913336496087054,,False,0.19718309859154928,0.05730659025787966,0.08218591616153102,0.08265328077456838,1.0,0.33284660228749724,,False,False,False,-0.028169014084507032,-0.008595988538681952,-0.010014781488054916,-0.010071365964201676,0.0,0.058487047321208185,
retraining_reselection,grouping_at_audited,8111,rule_to_compact,selective_deployable,0.10,False,0.16901408450704225,0.04297994269340974,0.06541143768987555,0.06578397786941731,0.08333333333333333,0.3913336496087054,0.1600221336767228,False,0.19718309859154928,0.05157593123209169,0.07552475092839267,0.07595448844757033,0.08333333333333333,0.33284660228749724,0.18817507029677227,False,False,False,-0.028169014084507032,-0.008595988538681952,-0.010113313238517121,-0.01017051057815302,0.0,0.058487047321208185,-0.028152936620049474
retraining_reselection,grouping_at_audited,8111,rule_to_compact,selective_deployable,0.25,False,0.16901408450704225,0.04297994269340974,0.06541143768987555,0.06578397786941731,0.19285714285714287,0.3913336496087054,0.29259490572471225,False,0.19718309859154928,0.05157593123209169,0.07552475092839267,0.07595448844757033,0.20476190476190476,0.33284660228749724,0.3158765877876971,False,False,False,-0.028169014084507032,-0.008595988538681952,-0.010113313238517121,-0.01017051057815302,-0.01190476190476189,0.058487047321208185,-0.023281682062984865
retraining_reselection,grouping_at_audited,8111,rule_to_compact,selective_deployable,0.50,False,0.16901408450704225,0.04871060171919771,0.0721711346734761,0.0725819148103667,1.0,0.3913336496087054,0.3866413033874102,False,0.19718309859154928,0.05730659025787966,0.08218591616153102,0.08265328077456838,1.0,0.33284660228749724,0.39098167707443626,False,False,False,-0.028169014084507032,-0.008595988538681952,-0.010014781488054916,-0.010071365964201676,0.0,0.058487047321208185,-0.004340373687026056
retraining_reselection,grouping_at_audited,8111,compact_to_qwen,cheap_only,anchor,False,0.07042253521126761,0.03724928366762178,0.05857079629240329,0.05890459855125166,0.0,0.17471261045924907,,False,0.11267605633802817,0.05730659025787966,0.08218591616153102,0.08265328077456838,0.0,0.1657036155583334,,False,False,False,-0.04225352112676056,-0.02005730659025788,-0.023615119869127732,-0.02374868222331672,0.0,0.009008994900915668,
retraining_reselection,grouping_at_audited,8111,compact_to_qwen,full_information,anchor,False,0.8028169014084507,0.06017191977077364,0.08549556272192184,0.08598160936447057,1.0,0.27197425133753883,,False,0.8873239436619719,0.0659025787965616,0.0920773606800653,0.09260053407755514,1.0,0.2653214448768806,,False,False,False,-0.08450704225352113,-0.005730659025787961,-0.006581797958143468,-0.006618924713084576,0.0,0.006652806460658245,
retraining_reselection,grouping_at_audited,8111,compact_to_qwen,selective_deployable,0.10,False,0.18309859154929578,0.07736389684813753,0.10511016803183339,0.10570675870055461,0.08333333333333333,0.17029500972623002,0.32860404208874744,False,0.16901408450704225,0.054441260744985676,0.07886263986355725,0.07931123669358123,0.10476190476190476,0.16430742317934705,0.3352250266206068,False,False,False,0.01408450704225353,0.02292263610315186,0.026247528168276135,0.026395522006973385,-0.021428571428571436,0.0059875865468829725,-0.006620984531859386
retraining_reselection,grouping_at_audited,8111,compact_to_qwen,selective_deployable,0.25,False,0.39436619718309857,0.05157593123209169,0.07552475092839267,0.07595448844757033,0.2761904761904762,0.16964816776340522,0.33032368954724906,False,0.38028169014084506,0.06876790830945559,0.09535098763963369,0.09589261444550476,0.24523809523809523,0.16364731233855384,0.3362673722131938,False,False,False,0.014084507042253502,-0.017191977077363897,-0.01982623671124102,-0.01993812599793443,0.03095238095238098,0.006000855424851376,-0.0059436826659447495
retraining_reselection,grouping_at_audited,8111,compact_to_qwen,selective_deployable,0.50,False,0.6901408450704225,0.054441260744985676,0.07886263986355725,0.07931123669358123,0.55,0.27197425133753883,0.3306754486721854,False,0.7323943661971831,0.05730659025787966,0.08218591616153102,0.08265328077456838,0.5357142857142857,0.16332952650863816,0.3366675520389344,False,False,False,-0.04225352112676062,-0.002865329512893984,-0.0033232762979737707,-0.00334204408098715,0.014285714285714346,0.10864472482890067,-0.005992103366748991
retraining_reselection,grouping_at_audited,8111,rule_compact_to_qwen,cheap_only,anchor,False,0.16901408450704225,0.04871060171919771,0.0721711346734761,0.0725819148103667,0.0,0.3913336496087054,,False,0.19718309859154928,0.05730659025787966,0.08218591616153102,0.08265328077456838,0.0,0.33284660228749724,,False,False,False,-0.028169014084507032,-0.008595988538681952,-0.010014781488054916,-0.010071365964201676,0.0,0.058487047321208185,
retraining_reselection,grouping_at_audited,8111,rule_compact_to_qwen,full_information,anchor,False,0.8028169014084507,0.045845272206303724,0.0688005183497085,0.06919223556730196,1.0,0.2553012649736314,,False,0.8873239436619719,0.0659025787965616,0.0920773606800653,0.09260053407755514,1.0,0.20561258821639147,,False,False,False,-0.08450704225352113,-0.020057306590257874,-0.023276842330356803,-0.02340829851025318,0.0,0.04968867675723995,
retraining_reselection,grouping_at_audited,8111,rule_compact_to_qwen,selective_deployable,0.10,True,0.23943661971830985,0.025787965616045846,0.04456857254031658,0.044822948705678975,0.08333333333333333,0.2935361164479873,0.15134179439536516,False,0.29577464788732394,0.04297994269340974,0.06541143768987555,0.06578397786941731,0.08571428571428572,0.24815901219652792,0.18754361474666276,True,True,False,-0.05633802816901409,-0.017191977077363894,-0.02084286514955897,-0.020961029163738334,-0.0023809523809523864,0.04537710425145941,-0.0362018203512976
retraining_reselection,grouping_at_audited,8111,rule_compact_to_qwen,selective_deployable,0.25,False,0.38028169014084506,0.03724928366762178,0.05857079629240329,0.05890459855125166,0.1761904761904762,0.20159240100096165,0.2815192236137118,False,0.43661971830985913,0.04871060171919771,0.0721711346734761,0.0725819148103667,0.20476190476190476,0.16669407552481783,0.30987069771804737,False,False,False,-0.056338028169014065,-0.01146131805157593,-0.013600338381072816,-0.013677316259115044,-0.028571428571428553,0.03489832547614383,-0.028351474104335583
retraining_reselection,grouping_at_audited,8111,rule_compact_to_qwen,selective_deployable,0.50,False,0.6197183098591549,0.03151862464183381,0.05163164376229004,0.05192610743152733,0.4666666666666667,0.2553012649736314,0.38923795141711376,False,0.6901408450704225,0.08022922636103152,0.10834438899688771,0.10895917901725036,0.4976190476190476,0.1049273454872495,0.3948510597158608,False,False,False,-0.07042253521126762,-0.048710601719197714,-0.05671274523459767,-0.05703307158572303,-0.030952380952380953,0.15037391948638193,-0.00561310829874706
retraining_reselection,grouping_at_original,1729,rule_to_compact,cheap_only,anchor,False,0.16901408450704225,0.0659025787965616,0.0920773606800653,0.09260053407755514,0.0,0.38086864850626295,,False,0.19718309859154928,0.07449856733524356,0.10186684887996843,0.10244518112436252,0.0,0.33980585736789415,,False,False,False,-0.028169014084507032,-0.008595988538681959,-0.00978948819990312,-0.009844647046807375,0.0,0.041062791138368804,
retraining_reselection,grouping_at_original,1729,rule_to_compact,full_information,anchor,False,0.16901408450704225,0.06303724928366762,0.08879245157053443,0.08929709961567887,1.0,0.3807390886530018,,False,0.19718309859154928,0.08595988538681948,0.11478722277063949,0.11543824422626413,1.0,0.33483293079700627,,False,False,False,-0.028169014084507032,-0.02292263610315186,-0.025994771200105057,-0.026141144610585254,0.0,0.045906157855995555,
retraining_reselection,grouping_at_original,1729,rule_to_compact,selective_deployable,0.10,False,0.16901408450704225,0.05730659025787966,0.08218591616153102,0.08265328077456838,0.10714285714285714,0.3807390886530018,0.16541521877543158,False,0.19718309859154928,0.07163323782234957,0.09861396086651453,0.09917397283798585,0.10714285714285714,0.33483293079700627,0.18448213439883615,False,False,False,-0.028169014084507032,-0.014326647564469906,-0.016428044704983505,-0.01652069206341747,0.0,0.045906157855995555,-0.019066915623404568
retraining_reselection,grouping_at_original,1729,rule_to_compact,selective_deployable,0.25,False,0.16901408450704225,0.05730659025787966,0.08218591616153102,0.08265328077456838,0.25952380952380955,0.3807390886530018,0.30936600111248125,False,0.19718309859154928,0.07163323782234957,0.09861396086651453,0.09917397283798585,0.24285714285714285,0.33483293079700627,0.30618031118565,False,False,False,-0.028169014084507032,-0.014326647564469906,-0.016428044704983505,-0.01652069206341747,0.01666666666666669,0.045906157855995555,0.00318568992683127
retraining_reselection,grouping_at_original,1729,rule_to_compact,selective_deployable,0.50,False,0.16901408450704225,0.06303724928366762,0.08879245157053443,0.08929709961567887,1.0,0.3807390886530018,0.3853920637657178,False,0.19718309859154928,0.08595988538681948,0.11478722277063949,0.11543824422626413,1.0,0.33483293079700627,0.3812727416998103,False,False,False,-0.028169014084507032,-0.02292263610315186,-0.025994771200105057,-0.026141144610585254,0.0,0.045906157855995555,0.0041193220659074825
retraining_reselection,grouping_at_original,1729,compact_to_qwen,cheap_only,anchor,False,0.16901408450704225,0.04297994269340974,0.06541143768987555,0.06578397786941731,0.0,0.17085032862679483,,False,0.23943661971830985,0.06876790830945559,0.09535098763963369,0.09589261444550476,0.0,0.16353703241625858,,False,False,False,-0.0704225352112676,-0.02578796561604585,-0.029939549949758143,-0.03010863657608745,0.0,0.007313296210536252,
retraining_reselection,grouping_at_original,1729,compact_to_qwen,full_information,anchor,False,0.8873239436619719,0.04011461318051576,0.06200219374162649,0.06235543281596552,1.0,0.2539249511054386,,False,0.8028169014084507,0.03724928366762178,0.05857079629240329,0.05890459855125166,1.0,0.8011239114384914,,False,False,False,0.08450704225352113,0.002865329512893984,0.003431397449223203,0.003450834264713862,0.0,-0.5471989603330527,
retraining_reselection,grouping_at_original,1729,compact_to_qwen,selective_deployable,0.10,False,0.352112676056338,0.034383954154727794,0.05511488840986523,0.0554291043677078,0.09761904761904762,0.16753633047708372,0.33174186920988713,False,0.36619718309859156,0.06017191977077364,0.08549556272192184,0.08598160936447057,0.12380952380952381,0.16245318377983886,0.33709979288265035,False,False,False,-0.014084507042253558,-0.025787965616045842,-0.030380674312056606,-0.030552504996762764,-0.026190476190476195,0.005083146697244856,-0.005357923672763221
retraining_reselection,grouping_at_original,1729,compact_to_qwen,selective_deployable,0.25,True,0.4788732394366197,0.02865329512893983,0.04811762364973175,0.048392148986166235,0.25952380952380955,0.25423743805055904,0.3331109633707475,False,0.5633802816901409,0.03724928366762178,0.05857079629240329,0.05890459855125166,0.2976190476190476,0.16196275394017695,0.33801325179167974,True,True,False,-0.08450704225352118,-0.008595988538681949,-0.010453172642671538,-0.010512449565085423,-0.03809523809523807,0.09227468411038209,-0.00490228842093221
retraining_reselection,grouping_at_original,1729,compact_to_qwen,selective_deployable,0.50,False,0.7323943661971831,0.03724928366762178,0.05857079629240329,0.05890459855125166,0.5285714285714286,0.16650940466708217,0.3334809011629186,False,0.7323943661971831,0.034383954154727794,0.05511488840986523,0.0554291043677078,0.5785714285714286,0.2903726202857674,0.33834227795547483,False,False,False,0.0,0.002865329512893984,0.0034559078825380576,0.0034754941835438563,-0.050000000000000044,-0.12386321561868521,-0.004861376792556216
retraining_reselection,grouping_at_original,1729,rule_compact_to_qwen,cheap_only,anchor,False,0.16901408450704225,0.06303724928366762,0.08879245157053443,0.08929709961567887,0.0,0.3807390886530018,,False,0.19718309859154928,0.08595988538681948,0.11478722277063949,0.11543824422626413,0.0,0.33483293079700627,,False,False,False,-0.028169014084507032,-0.02292263610315186,-0.025994771200105057,-0.026141144610585254,0.0,0.045906157855995555,
retraining_reselection,grouping_at_original,1729,rule_compact_to_qwen,full_information,anchor,False,0.8873239436619719,0.04011461318051576,0.06200219374162649,0.06235543281596552,1.0,0.20868655607665307,,False,0.8028169014084507,0.03724928366762178,0.05857079629240329,0.05890459855125166,1.0,0.7465911425699613,,False,False,False,0.08450704225352113,0.002865329512893984,0.003431397449223203,0.003450834264713862,0.0,-0.5379045864933082,
retraining_reselection,grouping_at_original,1729,rule_compact_to_qwen,selective_deployable,0.10,False,0.2535211267605634,0.04871060171919771,0.0721711346734761,0.0725819148103667,0.10476190476190476,0.2697839911827665,0.15003878562385004,False,0.23943661971830985,0.03151862464183381,0.05163164376229004,0.05192610743152733,0.11190476190476191,0.2875919143422579,0.18267649601660813,False,False,False,0.01408450704225353,0.017191977077363897,0.020539490911186065,0.020655807378839375,-0.007142857142857145,-0.017807923159491368,-0.03263771039275809
retraining_reselection,grouping_at_original,1729,rule_compact_to_qwen,selective_deployable,0.25,True,0.4647887323943662,0.02005730659025788,0.037342299667343266,0.03755561071467799,0.2523809523809524,0.20131126185169398,0.2952448146426422,True,0.4788732394366197,0.02005730659025788,0.037342299667343266,0.03755561071467799,0.26904761904761904,0.18463464003737257,0.31269715089485317,False,False,False,-0.014084507042253502,0.0,0.0,0.0,-0.016666666666666663,0.01667662181432142,-0.017452336252210987
retraining_reselection,grouping_at_original,1729,rule_compact_to_qwen,selective_deployable,0.50,False,0.7605633802816901,0.04011461318051576,0.06200219374162649,0.06235543281596552,0.4928571428571429,0.11151253544099599,0.3883688200204442,True,0.7323943661971831,0.02865329512893983,0.04811762364973175,0.048392148986166235,0.4785714285714286,0.11412925955925862,0.38561720794127907,True,False,True,0.028169014084507005,0.011461318051575933,0.01388457009189474,0.013963283829799285,0.01428571428571429,-0.0026167241182626366,0.0027516120791651333
retraining_reselection,grouping_at_original,2718,rule_to_compact,cheap_only,anchor,False,0.23943661971830985,0.054441260744985676,0.07886263986355725,0.07931123669358123,0.0,0.34534329271338776,,False,0.14084507042253522,0.03151862464183381,0.05163164376229004,0.05192610743152733,0.0,0.395783504071438,,False,False,False,0.09859154929577463,0.022922636103151865,0.02723099610126721,0.0273851292620539,0.0,-0.05044021135805021,
retraining_reselection,grouping_at_original,2718,rule_to_compact,full_information,anchor,False,0.2112676056338028,0.05157593123209169,0.07552475092839267,0.07595448844757033,1.0,0.3561108795524838,,False,0.14084507042253522,0.034383954154727794,0.05511488840986523,0.0554291043677078,1.0,0.3913901720267745,,False,False,False,0.0704225352112676,0.017191977077363897,0.020409862518527437,0.020525384079862527,0.0,-0.03527929247429068,
retraining_reselection,grouping_at_original,2718,rule_to_compact,selective_deployable,0.10,False,0.2112676056338028,0.04871060171919771,0.0721711346734761,0.0725819148103667,0.10952380952380952,0.3561108795524838,0.1906343241274468,False,0.14084507042253522,0.03151862464183381,0.05163164376229004,0.05192610743152733,0.10952380952380952,0.3913901720267745,0.1865052714265436,False,False,False,0.0704225352112676,0.017191977077363897,0.020539490911186065,0.020655807378839375,0.0,-0.03527929247429068,0.004129052700903191
retraining_reselection,grouping_at_original,2718,rule_to_compact,selective_deployable,0.25,False,0.2112676056338028,0.04871060171919771,0.0721711346734761,0.0725819148103667,0.2761904761904762,0.3561108795524838,0.3130996809707116,False,0.14084507042253522,0.03151862464183381,0.05163164376229004,0.05192610743152733,0.29285714285714287,0.3913901720267745,0.3260031660646523,False,False,False,0.0704225352112676,0.017191977077363897,0.020539490911186065,0.020655807378839375,-0.016666666666666663,-0.03527929247429068,-0.012903485093940681
retraining_reselection,grouping_at_original,2718,rule_to_compact,selective_deployable,0.50,False,0.2112676056338028,0.05157593123209169,0.07552475092839267,0.07595448844757033,1.0,0.3561108795524838,0.379492143235712,False,0.14084507042253522,0.034383954154727794,0.05511488840986523,0.0554291043677078,1.0,0.3913901720267745,0.3859746533788283,False,False,False,0.0704225352112676,0.017191977077363897,0.020409862518527437,0.020525384079862527,0.0,-0.03527929247429068,-0.0064825101431162935
retraining_reselection,grouping_at_original,2718,compact_to_qwen,cheap_only,anchor,True,0.028169014084507043,0.022922636103151862,0.04097911629748258,0.041213101177030344,0.0,0.18693170816455326,,False,0.028169014084507043,0.034383954154727794,0.05511488840986523,0.0554291043677078,0.0,0.16896145753062286,,True,True,False,0.0,-0.011461318051575933,-0.01413577211238265,-0.014216003190677458,0.0,0.0179702506339304,
retraining_reselection,grouping_at_original,2718,compact_to_qwen,full_information,anchor,False,0.8873239436619719,0.06303724928366762,0.08879245157053443,0.08929709961567887,1.0,0.2657368962464209,,False,0.8309859154929577,0.04871060171919771,0.0721711346734761,0.0725819148103667,1.0,0.2703095061014548,,False,False,False,0.05633802816901412,0.014326647564469913,0.016621316897058327,0.016715184805312172,0.0,-0.004572609855033938,
retraining_reselection,grouping_at_original,2718,compact_to_qwen,selective_deployable,0.10,False,0.1267605633802817,0.0659025787965616,0.0920773606800653,0.09260053407755514,0.06428571428571428,0.16703442057292378,0.33217812432532334,False,0.22535211267605634,0.08882521489971347,0.1179965939509764,0.11866565196619495,0.07142857142857142,0.16273959560723059,0.33622634849116023,False,False,False,-0.09859154929577466,-0.022922636103151872,-0.0259192332709111,-0.026065117888639813,-0.007142857142857145,0.004294824965693195,-0.004048224165836889
retraining_reselection,grouping_at_original,2718,compact_to_qwen,selective_deployable,0.25,False,0.30985915492957744,0.04297994269340974,0.06541143768987555,0.06578397786941731,0.22380952380952382,0.16631400572811303,0.3336283435391404,False,0.352112676056338,0.03724928366762178,0.05857079629240329,0.05890459855125166,0.2619047619047619,0.16222265857858387,0.337767407695701,False,False,False,-0.04225352112676056,0.005730659025787961,0.006840641397472258,0.0068793793181656515,-0.0380952380952381,0.004091347149529162,-0.004139064156560623
retraining_reselection,grouping_at_original,2718,compact_to_qwen,selective_deployable,0.50,False,0.5352112676056338,0.04011461318051576,0.06200219374162649,0.06235543281596552,0.4523809523809524,0.26603959657979903,0.3340114596239996,False,0.647887323943662,0.04871060171919771,0.0721711346734761,0.0725819148103667,0.5404761904761904,0.27011012921784394,0.3381187137081433,False,False,False,-0.11267605633802824,-0.008595988538681945,-0.010168940931849613,-0.010226481994401182,-0.08809523809523806,-0.00407053263804491,-0.004107254084143697
retraining_reselection,grouping_at_original,2718,rule_compact_to_qwen,cheap_only,anchor,False,0.2112676056338028,0.05157593123209169,0.07552475092839267,0.07595448844757033,0.0,0.3561108795524838,,False,0.14084507042253522,0.034383954154727794,0.05511488840986523,0.0554291043677078,0.0,0.3913901720267745,,False,False,False,0.0704225352112676,0.017191977077363897,0.020409862518527437,0.020525384079862527,0.0,-0.03527929247429068,
retraining_reselection,grouping_at_original,2718,rule_compact_to_qwen,full_information,anchor,False,0.8873239436619719,0.06303724928366762,0.08879245157053443,0.08929709961567887,1.0,0.22197844737124103,,False,0.8028169014084507,0.05157593123209169,0.07552475092839267,0.07595448844757033,1.0,0.26716694487902926,,False,False,False,0.08450704225352113,0.01146131805157593,0.013267700642141764,0.013342611168108545,0.0,-0.04518849750778822,
retraining_reselection,grouping_at_original,2718,rule_compact_to_qwen,selective_deployable,0.10,False,0.2676056338028169,0.03151862464183381,0.05163164376229004,0.05192610743152733,0.11428571428571428,0.27366440281658505,0.18759295780600882,False,0.29577464788732394,0.03724928366762178,0.05857079629240329,0.05890459855125166,0.11428571428571428,0.26014411367582907,0.1862335456460555,False,False,False,-0.02816901408450706,-0.005730659025787968,-0.006939152530113249,-0.006978491119724331,0.0,0.013520289140755981,0.0013594121599533326
retraining_reselection,grouping_at_original,2718,rule_compact_to_qwen,selective_deployable,0.25,False,0.43661971830985913,0.03151862464183381,0.05163164376229004,0.05192610743152733,0.26666666666666666,0.18586084034784642,0.3019189763737858,False,0.43661971830985913,0.03151862464183381,0.05163164376229004,0.05192610743152733,0.28809523809523807,0.17490647455493624,0.3219452980510925,False,False,False,0.0,0.0,0.0,0.0,-0.021428571428571408,0.010954365792910176,-0.020026321677306724
retraining_reselection,grouping_at_original,2718,rule_compact_to_qwen,selective_deployable,0.50,False,0.6901408450704225,0.04297994269340974,0.06541143768987555,0.06578397786941731,0.5452380952380952,0.11730525344971142,0.3826764694005229,False,0.647887323943662,0.04011461318051576,0.06200219374162649,0.06235543281596552,0.5452380952380952,0.26716694487902926,0.3898936811246505,False,False,False,0.04225352112676051,0.002865329512893977,0.003409243948249055,0.0034285450534517897,0.0,-0.14986169142931782,-0.007217211724127592
retraining_reselection,grouping_at_original,3141,rule_to_compact,cheap_only,anchor,False,0.18309859154929578,0.034383954154727794,0.05511488840986523,0.0554291043677078,0.0,0.3772343295698215,,False,0.14084507042253522,0.03151862464183381,0.05163164376229004,0.05192610743152733,0.0,0.35103550822789,,False,False,False,0.04225352112676056,0.002865329512893984,0.0034832446475751913,0.0035029969361804747,0.0,0.026198821341931522,
retraining_reselection,grouping_at_original,3141,rule_to_compact,full_information,anchor,True,0.14084507042253522,0.017191977077363897,0.03364884405080613,0.03384114484604091,1.0,0.40808624177092206,,True,0.16901408450704225,0.022922636103151862,0.04097911629748258,0.041213101177030344,1.0,0.36023736394021455,,False,False,False,-0.028169014084507032,-0.005730659025787965,-0.007330272246676456,-0.007371956330989436,0.0,0.047848877830707515,
retraining_reselection,grouping_at_original,3141,rule_to_compact,selective_deployable,0.10,False,0.18309859154929578,0.034383954154727794,0.05511488840986523,0.0554291043677078,0.09047619047619047,0.3770825291714717,0.17924412686829644,False,0.16901408450704225,0.03151862464183381,0.05163164376229004,0.05192610743152733,0.09047619047619047,0.3471917429644126,0.2050332471365246,False,False,False,0.01408450704225353,0.002865329512893984,0.0034832446475751913,0.0035029969361804747,0.0,0.02989078620705915,-0.02578912026822816
retraining_reselection,grouping_at_original,3141,rule_to_compact,selective_deployable,0.25,True,0.14084507042253522,0.017191977077363897,0.03364884405080613,0.03384114484604091,0.2833333333333333,0.40808624177092206,0.31638282363479386,True,0.16901408450704225,0.022922636103151862,0.04097911629748258,0.041213101177030344,0.3142857142857143,0.36023736394021455,0.33798241910408566,False,False,False,-0.028169014084507032,-0.005730659025787965,-0.007330272246676456,-0.007371956330989436,-0.030952380952380953,0.047848877830707515,-0.0215995954692918
retraining_reselection,grouping_at_original,3141,rule_to_compact,selective_deployable,0.50,True,0.14084507042253522,0.017191977077363897,0.03364884405080613,0.03384114484604091,1.0,0.40808624177092206,0.3885600639524294,True,0.16901408450704225,0.022922636103151862,0.04097911629748258,0.041213101177030344,1.0,0.36023736394021455,0.385476478179702,False,False,False,-0.028169014084507032,-0.005730659025787965,-0.007330272246676456,-0.007371956330989436,0.0,0.047848877830707515,0.0030835857727274374
retraining_reselection,grouping_at_original,3141,compact_to_qwen,cheap_only,anchor,False,0.1267605633802817,0.06017191977077364,0.08549556272192184,0.08598160936447057,0.0,0.16977430351488826,,False,0.09859154929577464,0.04871060171919771,0.0721711346734761,0.0725819148103667,0.0,0.16650558233783985,,False,False,False,0.028169014084507046,0.01146131805157593,0.013324428048445733,0.013399694554103864,0.0,0.003268721177048406,
retraining_reselection,grouping_at_original,3141,compact_to_qwen,full_information,anchor,False,0.8591549295774648,0.0659025787965616,0.0920773606800653,0.09260053407755514,1.0,0.26312811700977196,,False,0.8169014084507042,0.04297994269340974,0.06541143768987555,0.06578397786941731,1.0,0.29435865368785513,,False,False,False,0.04225352112676051,0.02292263610315186,0.026665922990189758,0.02681655620813783,0.0,-0.031230536678083176,
retraining_reselection,grouping_at_original,3141,compact_to_qwen,selective_deployable,0.10,False,0.2676056338028169,0.04011461318051576,0.06200219374162649,0.06235543281596552,0.14047619047619048,0.16874144387605094,0.33112623144215303,False,0.22535211267605634,0.05730659025787966,0.08218591616153102,0.08265328077456838,0.09285714285714286,0.16420620628674343,0.33524150412979414,False,False,False,0.042253521126760535,-0.017191977077363897,-0.02018372241990453,-0.020297847958602858,0.047619047619047616,0.004535237589307517,-0.004115272687641114
retraining_reselection,grouping_at_original,3141,compact_to_qwen,selective_deployable,0.25,False,0.39436619718309857,0.05730659025787966,0.08218591616153102,0.08265328077456838,0.30714285714285716,0.1684287176796594,0.33155445874675654,False,0.39436619718309857,0.07449856733524356,0.10186684887996843,0.10244518112436252,0.3142857142857143,0.1636409823122267,0.33632245354199103,False,False,False,0.0,-0.017191977077363897,-0.019680932718437405,-0.01979190034979414,-0.0071428571428571175,0.004787735367432683,-0.004767994795234487
retraining_reselection,grouping_at_original,3141,compact_to_qwen,selective_deployable,0.50,False,0.6619718309859155,0.06017191977077364,0.08549556272192184,0.08598160936447057,0.5357142857142857,0.16825165494198718,0.3317471822616508,False,0.676056338028169,0.06017191977077364,0.08549556272192184,0.08598160936447057,0.5619047619047619,0.27778872943438493,0.3365653320877636,False,False,False,-0.014084507042253502,0.0,0.0,0.0,-0.02619047619047621,-0.10953707449239775,-0.004818149826112839
retraining_reselection,grouping_at_original,3141,rule_compact_to_qwen,cheap_only,anchor,True,0.14084507042253522,0.017191977077363897,0.03364884405080613,0.03384114484604091,0.0,0.40808624177092206,,True,0.16901408450704225,0.022922636103151862,0.04097911629748258,0.041213101177030344,0.0,0.36023736394021455,,False,False,False,-0.028169014084507032,-0.005730659025787965,-0.007330272246676456,-0.007371956330989436,0.0,0.047848877830707515,
retraining_reselection,grouping_at_original,3141,rule_compact_to_qwen,full_information,anchor,False,0.8732394366197183,0.0659025787965616,0.0920773606800653,0.09260053407755514,1.0,0.23009063339296743,,False,0.8450704225352113,0.06017191977077364,0.08549556272192184,0.08598160936447057,1.0,0.2737144507331976,,False,False,False,0.028169014084507005,0.005730659025787961,0.006581797958143468,0.006618924713084576,0.0,-0.04362381734023019,
retraining_reselection,grouping_at_original,3141,rule_compact_to_qwen,selective_deployable,0.10,False,0.29577464788732394,0.045845272206303724,0.0688005183497085,0.06919223556730196,0.09047619047619047,0.2603871182652642,0.1797766354318588,False,0.352112676056338,0.07163323782234957,0.09861396086651453,0.09917397283798585,0.09523809523809523,0.231478615971452,0.2075520350543857,False,False,False,-0.056338028169014065,-0.025787965616045842,-0.029813442516806024,-0.029981737270683886,-0.004761904761904759,0.02890850229381217,-0.027775399622526897
retraining_reselection,grouping_at_original,3141,rule_compact_to_qwen,selective_deployable,0.25,False,0.4788732394366197,0.04297994269340974,0.06541143768987555,0.06578397786941731,0.28095238095238095,0.1778297543201559,0.31314186831644314,False,0.49295774647887325,0.04297994269340974,0.06541143768987555,0.06578397786941731,0.30714285714285716,0.15893017109206029,0.3300879149576994,False,False,False,-0.014084507042253558,0.0,0.0,0.0,-0.02619047619047621,0.018899583228095623,-0.016946046641256263
retraining_reselection,grouping_at_original,3141,rule_compact_to_qwen,selective_deployable,0.50,False,0.6619718309859155,0.054441260744985676,0.07886263986355725,0.07931123669358123,0.5047619047619047,0.10949162034888071,0.3904395399230173,False,0.6056338028169014,0.04297994269340974,0.06541143768987555,0.06578397786941731,0.49523809523809526,0.2737144507331976,0.38771383151901934,False,False,False,0.05633802816901412,0.011461318051575936,0.013451202173681703,0.013527258824163918,0.00952380952380949,-0.1642228303843169,0.0027257084039979396
retraining_reselection,grouping_at_original,5772,rule_to_compact,cheap_only,anchor,False,0.1267605633802817,0.054441260744985676,0.07886263986355725,0.07931123669358123,0.0,0.35439939374893314,,False,0.11267605633802817,0.04871060171919771,0.0721711346734761,0.0725819148103667,0.0,0.3610298220551419,,False,False,False,0.014084507042253516,0.005730659025787968,0.006691505190081146,0.006729321883214526,0.0,-0.006630428306208747,
retraining_reselection,grouping_at_original,5772,rule_to_compact,full_information,anchor,False,0.14084507042253522,0.05730659025787966,0.08218591616153102,0.08265328077456838,1.0,0.3517614559422723,,False,0.1267605633802817,0.04871060171919771,0.0721711346734761,0.0725819148103667,1.0,0.3578795515261743,,False,False,False,0.01408450704225353,0.008595988538681952,0.010014781488054916,0.010071365964201676,0.0,-0.006118095583901972,
retraining_reselection,grouping_at_original,5772,rule_to_compact,selective_deployable,0.10,False,0.1267605633802817,0.054441260744985676,0.07886263986355725,0.07931123669358123,0.08571428571428572,0.3517614559422723,0.18564018337418298,False,0.11267605633802817,0.04871060171919771,0.0721711346734761,0.0725819148103667,0.10714285714285714,0.3578795515261743,0.21419306012069877,False,False,False,0.014084507042253516,0.005730659025787968,0.006691505190081146,0.006729321883214526,-0.021428571428571422,-0.006118095583901972,-0.0285528767465158
retraining_reselection,grouping_at_original,5772,rule_to_compact,selective_deployable,0.25,False,0.1267605633802817,0.054441260744985676,0.07886263986355725,0.07931123669358123,0.19285714285714287,0.3517614559422723,0.29440386521662176,False,0.1267605633802817,0.04871060171919771,0.0721711346734761,0.0725819148103667,0.24285714285714285,0.3578795515261743,0.3205593398632902,False,False,False,0.0,0.005730659025787968,0.006691505190081146,0.006729321883214526,-0.04999999999999999,-0.006118095583901972,-0.026155474646668453
retraining_reselection,grouping_at_original,5772,rule_to_compact,selective_deployable,0.50,False,0.14084507042253522,0.05730659025787966,0.08218591616153102,0.08265328077456838,1.0,0.3517614559422723,0.37989730732954147,False,0.1267605633802817,0.04871060171919771,0.0721711346734761,0.0725819148103667,1.0,0.3578795515261743,0.3867000330527049,False,False,False,0.01408450704225353,0.008595988538681952,0.010014781488054916,0.010071365964201676,0.0,-0.006118095583901972,-0.0068027257231634275
retraining_reselection,grouping_at_original,5772,compact_to_qwen,cheap_only,anchor,False,0.15492957746478872,0.04297994269340974,0.06541143768987555,0.06578397786941731,0.0,0.1695058431522704,,False,0.15492957746478872,0.04297994269340974,0.06541143768987555,0.06578397786941731,0.0,0.1670290453635963,,False,False,False,0.0,0.0,0.0,0.0,0.0,0.002476797788674101,
retraining_reselection,grouping_at_original,5772,compact_to_qwen,full_information,anchor,False,0.9154929577464789,0.05157593123209169,0.07552475092839267,0.07595448844757033,1.0,0.2568589673776693,,False,0.8873239436619719,0.03151862464183381,0.05163164376229004,0.05192610743152733,1.0,0.7963924614567555,,False,False,False,0.028169014084507005,0.02005730659025788,0.02389310716610263,0.024028381016043,0.0,-0.5395334940790861,
retraining_reselection,grouping_at_original,5772,compact_to_qwen,selective_deployable,0.10,False,0.28169014084507044,0.04871060171919771,0.0721711346734761,0.0725819148103667,0.08095238095238096,0.16855306310760987,0.33098084266595995,False,0.22535211267605634,0.03724928366762178,0.05857079629240329,0.05890459855125166,0.08571428571428572,0.1660316824408977,0.3336885277344855,False,False,False,0.05633802816901409,0.01146131805157593,0.013600338381072816,0.013677316259115044,-0.004761904761904759,0.002521380666712175,-0.002707685068525534
retraining_reselection,grouping_at_original,5772,compact_to_qwen,selective_deployable,0.25,False,0.4788732394366197,0.054441260744985676,0.07886263986355725,0.07931123669358123,0.2357142857142857,0.1681345300315764,0.33182269047849633,True,0.4647887323943662,0.02865329512893983,0.04811762364973175,0.048392148986166235,0.2261904761904762,0.1655373529929471,0.3344425925703197,True,False,True,0.014084507042253502,0.025787965616045846,0.0307450162138255,0.030919087707414993,0.009523809523809518,0.0025971770386293003,-0.0026199020918233895
retraining_reselection,grouping_at_original,5772,compact_to_qwen,selective_deployable,0.50,False,0.7323943661971831,0.04297994269340974,0.06541143768987555,0.06578397786941731,0.5142857142857142,0.16792441983806822,0.3320725375275171,False,0.7464788732394366,0.03724928366762178,0.05857079629240329,0.05890459855125166,0.5285714285714286,0.2743881581409622,0.33472687212195307,False,False,False,-0.014084507042253502,0.005730659025787961,0.006840641397472258,0.0068793793181656515,-0.014285714285714346,-0.10646373830289396,-0.002654334594435981
retraining_reselection,grouping_at_original,5772,rule_compact_to_qwen,cheap_only,anchor,False,0.14084507042253522,0.05730659025787966,0.08218591616153102,0.08265328077456838,0.0,0.3517614559422723,,False,0.1267605633802817,0.04871060171919771,0.0721711346734761,0.0725819148103667,0.0,0.3578795515261743,,False,False,False,0.01408450704225353,0.008595988538681952,0.010014781488054916,0.010071365964201676,0.0,-0.006118095583901972,
retraining_reselection,grouping_at_original,5772,rule_compact_to_qwen,full_information,anchor,False,0.9154929577464789,0.045845272206303724,0.0688005183497085,0.06919223556730196,1.0,0.2311971548288274,,False,0.8873239436619719,0.03151862464183381,0.05163164376229004,0.05192610743152733,1.0,0.40884034784876533,,False,False,False,0.028169014084507005,0.014326647564469913,0.01716887458741846,0.017266128135774633,0.0,-0.17764319301993792,
retraining_reselection,grouping_at_original,5772,rule_compact_to_qwen,selective_deployable,0.10,False,0.28169014084507044,0.054441260744985676,0.07886263986355725,0.07931123669358123,0.08333333333333333,0.2534924808395301,0.1801102824807696,False,0.28169014084507044,0.034383954154727794,0.05511488840986523,0.0554291043677078,0.11190476190476191,0.2481505162010279,0.21258180158373075,False,False,False,0.0,0.02005730659025788,0.02374775145369202,0.023882132325873426,-0.02857142857142858,0.005341964638502172,-0.032471519102961144
retraining_reselection,grouping_at_original,5772,rule_compact_to_qwen,selective_deployable,0.25,False,0.4647887323943662,0.045845272206303724,0.0688005183497085,0.06919223556730196,0.2119047619047619,0.18367966472217243,0.29221880160595903,True,0.4647887323943662,0.017191977077363897,0.03364884405080613,0.03384114484604091,0.24761904761904763,0.30841597737062193,0.32016274068283146,True,False,True,0.0,0.028653295128939826,0.035151674298902376,0.03535109072126105,-0.035714285714285726,-0.1247363126484495,-0.027943939076872426
retraining_reselection,grouping_at_original,5772,rule_compact_to_qwen,selective_deployable,0.50,False,0.704225352112676,0.06017191977077364,0.08549556272192184,0.08598160936447057,0.5047619047619047,0.11769171758417638,0.38218632717757267,False,0.704225352112676,0.034383954154727794,0.05511488840986523,0.0554291043677078,0.5285714285714286,0.24002421092465095,0.38841015911775256,False,False,False,0.0,0.025787965616045842,0.030380674312056606,0.030552504996762764,-0.023809523809523836,-0.12233249334047458,-0.006223831940179891
retraining_reselection,grouping_at_original,8111,rule_to_compact,cheap_only,anchor,False,0.16901408450704225,0.04297994269340974,0.06541143768987555,0.06578397786941731,0.0,0.36320330140768525,,False,0.19718309859154928,0.05157593123209169,0.07552475092839267,0.07595448844757033,0.0,0.32526219546381513,,False,False,False,-0.028169014084507032,-0.008595988538681952,-0.010113313238517121,-0.01017051057815302,0.0,0.037941105943870124,
retraining_reselection,grouping_at_original,8111,rule_to_compact,full_information,anchor,False,0.16901408450704225,0.04871060171919771,0.0721711346734761,0.0725819148103667,1.0,0.3581143154721281,,False,0.19718309859154928,0.05730659025787966,0.08218591616153102,0.08265328077456838,1.0,0.32108866648121603,,False,False,False,-0.028169014084507032,-0.008595988538681952,-0.010014781488054916,-0.010071365964201676,0.0,0.03702564899091204,
retraining_reselection,grouping_at_original,8111,rule_to_compact,selective_deployable,0.10,False,0.16901408450704225,0.04297994269340974,0.06541143768987555,0.06578397786941731,0.08571428571428572,0.3581143154721281,0.19610406916187745,False,0.19718309859154928,0.05157593123209169,0.07552475092839267,0.07595448844757033,0.08333333333333333,0.32108866648121603,0.2055592994402562,False,False,False,-0.028169014084507032,-0.008595988538681952,-0.010113313238517121,-0.01017051057815302,0.0023809523809523864,0.03702564899091204,-0.009455230278378746
retraining_reselection,grouping_at_original,8111,rule_to_compact,selective_deployable,0.25,False,0.16901408450704225,0.04297994269340974,0.06541143768987555,0.06578397786941731,0.20476190476190476,0.3581143154721281,0.31647375039765097,False,0.19718309859154928,0.05157593123209169,0.07552475092839267,0.07595448844757033,0.21428571428571427,0.32108866648121603,0.32466940774325553,False,False,False,-0.028169014084507032,-0.008595988538681952,-0.010113313238517121,-0.01017051057815302,-0.009523809523809518,0.03702564899091204,-0.008195657345604568
retraining_reselection,grouping_at_original,8111,rule_to_compact,selective_deployable,0.50,False,0.16901408450704225,0.04871060171919771,0.0721711346734761,0.0725819148103667,1.0,0.3581143154721281,0.38945582601784084,False,0.19718309859154928,0.05730659025787966,0.08218591616153102,0.08265328077456838,1.0,0.32108866648121603,0.3914022924196149,False,False,False,-0.028169014084507032,-0.008595988538681952,-0.010014781488054916,-0.010071365964201676,0.0,0.03702564899091204,-0.0019464664017740385
retraining_reselection,grouping_at_original,8111,compact_to_qwen,cheap_only,anchor,True,0.04225352112676056,0.02005730659025788,0.037342299667343266,0.03755561071467799,0.0,0.19054625683150858,,False,0.11267605633802817,0.05730659025787966,0.08218591616153102,0.08265328077456838,0.0,0.16069036980698567,,True,True,False,-0.07042253521126761,-0.03724928366762178,-0.044843616494187756,-0.04509767005989039,0.0,0.02985588702452291,
retraining_reselection,grouping_at_original,8111,compact_to_qwen,full_information,anchor,False,0.8028169014084507,0.06017191977077364,0.08549556272192184,0.08598160936447057,1.0,0.2526647447076465,,False,0.8873239436619719,0.0659025787965616,0.0920773606800653,0.09260053407755514,1.0,0.25018831366151856,,False,False,False,-0.08450704225352113,-0.005730659025787961,-0.006581797958143468,-0.006618924713084576,0.0,0.002476431046127936,
retraining_reselection,grouping_at_original,8111,compact_to_qwen,selective_deployable,0.10,False,0.18309859154929578,0.09742120343839542,0.12758048140252998,0.12830335582408076,0.05476190476190476,0.16439197830800562,0.3337472214104052,False,0.16901408450704225,0.054441260744985676,0.07886263986355725,0.07931123669358123,0.10476190476190476,0.15929066801903818,0.3402406522596839,False,False,False,0.01408450704225353,0.04297994269340974,0.048717841538972725,0.04899211913049953,-0.05,0.005101310288967431,-0.006493430849278725
retraining_reselection,grouping_at_original,8111,compact_to_qwen,selective_deployable,0.25,False,0.38028169014084506,0.04871060171919771,0.0721711346734761,0.0725819148103667,0.26666666666666666,0.16366309746652885,0.3363157002317006,False,0.38028169014084506,0.06876790830945559,0.09535098763963369,0.09589261444550476,0.24523809523809523,0.15862904116412102,0.3412854526486119,False,False,False,0.0,-0.02005730659025788,-0.023179852966157585,-0.023310699635138057,0.021428571428571436,0.00503405630240783,-0.004969752416911277
retraining_reselection,grouping_at_original,8111,compact_to_qwen,selective_deployable,0.50,False,0.7323943661971831,0.0659025787965616,0.0920773606800653,0.09260053407755514,0.5285714285714286,0.16327013071709578,0.336717690284278,False,0.7323943661971831,0.05730659025787966,0.08218591616153102,0.08265328077456838,0.5357142857142857,0.15831055846855796,0.3416865137704112,False,False,False,0.0,0.008595988538681938,0.009891444518534284,0.009947253302986764,-0.0071428571428571175,0.004959572248537825,-0.0049688234861332
retraining_reselection,grouping_at_original,8111,rule_compact_to_qwen,cheap_only,anchor,False,0.16901408450704225,0.04871060171919771,0.0721711346734761,0.0725819148103667,0.0,0.3581143154721281,,False,0.19718309859154928,0.05730659025787966,0.08218591616153102,0.08265328077456838,0.0,0.32108866648121603,,False,False,False,-0.028169014084507032,-0.008595988538681952,-0.010014781488054916,-0.010071365964201676,0.0,0.03702564899091204,
retraining_reselection,grouping_at_original,8111,rule_compact_to_qwen,full_information,anchor,False,0.8028169014084507,0.04297994269340974,0.06541143768987555,0.06578397786941731,1.0,0.2555093614787796,,False,0.8873239436619719,0.0659025787965616,0.0920773606800653,0.09260053407755514,1.0,0.20311597947295534,,False,False,False,-0.08450704225352113,-0.02292263610315186,-0.026665922990189758,-0.02681655620813783,0.0,0.052393382005824274,
retraining_reselection,grouping_at_original,8111,rule_compact_to_qwen,selective_deployable,0.10,False,0.28169014084507044,0.04297994269340974,0.06541143768987555,0.06578397786941731,0.08571428571428572,0.24611570893949156,0.19384851502087652,False,0.28169014084507044,0.04011461318051576,0.06200219374162649,0.06235543281596552,0.0880952380952381,0.23635493206832303,0.2077802229004268,False,False,False,0.0,0.002865329512893977,0.003409243948249055,0.0034285450534517897,-0.0023809523809523864,0.009760776871168525,-0.013931707879550281
retraining_reselection,grouping_at_original,8111,rule_compact_to_qwen,selective_deployable,0.25,False,0.4225352112676056,0.045845272206303724,0.0688005183497085,0.06919223556730196,0.1880952380952381,0.17371148477566148,0.3013799834820745,False,0.43661971830985913,0.04871060171919771,0.0721711346734761,0.0725819148103667,0.20714285714285716,0.16174479095038716,0.3168446193324691,False,False,False,-0.014084507042253502,-0.002865329512893984,-0.003370616323767603,-0.0033896792430647416,-0.019047619047619063,0.011966693825274322,-0.015464635850394592
retraining_reselection,grouping_at_original,8111,rule_compact_to_qwen,selective_deployable,0.50,False,0.6197183098591549,0.03151862464183381,0.05163164376229004,0.05192610743152733,0.47619047619047616,0.2555093614787796,0.3925087608740759,False,0.676056338028169,0.045845272206303724,0.0688005183497085,0.06919223556730196,0.4976190476190476,0.10477137231294913,0.39515064085718005,False,False,False,-0.05633802816901412,-0.014326647564469913,-0.01716887458741846,-0.017266128135774633,-0.021428571428571463,0.15073798916583048,-0.0026418799831041673
retraining_reselection,label_at_dependency,1729,rule_to_compact,cheap_only,anchor,False,0.19718309859154928,0.07449856733524356,0.10186684887996843,0.10244518112436252,0.0,0.33980585736789415,,False,0.19718309859154928,0.07449856733524356,0.10186684887996843,0.10244518112436252,0.0,0.3367715963650756,,False,False,False,0.0,0.0,0.0,0.0,0.0,0.0030342610028185613,
retraining_reselection,label_at_dependency,1729,rule_to_compact,full_information,anchor,False,0.19718309859154928,0.08595988538681948,0.11478722277063949,0.11543824422626413,1.0,0.33483293079700627,,False,0.19718309859154928,0.08595988538681948,0.11478722277063949,0.11543824422626413,1.0,0.3378213005365164,,False,False,False,0.0,0.0,0.0,0.0,0.0,-0.0029883697395101105,
retraining_reselection,label_at_dependency,1729,rule_to_compact,selective_deployable,0.10,False,0.19718309859154928,0.07163323782234957,0.09861396086651453,0.09917397283798585,0.10714285714285714,0.33483293079700627,0.18448213439883615,False,0.2112676056338028,0.07736389684813753,0.10511016803183339,0.10570675870055461,0.10714285714285714,0.3235459864706184,0.1819922796527318,False,False,False,-0.01408450704225353,-0.005730659025787968,-0.00649620716531886,-0.006532785862568766,0.0,0.011286944326387882,0.0024898547461043585
retraining_reselection,label_at_dependency,1729,rule_to_compact,selective_deployable,0.25,False,0.19718309859154928,0.07163323782234957,0.09861396086651453,0.09917397283798585,0.24285714285714285,0.33483293079700627,0.30618031118565,False,0.2112676056338028,0.07736389684813753,0.10511016803183339,0.10570675870055461,0.24285714285714285,0.3235459864706184,0.3055667668152334,False,False,False,-0.01408450704225353,-0.005730659025787968,-0.00649620716531886,-0.006532785862568766,0.0,0.011286944326387882,0.0006135443704165522
retraining_reselection,label_at_dependency,1729,rule_to_compact,selective_deployable,0.50,False,0.19718309859154928,0.08595988538681948,0.11478722277063949,0.11543824422626413,1.0,0.33483293079700627,0.3812727416998103,False,0.19718309859154928,0.08595988538681948,0.11478722277063949,0.11543824422626413,1.0,0.3378213005365164,0.3815679766602098,False,False,False,0.0,0.0,0.0,0.0,0.0,-0.0029883697395101105,-0.00029523496039951524
retraining_reselection,label_at_dependency,1729,compact_to_qwen,cheap_only,anchor,False,0.23943661971830985,0.06876790830945559,0.09535098763963369,0.09589261444550476,0.0,0.16353703241625858,,False,0.18309859154929578,0.04871060171919771,0.0721711346734761,0.0725819148103667,0.0,0.16491678477955793,,False,False,False,0.056338028169014065,0.02005730659025788,0.023179852966157585,0.023310699635138057,0.0,-0.001379752363299347,
retraining_reselection,label_at_dependency,1729,compact_to_qwen,full_information,anchor,False,0.8028169014084507,0.03724928366762178,0.05857079629240329,0.05890459855125166,1.0,0.8011239114384914,,False,0.8028169014084507,0.03724928366762178,0.05857079629240329,0.05890459855125166,1.0,0.8140068340679236,,False,False,False,0.0,0.0,0.0,0.0,0.0,-0.012882922629432247,
retraining_reselection,label_at_dependency,1729,compact_to_qwen,selective_deployable,0.10,False,0.36619718309859156,0.06017191977077364,0.08549556272192184,0.08598160936447057,0.12380952380952381,0.16245318377983886,0.33709979288265035,False,0.36619718309859156,0.05730659025787966,0.08218591616153102,0.08265328077456838,0.11904761904761904,0.16284791279605204,0.33663196964945064,False,False,False,0.0,0.002865329512893977,0.0033096465603908165,0.003328328589902188,0.004761904761904773,-0.00039472901621318,0.00046782323319971564
retraining_reselection,label_at_dependency,1729,compact_to_qwen,selective_deployable,0.25,False,0.5633802816901409,0.03724928366762178,0.05857079629240329,0.05890459855125166,0.2976190476190476,0.16196275394017695,0.33801325179167974,False,0.5774647887323944,0.04011461318051576,0.06200219374162649,0.06235543281596552,0.29285714285714287,0.16231902442857854,0.33764498412208865,False,False,False,-0.014084507042253502,-0.002865329512893984,-0.003431397449223203,-0.003450834264713862,0.004761904761904745,-0.0003562704884015888,0.0003682676695910825
retraining_reselection,label_at_dependency,1729,compact_to_qwen,selective_deployable,0.50,False,0.7323943661971831,0.034383954154727794,0.05511488840986523,0.0554291043677078,0.5785714285714286,0.2903726202857674,0.33834227795547483,False,0.7323943661971831,0.034383954154727794,0.05511488840986523,0.0554291043677078,0.5738095238095238,0.29525632423635884,0.3379926982078409,False,False,False,0.0,0.0,0.0,0.0,0.004761904761904856,-0.004883703950591456,0.0003495797476339435
retraining_reselection,label_at_dependency,1729,rule_compact_to_qwen,cheap_only,anchor,False,0.19718309859154928,0.08595988538681948,0.11478722277063949,0.11543824422626413,0.0,0.33483293079700627,,False,0.19718309859154928,0.08595988538681948,0.11478722277063949,0.11543824422626413,0.0,0.3378213005365164,,False,False,False,0.0,0.0,0.0,0.0,0.0,-0.0029883697395101105,
retraining_reselection,label_at_dependency,1729,rule_compact_to_qwen,full_information,anchor,False,0.8028169014084507,0.03724928366762178,0.05857079629240329,0.05890459855125166,1.0,0.7465911425699613,,False,0.8169014084507042,0.04011461318051576,0.06200219374162649,0.06235543281596552,1.0,0.41882428615841505,,False,False,False,-0.014084507042253502,-0.002865329512893984,-0.003431397449223203,-0.003450834264713862,0.0,0.32776685641154624,
retraining_reselection,label_at_dependency,1729,rule_compact_to_qwen,selective_deployable,0.10,False,0.23943661971830985,0.03151862464183381,0.05163164376229004,0.05192610743152733,0.11190476190476191,0.2875919143422579,0.18267649601660813,False,0.2535211267605634,0.03151862464183381,0.05163164376229004,0.05192610743152733,0.11190476190476191,0.2897301773719691,0.17722918762280637,False,False,False,-0.01408450704225353,0.0,0.0,0.0,0.0,-0.002138263029711207,0.005447308393801753
retraining_reselection,label_at_dependency,1729,rule_compact_to_qwen,selective_deployable,0.25,True,0.4788732394366197,0.02005730659025788,0.037342299667343266,0.03755561071467799,0.26904761904761904,0.18463464003737257,0.31269715089485317,True,0.4788732394366197,0.02005730659025788,0.037342299667343266,0.03755561071467799,0.2642857142857143,0.18523453031584072,0.3043565002527568,False,False,False,0.0,0.0,0.0,0.0,0.004761904761904745,-0.000599890278468157,0.008340650642096381
retraining_reselection,label_at_dependency,1729,rule_compact_to_qwen,selective_deployable,0.50,True,0.7323943661971831,0.02865329512893983,0.04811762364973175,0.048392148986166235,0.4785714285714286,0.11412925955925862,0.38561720794127907,True,0.7323943661971831,0.02865329512893983,0.04811762364973175,0.048392148986166235,0.4785714285714286,0.11381117248467996,0.38591248867832356,False,False,False,0.0,0.0,0.0,0.0,0.0,0.00031808707457865737,-0.00029528073704448987
retraining_reselection,label_at_dependency,2718,rule_to_compact,cheap_only,anchor,False,0.14084507042253522,0.03151862464183381,0.05163164376229004,0.05192610743152733,0.0,0.395783504071438,,False,0.19718309859154928,0.04871060171919771,0.0721711346734761,0.0725819148103667,0.0,0.3795058082238711,,False,False,False,-0.056338028169014065,-0.017191977077363897,-0.020539490911186065,-0.020655807378839375,0.0,0.016277695847566886,
retraining_reselection,label_at_dependency,2718,rule_to_compact,full_information,anchor,False,0.14084507042253522,0.034383954154727794,0.05511488840986523,0.0554291043677078,1.0,0.3913901720267745,,False,0.19718309859154928,0.045845272206303724,0.0688005183497085,0.06919223556730196,1.0,0.3859650828757817,,False,False,False,-0.056338028169014065,-0.01146131805157593,-0.01368562993984327,-0.013763131199594159,0.0,0.005425089150992823,
retraining_reselection,label_at_dependency,2718,rule_to_compact,selective_deployable,0.10,False,0.14084507042253522,0.03151862464183381,0.05163164376229004,0.05192610743152733,0.10952380952380952,0.3913901720267745,0.1865052714265436,False,0.2112676056338028,0.04871060171919771,0.0721711346734761,0.0725819148103667,0.10952380952380952,0.37495706946190765,0.17474808242723716,False,False,False,-0.0704225352112676,-0.017191977077363897,-0.020539490911186065,-0.020655807378839375,0.0,0.016433102564866853,0.011757188999306445
retraining_reselection,label_at_dependency,2718,rule_to_compact,selective_deployable,0.25,False,0.14084507042253522,0.03151862464183381,0.05163164376229004,0.05192610743152733,0.29285714285714287,0.3913901720267745,0.3260031660646523,False,0.19718309859154928,0.04297994269340974,0.06541143768987555,0.06578397786941731,0.29285714285714287,0.3859650828757817,0.32475866585014157,False,False,False,-0.056338028169014065,-0.01146131805157593,-0.013779793927585507,-0.013857870437889983,0.0,0.005425089150992823,0.0012445002145107242
retraining_reselection,label_at_dependency,2718,rule_to_compact,selective_deployable,0.50,False,0.14084507042253522,0.034383954154727794,0.05511488840986523,0.0554291043677078,1.0,0.3913901720267745,0.3859746533788283,False,0.19718309859154928,0.045845272206303724,0.0688005183497085,0.06919223556730196,1.0,0.3859650828757817,0.3880106195243014,False,False,False,-0.056338028169014065,-0.01146131805157593,-0.01368562993984327,-0.013763131199594159,0.0,0.005425089150992823,-0.002035966145473078
retraining_reselection,label_at_dependency,2718,compact_to_qwen,cheap_only,anchor,False,0.028169014084507043,0.034383954154727794,0.05511488840986523,0.0554291043677078,0.0,0.16896145753062286,,False,0.028169014084507043,0.034383954154727794,0.05511488840986523,0.0554291043677078,0.0,0.17054963090230207,,False,False,False,0.0,0.0,0.0,0.0,0.0,-0.0015881733716792135,
retraining_reselection,label_at_dependency,2718,compact_to_qwen,full_information,anchor,False,0.8309859154929577,0.04871060171919771,0.0721711346734761,0.0725819148103667,1.0,0.2703095061014548,,False,0.8450704225352113,0.05157593123209169,0.07552475092839267,0.07595448844757033,1.0,0.27568485890291916,,False,False,False,-0.014084507042253502,-0.002865329512893984,-0.003353616254916564,-0.003372573637203627,0.0,-0.005375352801464339,
retraining_reselection,label_at_dependency,2718,compact_to_qwen,selective_deployable,0.10,False,0.22535211267605634,0.08882521489971347,0.1179965939509764,0.11866565196619495,0.07142857142857142,0.16273959560723059,0.33622634849116023,False,0.22535211267605634,0.08882521489971347,0.1179965939509764,0.11866565196619495,0.07142857142857142,0.16434445310440285,0.33462406862394095,False,False,False,0.0,0.0,0.0,0.0,0.0,-0.001604857497172263,0.0016022798672192806
retraining_reselection,label_at_dependency,2718,compact_to_qwen,selective_deployable,0.25,False,0.352112676056338,0.03724928366762178,0.05857079629240329,0.05890459855125166,0.2619047619047619,0.16222265857858387,0.337767407695701,False,0.352112676056338,0.03724928366762178,0.05857079629240329,0.05890459855125166,0.2619047619047619,0.16382877499133006,0.33616131528780147,False,False,False,0.0,0.0,0.0,0.0,0.0,-0.001606116412746189,0.0016060924078995509
retraining_reselection,label_at_dependency,2718,compact_to_qwen,selective_deployable,0.50,False,0.647887323943662,0.04871060171919771,0.0721711346734761,0.0725819148103667,0.5404761904761904,0.27011012921784394,0.3381187137081433,False,0.647887323943662,0.04871060171919771,0.0721711346734761,0.0725819148103667,0.5404761904761904,0.2756259466132233,0.3365116957227831,False,False,False,0.0,0.0,0.0,0.0,0.0,-0.005515817395379374,0.0016070179853601707
retraining_reselection,label_at_dependency,2718,rule_compact_to_qwen,cheap_only,anchor,False,0.14084507042253522,0.034383954154727794,0.05511488840986523,0.0554291043677078,0.0,0.3913901720267745,,False,0.19718309859154928,0.045845272206303724,0.0688005183497085,0.06919223556730196,0.0,0.3859650828757817,,False,False,False,-0.056338028169014065,-0.01146131805157593,-0.01368562993984327,-0.013763131199594159,0.0,0.005425089150992823,
retraining_reselection,label_at_dependency,2718,rule_compact_to_qwen,full_information,anchor,False,0.8028169014084507,0.05157593123209169,0.07552475092839267,0.07595448844757033,1.0,0.26716694487902926,,False,0.8028169014084507,0.05157593123209169,0.07552475092839267,0.07595448844757033,1.0,0.2721117503089333,,False,False,False,0.0,0.0,0.0,0.0,0.0,-0.004944805429904053,
retraining_reselection,label_at_dependency,2718,rule_compact_to_qwen,selective_deployable,0.10,False,0.29577464788732394,0.03724928366762178,0.05857079629240329,0.05890459855125166,0.11428571428571428,0.26014411367582907,0.1862335456460555,False,0.3380281690140845,0.04297994269340974,0.06541143768987555,0.06578397786941731,0.11428571428571428,0.258951808930279,0.1742654091151451,False,False,False,-0.04225352112676056,-0.005730659025787961,-0.006840641397472258,-0.0068793793181656515,0.0,0.0011923047455500435,0.01196813653091039
retraining_reselection,label_at_dependency,2718,rule_compact_to_qwen,selective_deployable,0.25,False,0.43661971830985913,0.03151862464183381,0.05163164376229004,0.05192610743152733,0.28809523809523807,0.17490647455493624,0.3219452980510925,False,0.43661971830985913,0.03151862464183381,0.05163164376229004,0.05192610743152733,0.28809523809523807,0.1764600816605049,0.3206944522825993,False,False,False,0.0,0.0,0.0,0.0,0.0,-0.0015536071055686496,0.001250845768493214
retraining_reselection,label_at_dependency,2718,rule_compact_to_qwen,selective_deployable,0.50,False,0.647887323943662,0.04011461318051576,0.06200219374162649,0.06235543281596552,0.5452380952380952,0.26716694487902926,0.3898936811246505,False,0.6901408450704225,0.06017191977077364,0.08549556272192184,0.08598160936447057,0.5476190476190477,0.10797765896688147,0.3919419363625238,False,False,False,-0.04225352112676051,-0.020057306590257874,-0.023493368980295345,-0.023626176548505046,-0.0023809523809524835,0.1591892859121478,-0.0020482552378732755
retraining_reselection,label_at_dependency,3141,rule_to_compact,cheap_only,anchor,False,0.14084507042253522,0.03151862464183381,0.05163164376229004,0.05192610743152733,0.0,0.35103550822789,,False,0.18309859154929578,0.034383954154727794,0.05511488840986523,0.0554291043677078,0.0,0.352681281689746,,False,False,False,-0.04225352112676056,-0.002865329512893984,-0.0034832446475751913,-0.0035029969361804747,0.0,-0.001645773461856015,
retraining_reselection,label_at_dependency,3141,rule_to_compact,full_information,anchor,True,0.16901408450704225,0.022922636103151862,0.04097911629748258,0.041213101177030344,1.0,0.36023736394021455,,False,0.19718309859154928,0.034383954154727794,0.05511488840986523,0.0554291043677078,1.0,0.35261694302231894,,True,True,False,-0.028169014084507032,-0.011461318051575933,-0.01413577211238265,-0.014216003190677458,0.0,0.0076204209178956095,
retraining_reselection,label_at_dependency,3141,rule_to_compact,selective_deployable,0.10,False,0.16901408450704225,0.03151862464183381,0.05163164376229004,0.05192610743152733,0.09047619047619047,0.3471917429644126,0.2050332471365246,False,0.18309859154929578,0.034383954154727794,0.05511488840986523,0.0554291043677078,0.09047619047619047,0.35261694302231894,0.19761329330361338,False,False,False,-0.01408450704225353,-0.002865329512893984,-0.0034832446475751913,-0.0035029969361804747,0.0,-0.005425200057906365,0.007419953832911219
retraining_reselection,label_at_dependency,3141,rule_to_compact,selective_deployable,0.25,True,0.16901408450704225,0.022922636103151862,0.04097911629748258,0.041213101177030344,0.3142857142857143,0.36023736394021455,0.33798241910408566,False,0.19718309859154928,0.034383954154727794,0.05511488840986523,0.0554291043677078,0.3142857142857143,0.35261694302231894,0.33707179434886725,True,True,False,-0.028169014084507032,-0.011461318051575933,-0.01413577211238265,-0.014216003190677458,0.0,0.0076204209178956095,0.0009106247552184144
retraining_reselection,label_at_dependency,3141,rule_to_compact,selective_deployable,0.50,True,0.16901408450704225,0.022922636103151862,0.04097911629748258,0.041213101177030344,1.0,0.36023736394021455,0.385476478179702,False,0.19718309859154928,0.034383954154727794,0.05511488840986523,0.0554291043677078,1.0,0.35261694302231894,0.3863127680665617,True,True,False,-0.028169014084507032,-0.011461318051575933,-0.01413577211238265,-0.014216003190677458,0.0,0.0076204209178956095,-0.0008362898868596869
retraining_reselection,label_at_dependency,3141,compact_to_qwen,cheap_only,anchor,False,0.09859154929577464,0.04871060171919771,0.0721711346734761,0.0725819148103667,0.0,0.16650558233783985,,False,0.09859154929577464,0.04871060171919771,0.0721711346734761,0.0725819148103667,0.0,0.16809724780990762,,False,False,False,0.0,0.0,0.0,0.0,0.0,-0.0015916654720677659,
retraining_reselection,label_at_dependency,3141,compact_to_qwen,full_information,anchor,False,0.8169014084507042,0.04297994269340974,0.06541143768987555,0.06578397786941731,1.0,0.29435865368785513,,False,0.8169014084507042,0.06017191977077364,0.08549556272192184,0.08598160936447057,1.0,0.2833420745401061,,False,False,False,0.0,-0.017191977077363897,-0.02008412503204629,-0.020197631495053256,0.0,0.011016579147749006,
retraining_reselection,label_at_dependency,3141,compact_to_qwen,selective_deployable,0.10,False,0.22535211267605634,0.05730659025787966,0.08218591616153102,0.08265328077456838,0.09285714285714286,0.16420620628674343,0.33524150412979414,False,0.22535211267605634,0.05730659025787966,0.08218591616153102,0.08265328077456838,0.09285714285714286,0.16581372008162673,0.3336377522061771,False,False,False,0.0,0.0,0.0,0.0,0.0,-0.001607513794883303,0.0016037519236170583
retraining_reselection,label_at_dependency,3141,compact_to_qwen,selective_deployable,0.25,False,0.39436619718309857,0.07449856733524356,0.10186684887996843,0.10244518112436252,0.3142857142857143,0.1636409823122267,0.33632245354199103,False,0.39436619718309857,0.07449856733524356,0.10186684887996843,0.10244518112436252,0.3142857142857143,0.16525231655072384,0.33471136554032194,False,False,False,0.0,0.0,0.0,0.0,0.0,-0.0016113342384971308,0.001611088001669092
retraining_reselection,label_at_dependency,3141,compact_to_qwen,selective_deployable,0.50,False,0.676056338028169,0.06017191977077364,0.08549556272192184,0.08598160936447057,0.5619047619047619,0.27778872943438493,0.3365653320877636,False,0.676056338028169,0.06017191977077364,0.08549556272192184,0.08598160936447057,0.5619047619047619,0.28314937513330835,0.3349526108044151,False,False,False,0.0,0.0,0.0,0.0,0.0,-0.005360645698923416,0.0016127212833485505
retraining_reselection,label_at_dependency,3141,rule_compact_to_qwen,cheap_only,anchor,True,0.16901408450704225,0.022922636103151862,0.04097911629748258,0.041213101177030344,0.0,0.36023736394021455,,False,0.19718309859154928,0.034383954154727794,0.05511488840986523,0.0554291043677078,0.0,0.35261694302231894,,True,True,False,-0.028169014084507032,-0.011461318051575933,-0.01413577211238265,-0.014216003190677458,0.0,0.0076204209178956095,
retraining_reselection,label_at_dependency,3141,rule_compact_to_qwen,full_information,anchor,False,0.8450704225352113,0.06017191977077364,0.08549556272192184,0.08598160936447057,1.0,0.2737144507331976,,False,0.8450704225352113,0.06017191977077364,0.08549556272192184,0.08598160936447057,1.0,0.27701973736419094,,False,False,False,0.0,0.0,0.0,0.0,0.0,-0.0033052866309933315,
retraining_reselection,label_at_dependency,3141,rule_compact_to_qwen,selective_deployable,0.10,False,0.352112676056338,0.07163323782234957,0.09861396086651453,0.09917397283798585,0.09523809523809523,0.231478615971452,0.2075520350543857,False,0.352112676056338,0.07449856733524356,0.10186684887996843,0.10244518112436252,0.09285714285714286,0.23572296266471832,0.2001596037063782,False,False,False,0.0,-0.002865329512893991,-0.0032528880134539,-0.00327120828637667,0.0023809523809523725,-0.004244346693266315,0.007392431348007489
retraining_reselection,label_at_dependency,3141,rule_compact_to_qwen,selective_deployable,0.25,False,0.49295774647887325,0.04297994269340974,0.06541143768987555,0.06578397786941731,0.30714285714285716,0.15893017109206029,0.3300879149576994,False,0.5070422535211268,0.054441260744985676,0.07886263986355725,0.07931123669358123,0.30714285714285716,0.15334239158163188,0.32872488039302017,False,False,False,-0.014084507042253502,-0.011461318051575936,-0.013451202173681703,-0.013527258824163918,0.0,0.005587779510428409,0.001363034564679233
retraining_reselection,label_at_dependency,3141,rule_compact_to_qwen,selective_deployable,0.50,False,0.6056338028169014,0.04297994269340974,0.06541143768987555,0.06578397786941731,0.49523809523809526,0.2737144507331976,0.38771383151901934,False,0.6619718309859155,0.06303724928366762,0.08879245157053443,0.08929709961567887,0.49523809523809526,0.11132035292764508,0.38853595567306104,False,False,False,-0.05633802816901412,-0.02005730659025788,-0.023381013880658885,-0.023513121746261564,0.0,0.16239409780555253,-0.0008221241540417035
retraining_reselection,label_at_dependency,5772,rule_to_compact,cheap_only,anchor,False,0.11267605633802817,0.04871060171919771,0.0721711346734761,0.0725819148103667,0.0,0.3610298220551419,,False,0.19718309859154928,0.07163323782234957,0.09861396086651453,0.09917397283798585,0.0,0.318091825412164,,False,False,False,-0.08450704225352111,-0.02292263610315186,-0.02644282619303842,-0.026592058027619145,0.0,0.04293799664297787,
retraining_reselection,label_at_dependency,5772,rule_to_compact,full_information,anchor,False,0.1267605633802817,0.04871060171919771,0.0721711346734761,0.0725819148103667,1.0,0.3578795515261743,,False,0.16901408450704225,0.06303724928366762,0.08879245157053443,0.08929709961567887,1.0,0.3431685897955689,,False,False,False,-0.04225352112676056,-0.014326647564469913,-0.016621316897058327,-0.016715184805312172,0.0,0.014710961730605376,
retraining_reselection,label_at_dependency,5772,rule_to_compact,selective_deployable,0.10,False,0.11267605633802817,0.04871060171919771,0.0721711346734761,0.0725819148103667,0.10714285714285714,0.3578795515261743,0.21419306012069877,False,0.15492957746478872,0.06876790830945559,0.09535098763963369,0.09589261444550476,0.10714285714285714,0.3225626536313417,0.2025008426663059,False,False,False,-0.04225352112676055,-0.02005730659025788,-0.023179852966157585,-0.023310699635138057,0.0,0.03531689789483261,0.011692217454392861
retraining_reselection,label_at_dependency,5772,rule_to_compact,selective_deployable,0.25,False,0.1267605633802817,0.04871060171919771,0.0721711346734761,0.0725819148103667,0.24285714285714285,0.3578795515261743,0.3205593398632902,False,0.16901408450704225,0.06303724928366762,0.08879245157053443,0.08929709961567887,0.24285714285714285,0.3431685897955689,0.3202884140762562,False,False,False,-0.04225352112676056,-0.014326647564469913,-0.016621316897058327,-0.016715184805312172,0.0,0.014710961730605376,0.0002709257870340265
retraining_reselection,label_at_dependency,5772,rule_to_compact,selective_deployable,0.50,False,0.1267605633802817,0.04871060171919771,0.0721711346734761,0.0725819148103667,1.0,0.3578795515261743,0.3867000330527049,False,0.16901408450704225,0.06303724928366762,0.08879245157053443,0.08929709961567887,1.0,0.3431685897955689,0.3913225370978913,False,False,False,-0.04225352112676056,-0.014326647564469913,-0.016621316897058327,-0.016715184805312172,0.0,0.014710961730605376,-0.004622504045186382
retraining_reselection,label_at_dependency,5772,compact_to_qwen,cheap_only,anchor,False,0.15492957746478872,0.04297994269340974,0.06541143768987555,0.06578397786941731,0.0,0.1670290453635963,,False,0.15492957746478872,0.04297994269340974,0.06541143768987555,0.06578397786941731,0.0,0.1674285062672326,,False,False,False,0.0,0.0,0.0,0.0,0.0,-0.00039946090363629505,
retraining_reselection,label_at_dependency,5772,compact_to_qwen,full_information,anchor,False,0.8873239436619719,0.03151862464183381,0.05163164376229004,0.05192610743152733,1.0,0.7963924614567555,,False,0.9014084507042254,0.04297994269340974,0.06541143768987555,0.06578397786941731,1.0,0.2751495073304891,,False,False,False,-0.014084507042253502,-0.01146131805157593,-0.013779793927585507,-0.013857870437889983,0.0,0.5212429541262664,
retraining_reselection,label_at_dependency,5772,compact_to_qwen,selective_deployable,0.10,False,0.22535211267605634,0.03724928366762178,0.05857079629240329,0.05890459855125166,0.08571428571428572,0.1660316824408977,0.3336885277344855,False,0.22535211267605634,0.03724928366762178,0.05857079629240329,0.05890459855125166,0.08571428571428572,0.16643551781702914,0.33328591592335055,False,False,False,0.0,0.0,0.0,0.0,0.0,-0.0004038353761314506,0.00040261181113493416
retraining_reselection,label_at_dependency,5772,compact_to_qwen,selective_deployable,0.25,True,0.4647887323943662,0.02865329512893983,0.04811762364973175,0.048392148986166235,0.2261904761904762,0.1655373529929471,0.3344425925703197,True,0.4647887323943662,0.02865329512893983,0.04811762364973175,0.048392148986166235,0.2261904761904762,0.16594334324914597,0.3340366895634802,False,False,False,0.0,0.0,0.0,0.0,0.0,-0.00040599025619886264,0.0004059030068395142
retraining_reselection,label_at_dependency,5772,compact_to_qwen,selective_deployable,0.50,False,0.7464788732394366,0.03724928366762178,0.05857079629240329,0.05890459855125166,0.5285714285714286,0.2743881581409622,0.33472687212195307,False,0.7464788732394366,0.03724928366762178,0.05857079629240329,0.05890459855125166,0.5285714285714286,0.27514304791189703,0.3343199983097556,False,False,False,0.0,0.0,0.0,0.0,0.0,-0.0007548897709348523,0.0004068738121974502
retraining_reselection,label_at_dependency,5772,rule_compact_to_qwen,cheap_only,anchor,False,0.1267605633802817,0.04871060171919771,0.0721711346734761,0.0725819148103667,0.0,0.3578795515261743,,False,0.16901408450704225,0.06303724928366762,0.08879245157053443,0.08929709961567887,0.0,0.3431685897955689,,False,False,False,-0.04225352112676056,-0.014326647564469913,-0.016621316897058327,-0.016715184805312172,0.0,0.014710961730605376,
retraining_reselection,label_at_dependency,5772,rule_compact_to_qwen,full_information,anchor,False,0.8873239436619719,0.03151862464183381,0.05163164376229004,0.05192610743152733,1.0,0.40884034784876533,,False,0.9014084507042254,0.03724928366762178,0.05857079629240329,0.05890459855125166,1.0,0.22906016273714047,,False,False,False,-0.014084507042253502,-0.005730659025787968,-0.006939152530113249,-0.006978491119724331,0.0,0.17978018511162486,
retraining_reselection,label_at_dependency,5772,rule_compact_to_qwen,selective_deployable,0.10,False,0.28169014084507044,0.034383954154727794,0.05511488840986523,0.0554291043677078,0.11190476190476191,0.2481505162010279,0.21258180158373075,False,0.2676056338028169,0.034383954154727794,0.05511488840986523,0.0554291043677078,0.11190476190476191,0.2557414015506896,0.20044028371862216,False,False,False,0.014084507042253558,0.0,0.0,0.0,0.0,-0.00759088534966168,0.012141517865108586
retraining_reselection,label_at_dependency,5772,rule_compact_to_qwen,selective_deployable,0.25,True,0.4647887323943662,0.017191977077363897,0.03364884405080613,0.03384114484604091,0.24761904761904763,0.30841597737062193,0.32016274068283146,True,0.4507042253521127,0.014326647564469915,0.029885886041099187,0.03005676556796143,0.24285714285714285,0.3199479720198775,0.31787349470774473,False,False,False,0.014084507042253502,0.0028653295128939823,0.0037629580097069404,0.003784379278079477,0.004761904761904773,-0.011531994649255584,0.002289245975086729
retraining_reselection,label_at_dependency,5772,rule_compact_to_qwen,selective_deployable,0.50,False,0.704225352112676,0.034383954154727794,0.05511488840986523,0.0554291043677078,0.5285714285714286,0.24002421092465095,0.38841015911775256,False,0.704225352112676,0.034383954154727794,0.05511488840986523,0.0554291043677078,0.5285714285714286,0.22906016273714047,0.39301788538486515,False,False,False,0.0,0.0,0.0,0.0,0.0,0.010964048187510483,-0.0046077262671125885
retraining_reselection,label_at_dependency,8111,rule_to_compact,cheap_only,anchor,False,0.19718309859154928,0.05157593123209169,0.07552475092839267,0.07595448844757033,0.0,0.32526219546381513,,False,0.19718309859154928,0.05157593123209169,0.07552475092839267,0.07595448844757033,0.0,0.33924470001597506,,False,False,False,0.0,0.0,0.0,0.0,0.0,-0.013982504552159936,
retraining_reselection,label_at_dependency,8111,rule_to_compact,full_information,anchor,False,0.19718309859154928,0.05730659025787966,0.08218591616153102,0.08265328077456838,1.0,0.32108866648121603,,False,0.19718309859154928,0.05730659025787966,0.08218591616153102,0.08265328077456838,1.0,0.33284660228749724,,False,False,False,0.0,0.0,0.0,0.0,0.0,-0.011757935806281206,
retraining_reselection,label_at_dependency,8111,rule_to_compact,selective_deployable,0.10,False,0.19718309859154928,0.05157593123209169,0.07552475092839267,0.07595448844757033,0.08333333333333333,0.32108866648121603,0.2055592994402562,False,0.19718309859154928,0.05157593123209169,0.07552475092839267,0.07595448844757033,0.08333333333333333,0.33284660228749724,0.18817507029677227,False,False,False,0.0,0.0,0.0,0.0,0.0,-0.011757935806281206,0.01738422914348392
retraining_reselection,label_at_dependency,8111,rule_to_compact,selective_deployable,0.25,False,0.19718309859154928,0.05157593123209169,0.07552475092839267,0.07595448844757033,0.21428571428571427,0.32108866648121603,0.32466940774325553,False,0.19718309859154928,0.05157593123209169,0.07552475092839267,0.07595448844757033,0.20476190476190476,0.33284660228749724,0.3158765877876971,False,False,False,0.0,0.0,0.0,0.0,0.009523809523809518,-0.011757935806281206,0.008792819955558417
retraining_reselection,label_at_dependency,8111,rule_to_compact,selective_deployable,0.50,False,0.19718309859154928,0.05730659025787966,0.08218591616153102,0.08265328077456838,1.0,0.32108866648121603,0.3914022924196149,False,0.19718309859154928,0.05730659025787966,0.08218591616153102,0.08265328077456838,1.0,0.33284660228749724,0.39098167707443626,False,False,False,0.0,0.0,0.0,0.0,0.0,-0.011757935806281206,0.000420615345178621
retraining_reselection,label_at_dependency,8111,compact_to_qwen,cheap_only,anchor,False,0.11267605633802817,0.05730659025787966,0.08218591616153102,0.08265328077456838,0.0,0.16069036980698567,,False,0.11267605633802817,0.05730659025787966,0.08218591616153102,0.08265328077456838,0.0,0.1657036155583334,,False,False,False,0.0,0.0,0.0,0.0,0.0,-0.0050132457513477335,
retraining_reselection,label_at_dependency,8111,compact_to_qwen,full_information,anchor,False,0.8873239436619719,0.0659025787965616,0.0920773606800653,0.09260053407755514,1.0,0.25018831366151856,,False,0.8873239436619719,0.0659025787965616,0.0920773606800653,0.09260053407755514,1.0,0.2653214448768806,,False,False,False,0.0,0.0,0.0,0.0,0.0,-0.015133131215362028,
retraining_reselection,label_at_dependency,8111,compact_to_qwen,selective_deployable,0.10,False,0.16901408450704225,0.054441260744985676,0.07886263986355725,0.07931123669358123,0.10476190476190476,0.15929066801903818,0.3402406522596839,False,0.16901408450704225,0.054441260744985676,0.07886263986355725,0.07931123669358123,0.10476190476190476,0.16430742317934705,0.3352250266206068,False,False,False,0.0,0.0,0.0,0.0,0.0,-0.005016755160308861,0.005015625639077093
retraining_reselection,label_at_dependency,8111,compact_to_qwen,selective_deployable,0.25,False,0.38028169014084506,0.06876790830945559,0.09535098763963369,0.09589261444550476,0.24523809523809523,0.15862904116412102,0.3412854526486119,False,0.38028169014084506,0.06876790830945559,0.09535098763963369,0.09589261444550476,0.24523809523809523,0.16364731233855384,0.3362673722131938,False,False,False,0.0,0.0,0.0,0.0,0.0,-0.00501827117443282,0.005018080435418071
retraining_reselection,label_at_dependency,8111,compact_to_qwen,selective_deployable,0.50,False,0.7323943661971831,0.05730659025787966,0.08218591616153102,0.08265328077456838,0.5357142857142857,0.15831055846855796,0.3416865137704112,False,0.7323943661971831,0.05730659025787966,0.08218591616153102,0.08265328077456838,0.5357142857142857,0.16332952650863816,0.3366675520389344,False,False,False,0.0,0.0,0.0,0.0,0.0,-0.005018968040080202,0.005018961731476812
retraining_reselection,label_at_dependency,8111,rule_compact_to_qwen,cheap_only,anchor,False,0.19718309859154928,0.05730659025787966,0.08218591616153102,0.08265328077456838,0.0,0.32108866648121603,,False,0.19718309859154928,0.05730659025787966,0.08218591616153102,0.08265328077456838,0.0,0.33284660228749724,,False,False,False,0.0,0.0,0.0,0.0,0.0,-0.011757935806281206,
retraining_reselection,label_at_dependency,8111,rule_compact_to_qwen,full_information,anchor,False,0.8873239436619719,0.0659025787965616,0.0920773606800653,0.09260053407755514,1.0,0.20311597947295534,,False,0.8873239436619719,0.0659025787965616,0.0920773606800653,0.09260053407755514,1.0,0.20561258821639147,,False,False,False,0.0,0.0,0.0,0.0,0.0,-0.0024966087434361295,
retraining_reselection,label_at_dependency,8111,rule_compact_to_qwen,selective_deployable,0.10,False,0.28169014084507044,0.04011461318051576,0.06200219374162649,0.06235543281596552,0.0880952380952381,0.23635493206832303,0.2077802229004268,False,0.29577464788732394,0.04297994269340974,0.06541143768987555,0.06578397786941731,0.08571428571428572,0.24815901219652792,0.18754361474666276,False,False,False,-0.014084507042253502,-0.002865329512893977,-0.003409243948249055,-0.0034285450534517897,0.0023809523809523864,-0.011804080128204886,0.020236608153764046
retraining_reselection,label_at_dependency,8111,rule_compact_to_qwen,selective_deployable,0.25,False,0.43661971830985913,0.04871060171919771,0.0721711346734761,0.0725819148103667,0.20714285714285716,0.16174479095038716,0.3168446193324691,False,0.43661971830985913,0.04871060171919771,0.0721711346734761,0.0725819148103667,0.20476190476190476,0.16669407552481783,0.30987069771804737,False,False,False,0.0,0.0,0.0,0.0,0.0023809523809524002,-0.004949284574430668,0.00697392161442173
retraining_reselection,label_at_dependency,8111,rule_compact_to_qwen,selective_deployable,0.50,False,0.676056338028169,0.045845272206303724,0.0688005183497085,0.06919223556730196,0.4976190476190476,0.10477137231294913,0.39515064085718005,False,0.6901408450704225,0.08022922636103152,0.10834438899688771,0.10895917901725036,0.4976190476190476,0.1049273454872495,0.3948510597158608,False,False,False,-0.014084507042253502,-0.0343839541547278,-0.03954387064717921,-0.0397669434499484,0.0,-0.0001559731743003695,0.0002995811413192273
retraining_reselection,label_at_singleton,1729,rule_to_compact,cheap_only,anchor,False,0.16901408450704225,0.0659025787965616,0.0920773606800653,0.09260053407755514,0.0,0.38086864850626295,,False,0.16901408450704225,0.0659025787965616,0.0920773606800653,0.09260053407755514,0.0,0.3962900881733855,,False,False,False,0.0,0.0,0.0,0.0,0.0,-0.01542143966712256,
retraining_reselection,label_at_singleton,1729,rule_to_compact,full_information,anchor,False,0.16901408450704225,0.06303724928366762,0.08879245157053443,0.08929709961567887,1.0,0.3807390886530018,,False,0.16901408450704225,0.05730659025787966,0.08218591616153102,0.08265328077456838,1.0,0.3965708565732688,,False,False,False,0.0,0.005730659025787961,0.006606535409003411,0.0066438188411104965,0.0,-0.01583176792026697,
retraining_reselection,label_at_singleton,1729,rule_to_compact,selective_deployable,0.10,False,0.16901408450704225,0.05730659025787966,0.08218591616153102,0.08265328077456838,0.10714285714285714,0.3807390886530018,0.16541521877543158,False,0.16901408450704225,0.05730659025787966,0.08218591616153102,0.08265328077456838,0.10238095238095238,0.3965708565732688,0.14782606725710945,False,False,False,0.0,0.0,0.0,0.0,0.004761904761904759,-0.01583176792026697,0.017589151518322133
retraining_reselection,label_at_singleton,1729,rule_to_compact,selective_deployable,0.25,False,0.16901408450704225,0.05730659025787966,0.08218591616153102,0.08265328077456838,0.25952380952380955,0.3807390886530018,0.30936600111248125,False,0.16901408450704225,0.05730659025787966,0.08218591616153102,0.08265328077456838,0.26666666666666666,0.3965708565732688,0.3096218318656566,False,False,False,0.0,0.0,0.0,0.0,-0.0071428571428571175,-0.01583176792026697,-0.00025583075317536785
retraining_reselection,label_at_singleton,1729,rule_to_compact,selective_deployable,0.50,False,0.16901408450704225,0.06303724928366762,0.08879245157053443,0.08929709961567887,1.0,0.3807390886530018,0.3853920637657178,False,0.16901408450704225,0.05730659025787966,0.08218591616153102,0.08265328077456838,1.0,0.3965708565732688,0.386229696674139,False,False,False,0.0,0.005730659025787961,0.006606535409003411,0.0066438188411104965,0.0,-0.01583176792026697,-0.0008376329084212042
retraining_reselection,label_at_singleton,1729,compact_to_qwen,cheap_only,anchor,False,0.16901408450704225,0.04297994269340974,0.06541143768987555,0.06578397786941731,0.0,0.17085032862679483,,False,0.18309859154929578,0.04871060171919771,0.0721711346734761,0.0725819148103667,0.0,0.17231421568688907,,False,False,False,-0.01408450704225353,-0.005730659025787968,-0.006759696983600558,-0.006797936940949392,0.0,-0.0014638870600942322,
retraining_reselection,label_at_singleton,1729,compact_to_qwen,full_information,anchor,False,0.8873239436619719,0.04011461318051576,0.06200219374162649,0.06235543281596552,1.0,0.2539249511054386,,False,0.8028169014084507,0.03724928366762178,0.05857079629240329,0.05890459855125166,1.0,0.8089473790309745,,False,False,False,0.08450704225352113,0.002865329512893984,0.003431397449223203,0.003450834264713862,0.0,-0.5550224279255358,
retraining_reselection,label_at_singleton,1729,compact_to_qwen,selective_deployable,0.10,False,0.352112676056338,0.034383954154727794,0.05511488840986523,0.0554291043677078,0.09761904761904762,0.16753633047708372,0.33174186920988713,True,0.352112676056338,0.02865329512893983,0.04811762364973175,0.048392148986166235,0.10476190476190476,0.17111799632444089,0.3285924076136564,True,False,True,0.0,0.005730659025787965,0.00699726476013348,0.007036955381541567,-0.007142857142857145,-0.0035816658473571683,0.0031494615962307515
retraining_reselection,label_at_singleton,1729,compact_to_qwen,selective_deployable,0.25,True,0.4788732394366197,0.02865329512893983,0.04811762364973175,0.048392148986166235,0.25952380952380955,0.25423743805055904,0.3331109633707475,True,0.4647887323943662,0.025787965616045846,0.04456857254031658,0.044822948705678975,0.25,0.2795045337879927,0.3293275633702171,False,False,False,0.014084507042253502,0.002865329512893984,0.003549051109415176,0.00356920028048726,0.009523809523809545,-0.025267095737433687,0.0037834000005304014
retraining_reselection,label_at_singleton,1729,compact_to_qwen,selective_deployable,0.50,False,0.7323943661971831,0.03724928366762178,0.05857079629240329,0.05890459855125166,0.5285714285714286,0.16650940466708217,0.3334809011629186,False,0.6901408450704225,0.03151862464183381,0.05163164376229004,0.05192610743152733,0.5452380952380952,0.2795045337879927,0.3296079314696562,False,False,False,0.04225352112676062,0.005730659025787968,0.006939152530113249,0.006978491119724331,-0.016666666666666607,-0.11299512912091056,0.003872969693262396
retraining_reselection,label_at_singleton,1729,rule_compact_to_qwen,cheap_only,anchor,False,0.16901408450704225,0.06303724928366762,0.08879245157053443,0.08929709961567887,0.0,0.3807390886530018,,False,0.16901408450704225,0.05730659025787966,0.08218591616153102,0.08265328077456838,0.0,0.3965708565732688,,False,False,False,0.0,0.005730659025787961,0.006606535409003411,0.0066438188411104965,0.0,-0.01583176792026697,
retraining_reselection,label_at_singleton,1729,rule_compact_to_qwen,full_information,anchor,False,0.8873239436619719,0.04011461318051576,0.06200219374162649,0.06235543281596552,1.0,0.20868655607665307,,False,0.8169014084507042,0.04011461318051576,0.06200219374162649,0.06235543281596552,1.0,0.33769039662076755,,False,False,False,0.07042253521126762,0.0,0.0,0.0,0.0,-0.12900384054411448,
retraining_reselection,label_at_singleton,1729,rule_compact_to_qwen,selective_deployable,0.10,False,0.2535211267605634,0.04871060171919771,0.0721711346734761,0.0725819148103667,0.10476190476190476,0.2697839911827665,0.15003878562385004,False,0.29577464788732394,0.06017191977077364,0.08549556272192184,0.08598160936447057,0.10238095238095238,0.27145792931453244,0.14151276786606587,False,False,False,-0.04225352112676056,-0.01146131805157593,-0.013324428048445733,-0.013399694554103864,0.0023809523809523864,-0.0016739381317659174,0.008526017757784166
retraining_reselection,label_at_singleton,1729,rule_compact_to_qwen,selective_deployable,0.25,True,0.4647887323943662,0.02005730659025788,0.037342299667343266,0.03755561071467799,0.2523809523809524,0.20131126185169398,0.2952448146426422,True,0.4507042253521127,0.017191977077363897,0.03364884405080613,0.03384114484604091,0.2761904761904762,0.33769039662076755,0.30918590890419967,False,False,False,0.014084507042253502,0.002865329512893984,0.003693455616537139,0.003714465868637079,-0.023809523809523836,-0.13637913476907357,-0.013941094261557485
retraining_reselection,label_at_singleton,1729,rule_compact_to_qwen,selective_deployable,0.50,False,0.7605633802816901,0.04011461318051576,0.06200219374162649,0.06235543281596552,0.4928571428571429,0.11151253544099599,0.3883688200204442,True,0.704225352112676,0.02865329512893983,0.04811762364973175,0.048392148986166235,0.5095238095238095,0.33769039662076755,0.38808507165615874,True,False,True,0.05633802816901412,0.011461318051575933,0.01388457009189474,0.013963283829799285,-0.016666666666666607,-0.22617786117977157,0.00028374836428546324
retraining_reselection,label_at_singleton,2718,rule_to_compact,cheap_only,anchor,False,0.23943661971830985,0.054441260744985676,0.07886263986355725,0.07931123669358123,0.0,0.34534329271338776,,False,0.23943661971830985,0.054441260744985676,0.07886263986355725,0.07931123669358123,0.0,0.3695062513541793,,False,False,False,0.0,0.0,0.0,0.0,0.0,-0.024162958640791543,
retraining_reselection,label_at_singleton,2718,rule_to_compact,full_information,anchor,False,0.2112676056338028,0.05157593123209169,0.07552475092839267,0.07595448844757033,1.0,0.3561108795524838,,False,0.19718309859154928,0.04297994269340974,0.06541143768987555,0.06578397786941731,1.0,0.38911897923736544,,False,False,False,0.01408450704225353,0.008595988538681952,0.010113313238517121,0.01017051057815302,0.0,-0.03300809968488161,
retraining_reselection,label_at_singleton,2718,rule_to_compact,selective_deployable,0.10,False,0.2112676056338028,0.04871060171919771,0.0721711346734761,0.0725819148103667,0.10952380952380952,0.3561108795524838,0.1906343241274468,False,0.19718309859154928,0.04297994269340974,0.06541143768987555,0.06578397786941731,0.11428571428571428,0.38911897923736544,0.1709288075489696,False,False,False,0.01408450704225353,0.005730659025787968,0.006759696983600558,0.006797936940949392,-0.004761904761904759,-0.03300809968488161,0.01970551657847719
retraining_reselection,label_at_singleton,2718,rule_to_compact,selective_deployable,0.25,False,0.2112676056338028,0.04871060171919771,0.0721711346734761,0.0725819148103667,0.2761904761904762,0.3561108795524838,0.3130996809707116,False,0.19718309859154928,0.04297994269340974,0.06541143768987555,0.06578397786941731,0.26666666666666666,0.38911897923736544,0.30516613074338617,False,False,False,0.01408450704225353,0.005730659025787968,0.006759696983600558,0.006797936940949392,0.009523809523809545,-0.03300809968488161,0.007933550227325448
retraining_reselection,label_at_singleton,2718,rule_to_compact,selective_deployable,0.50,False,0.2112676056338028,0.05157593123209169,0.07552475092839267,0.07595448844757033,1.0,0.3561108795524838,0.379492143235712,False,0.19718309859154928,0.04297994269340974,0.06541143768987555,0.06578397786941731,1.0,0.38911897923736544,0.3810336884622893,False,False,False,0.01408450704225353,0.008595988538681952,0.010113313238517121,0.01017051057815302,0.0,-0.03300809968488161,-0.00154154522657729
retraining_reselection,label_at_singleton,2718,compact_to_qwen,cheap_only,anchor,True,0.028169014084507043,0.022922636103151862,0.04097911629748258,0.041213101177030344,0.0,0.18693170816455326,,False,0.028169014084507043,0.04297994269340974,0.06541143768987555,0.06578397786941731,0.0,0.17257664187293162,,True,True,False,0.0,-0.020057306590257878,-0.024432321392392965,-0.024570876692386966,0.0,0.014355066291621643,
retraining_reselection,label_at_singleton,2718,compact_to_qwen,full_information,anchor,False,0.8873239436619719,0.06303724928366762,0.08879245157053443,0.08929709961567887,1.0,0.2657368962464209,,False,0.8873239436619719,0.06303724928366762,0.08879245157053443,0.08929709961567887,1.0,0.28732152722018456,,False,False,False,0.0,0.0,0.0,0.0,0.0,-0.021584630973763674,
retraining_reselection,label_at_singleton,2718,compact_to_qwen,selective_deployable,0.10,False,0.1267605633802817,0.0659025787965616,0.0920773606800653,0.09260053407755514,0.06428571428571428,0.16703442057292378,0.33217812432532334,False,0.11267605633802817,0.06303724928366762,0.08879245157053443,0.08929709961567887,0.06428571428571428,0.17081450840704718,0.3285912506238693,False,False,False,0.014084507042253516,0.002865329512893977,0.003284909109530873,0.0033034344618762673,0.0,-0.0037800878341233968,0.003586873701454052
retraining_reselection,label_at_singleton,2718,compact_to_qwen,selective_deployable,0.25,False,0.30985915492957744,0.04297994269340974,0.06541143768987555,0.06578397786941731,0.22380952380952382,0.16631400572811303,0.3336283435391404,False,0.30985915492957744,0.04297994269340974,0.06541143768987555,0.06578397786941731,0.22380952380952382,0.17021184164013634,0.3297407380023889,False,False,False,0.0,0.0,0.0,0.0,0.0,-0.0038978359120233064,0.003887605536751493
retraining_reselection,label_at_singleton,2718,compact_to_qwen,selective_deployable,0.50,False,0.5352112676056338,0.04011461318051576,0.06200219374162649,0.06235543281596552,0.4523809523809524,0.26603959657979903,0.3340114596239996,False,0.5633802816901409,0.04011461318051576,0.06200219374162649,0.06235543281596552,0.4857142857142857,0.28742943505505353,0.33006531031031405,False,False,False,-0.028169014084507116,0.0,0.0,0.0,-0.033333333333333326,-0.021389838475254497,0.003946149313685532
retraining_reselection,label_at_singleton,2718,rule_compact_to_qwen,cheap_only,anchor,False,0.2112676056338028,0.05157593123209169,0.07552475092839267,0.07595448844757033,0.0,0.3561108795524838,,False,0.19718309859154928,0.04297994269340974,0.06541143768987555,0.06578397786941731,0.0,0.38911897923736544,,False,False,False,0.01408450704225353,0.008595988538681952,0.010113313238517121,0.01017051057815302,0.0,-0.03300809968488161,
retraining_reselection,label_at_singleton,2718,rule_compact_to_qwen,full_information,anchor,False,0.8873239436619719,0.06303724928366762,0.08879245157053443,0.08929709961567887,1.0,0.22197844737124103,,False,0.8873239436619719,0.06303724928366762,0.08879245157053443,0.08929709961567887,1.0,0.22624440888259134,,False,False,False,0.0,0.0,0.0,0.0,0.0,-0.004265961511350308,
retraining_reselection,label_at_singleton,2718,rule_compact_to_qwen,selective_deployable,0.10,False,0.2676056338028169,0.03151862464183381,0.05163164376229004,0.05192610743152733,0.11428571428571428,0.27366440281658505,0.18759295780600882,False,0.2535211267605634,0.03724928366762178,0.05857079629240329,0.05890459855125166,0.10952380952380952,0.28956369191481435,0.1683750909278129,False,False,False,0.014084507042253502,-0.005730659025787968,-0.006939152530113249,-0.006978491119724331,0.004761904761904759,-0.015899289098229297,0.019217866878195933
retraining_reselection,label_at_singleton,2718,rule_compact_to_qwen,selective_deployable,0.25,False,0.43661971830985913,0.03151862464183381,0.05163164376229004,0.05192610743152733,0.26666666666666666,0.18586084034784642,0.3019189763737858,True,0.43661971830985913,0.022922636103151862,0.04097911629748258,0.041213101177030344,0.26904761904761904,0.19329737264682714,0.30199516041888225,True,False,True,0.0,0.008595988538681949,0.010652527464807458,0.010713006254496983,-0.0023809523809523725,-0.007436532298980725,-7.618404509646126e-05
retraining_reselection,label_at_singleton,2718,rule_compact_to_qwen,selective_deployable,0.50,False,0.6901408450704225,0.04297994269340974,0.06541143768987555,0.06578397786941731,0.5452380952380952,0.11730525344971142,0.3826764694005229,False,0.6901408450704225,0.07163323782234957,0.09861396086651453,0.09917397283798585,0.5452380952380952,0.11581363698601743,0.3840805752194727,False,False,False,0.0,-0.028653295128939826,-0.03320252317663898,-0.03338999496856854,0.0,0.0014916164636939871,-0.0014041058189497857
retraining_reselection,label_at_singleton,3141,rule_to_compact,cheap_only,anchor,False,0.18309859154929578,0.034383954154727794,0.05511488840986523,0.0554291043677078,0.0,0.3772343295698215,,False,0.2112676056338028,0.04871060171919771,0.0721711346734761,0.0725819148103667,0.0,0.31859274401102466,,False,False,False,-0.028169014084507032,-0.014326647564469913,-0.017056246263610873,-0.0171528104426589,0.0,0.05864158555879684,
retraining_reselection,label_at_singleton,3141,rule_to_compact,full_information,anchor,True,0.14084507042253522,0.017191977077363897,0.03364884405080613,0.03384114484604091,1.0,0.40808624177092206,,False,0.22535211267605634,0.04297994269340974,0.06541143768987555,0.06578397786941731,1.0,0.31375757540516397,,True,True,False,-0.08450704225352113,-0.025787965616045842,-0.03176259363906942,-0.0319428330233764,0.0,0.0943286663657581,
retraining_reselection,label_at_singleton,3141,rule_to_compact,selective_deployable,0.10,False,0.18309859154929578,0.034383954154727794,0.05511488840986523,0.0554291043677078,0.09047619047619047,0.3770825291714717,0.17924412686829644,False,0.2112676056338028,0.04297994269340974,0.06541143768987555,0.06578397786941731,0.10476190476190476,0.31375757540516397,0.21149677549834062,False,False,False,-0.028169014084507032,-0.008595988538681945,-0.010296549280010316,-0.010354873501709508,-0.01428571428571429,0.06332495376630776,-0.03225264863004418
retraining_reselection,label_at_singleton,3141,rule_to_compact,selective_deployable,0.25,True,0.14084507042253522,0.017191977077363897,0.03364884405080613,0.03384114484604091,0.2833333333333333,0.40808624177092206,0.31638282363479386,False,0.22535211267605634,0.04297994269340974,0.06541143768987555,0.06578397786941731,0.3142857142857143,0.31375757540516397,0.33026216943454145,True,True,False,-0.08450704225352113,-0.025787965616045842,-0.03176259363906942,-0.0319428330233764,-0.030952380952380953,0.0943286663657581,-0.013879345799747589
retraining_reselection,label_at_singleton,3141,rule_to_compact,selective_deployable,0.50,True,0.14084507042253522,0.017191977077363897,0.03364884405080613,0.03384114484604091,1.0,0.40808624177092206,0.3885600639524294,False,0.22535211267605634,0.04297994269340974,0.06541143768987555,0.06578397786941731,1.0,0.31375757540516397,0.3776612008733605,True,True,False,-0.08450704225352113,-0.025787965616045842,-0.03176259363906942,-0.0319428330233764,0.0,0.0943286663657581,0.010898863079068899
retraining_reselection,label_at_singleton,3141,compact_to_qwen,cheap_only,anchor,False,0.1267605633802817,0.06017191977077364,0.08549556272192184,0.08598160936447057,0.0,0.16977430351488826,,False,0.09859154929577464,0.04871060171919771,0.0721711346734761,0.0725819148103667,0.0,0.17301786246625472,,False,False,False,0.028169014084507046,0.01146131805157593,0.013324428048445733,0.013399694554103864,0.0,-0.0032435589513664653,
retraining_reselection,label_at_singleton,3141,compact_to_qwen,full_information,anchor,False,0.8591549295774648,0.0659025787965616,0.0920773606800653,0.09260053407755514,1.0,0.26312811700977196,,False,0.8873239436619719,0.05730659025787966,0.08218591616153102,0.08265328077456838,1.0,0.2765455639984821,,False,False,False,-0.028169014084507116,0.008595988538681938,0.009891444518534284,0.009947253302986764,0.0,-0.013417446988710169,
retraining_reselection,label_at_singleton,3141,compact_to_qwen,selective_deployable,0.10,False,0.2676056338028169,0.04011461318051576,0.06200219374162649,0.06235543281596552,0.14047619047619048,0.16874144387605094,0.33112623144215303,False,0.2676056338028169,0.0659025787965616,0.0920773606800653,0.09260053407755514,0.14047619047619048,0.17079128220242612,0.32892907487521394,False,False,False,0.0,-0.025787965616045835,-0.030075166938438813,-0.03024510126158962,0.0,-0.002049838326375175,0.0021971565669390847
retraining_reselection,label_at_singleton,3141,compact_to_qwen,selective_deployable,0.25,False,0.39436619718309857,0.05730659025787966,0.08218591616153102,0.08265328077456838,0.30714285714285716,0.1684287176796594,0.33155445874675654,False,0.4084507042253521,0.07449856733524356,0.10186684887996843,0.10244518112436252,0.3142857142857143,0.17041785358026065,0.32953859719077405,False,False,False,-0.014084507042253558,-0.017191977077363897,-0.019680932718437405,-0.01979190034979414,-0.0071428571428571175,-0.0019891359006012632,0.00201586155598249
retraining_reselection,label_at_singleton,3141,compact_to_qwen,selective_deployable,0.50,False,0.6619718309859155,0.06017191977077364,0.08549556272192184,0.08598160936447057,0.5357142857142857,0.16825165494198718,0.3317471822616508,False,0.6901408450704225,0.06303724928366762,0.08879245157053443,0.08929709961567887,0.5738095238095238,0.2671839167763386,0.32980808177597054,False,False,False,-0.028169014084507005,-0.002865329512893984,-0.0032968888486125947,-0.0033154902512083084,-0.03809523809523807,-0.09893226183435144,0.0019391004856802452
retraining_reselection,label_at_singleton,3141,rule_compact_to_qwen,cheap_only,anchor,True,0.14084507042253522,0.017191977077363897,0.03364884405080613,0.03384114484604091,0.0,0.40808624177092206,,False,0.22535211267605634,0.04297994269340974,0.06541143768987555,0.06578397786941731,0.0,0.31375757540516397,,True,True,False,-0.08450704225352113,-0.025787965616045842,-0.03176259363906942,-0.0319428330233764,0.0,0.0943286663657581,
retraining_reselection,label_at_singleton,3141,rule_compact_to_qwen,full_information,anchor,False,0.8732394366197183,0.0659025787965616,0.0920773606800653,0.09260053407755514,1.0,0.23009063339296743,,False,0.8732394366197183,0.07163323782234957,0.09861396086651453,0.09917397283798585,1.0,0.24562522790539168,,False,False,False,0.0,-0.005730659025787968,-0.006536600186449221,-0.006573438760430705,0.0,-0.015534594512424255,
retraining_reselection,label_at_singleton,3141,rule_compact_to_qwen,selective_deployable,0.10,False,0.29577464788732394,0.045845272206303724,0.0688005183497085,0.06919223556730196,0.09047619047619047,0.2603871182652642,0.1797766354318588,False,0.36619718309859156,0.06876790830945559,0.09535098763963369,0.09589261444550476,0.11666666666666667,0.2305590513456494,0.21675984340256177,False,False,False,-0.07042253521126762,-0.022922636103151865,-0.026550469289925188,-0.0267003788782028,-0.026190476190476195,0.02982806691961476,-0.03698320797070298
retraining_reselection,label_at_singleton,3141,rule_compact_to_qwen,selective_deployable,0.25,False,0.4788732394366197,0.04297994269340974,0.06541143768987555,0.06578397786941731,0.28095238095238095,0.1778297543201559,0.31314186831644314,False,0.5352112676056338,0.05730659025787966,0.08218591616153102,0.08265328077456838,0.31666666666666665,0.15787228025854516,0.33113119648735023,False,False,False,-0.056338028169014065,-0.01432664756446992,-0.016774478471655474,-0.016869302905151068,-0.0357142857142857,0.019957474061610747,-0.017989328170907093
retraining_reselection,label_at_singleton,3141,rule_compact_to_qwen,selective_deployable,0.50,False,0.6619718309859155,0.054441260744985676,0.07886263986355725,0.07931123669358123,0.5047619047619047,0.10949162034888071,0.3904395399230173,False,0.6901408450704225,0.07449856733524356,0.10186684887996843,0.10244518112436252,0.5285714285714286,0.1192466289728455,0.3806739002962631,False,False,False,-0.028169014084507005,-0.02005730659025788,-0.023004209016411176,-0.02313394443078129,-0.023809523809523836,-0.009755008623964792,0.009765639626754197
retraining_reselection,label_at_singleton,5772,rule_to_compact,cheap_only,anchor,False,0.1267605633802817,0.054441260744985676,0.07886263986355725,0.07931123669358123,0.0,0.35439939374893314,,False,0.14084507042253522,0.06017191977077364,0.08549556272192184,0.08598160936447057,0.0,0.35007271945777474,,False,False,False,-0.01408450704225353,-0.005730659025787961,-0.006632922858364587,-0.006670372670889338,0.0,0.0043266742911584055,
retraining_reselection,label_at_singleton,5772,rule_to_compact,full_information,anchor,False,0.14084507042253522,0.05730659025787966,0.08218591616153102,0.08265328077456838,1.0,0.3517614559422723,,False,0.15492957746478872,0.06303724928366762,0.08879245157053443,0.08929709961567887,1.0,0.3484584054762616,,False,False,False,-0.014084507042253502,-0.005730659025787961,-0.006606535409003411,-0.0066438188411104965,0.0,0.003303050466010704,
retraining_reselection,label_at_singleton,5772,rule_to_compact,selective_deployable,0.10,False,0.1267605633802817,0.054441260744985676,0.07886263986355725,0.07931123669358123,0.08571428571428572,0.3517614559422723,0.18564018337418298,False,0.14084507042253522,0.06017191977077364,0.08549556272192184,0.08598160936447057,0.09761904761904762,0.3484584054762616,0.18623073199036283,False,False,False,-0.01408450704225353,-0.005730659025787961,-0.006632922858364587,-0.006670372670889338,-0.011904761904761904,0.003303050466010704,-0.0005905486161798534
retraining_reselection,label_at_singleton,5772,rule_to_compact,selective_deployable,0.25,False,0.1267605633802817,0.054441260744985676,0.07886263986355725,0.07931123669358123,0.19285714285714287,0.3517614559422723,0.29440386521662176,False,0.14084507042253522,0.06017191977077364,0.08549556272192184,0.08598160936447057,0.21428571428571427,0.3484584054762616,0.2950253689950206,False,False,False,-0.01408450704225353,-0.005730659025787961,-0.006632922858364587,-0.006670372670889338,-0.021428571428571408,0.003303050466010704,-0.0006215037783988131
retraining_reselection,label_at_singleton,5772,rule_to_compact,selective_deployable,0.50,False,0.14084507042253522,0.05730659025787966,0.08218591616153102,0.08265328077456838,1.0,0.3517614559422723,0.37989730732954147,False,0.15492957746478872,0.06303724928366762,0.08879245157053443,0.08929709961567887,1.0,0.3484584054762616,0.3813789907467579,False,False,False,-0.014084507042253502,-0.005730659025787961,-0.006606535409003411,-0.0066438188411104965,0.0,0.003303050466010704,-0.0014816834172164395
retraining_reselection,label_at_singleton,5772,compact_to_qwen,cheap_only,anchor,False,0.15492957746478872,0.04297994269340974,0.06541143768987555,0.06578397786941731,0.0,0.1695058431522704,,False,0.15492957746478872,0.04297994269340974,0.06541143768987555,0.06578397786941731,0.0,0.17205116851988933,,False,False,False,0.0,0.0,0.0,0.0,0.0,-0.0025453253676189225,
retraining_reselection,label_at_singleton,5772,compact_to_qwen,full_information,anchor,False,0.9154929577464789,0.05157593123209169,0.07552475092839267,0.07595448844757033,1.0,0.2568589673776693,,False,0.9014084507042254,0.045845272206303724,0.0688005183497085,0.06919223556730196,1.0,0.2768937170364876,,False,False,False,0.014084507042253502,0.005730659025787968,0.006724232578684167,0.0067622528802683685,0.0,-0.020034749658818296,
retraining_reselection,label_at_singleton,5772,compact_to_qwen,selective_deployable,0.10,False,0.28169014084507044,0.04871060171919771,0.0721711346734761,0.0725819148103667,0.08095238095238096,0.16855306310760987,0.33098084266595995,False,0.28169014084507044,0.045845272206303724,0.0688005183497085,0.06919223556730196,0.08571428571428572,0.171112469007096,0.3285468519252026,False,False,False,0.0,0.002865329512893984,0.003370616323767603,0.0033896792430647416,-0.004761904761904759,-0.002559405899486139,0.0024339907407573413
retraining_reselection,label_at_singleton,5772,compact_to_qwen,selective_deployable,0.25,False,0.4788732394366197,0.054441260744985676,0.07886263986355725,0.07931123669358123,0.2357142857142857,0.1681345300315764,0.33182269047849633,False,0.4788732394366197,0.05157593123209169,0.07552475092839267,0.07595448844757033,0.23809523809523808,0.17071194868529532,0.3292559853583603,False,False,False,0.0,0.002865329512893984,0.003337888935164582,0.003356748246010899,-0.0023809523809523725,-0.0025774186537189103,0.0025667051201360147
retraining_reselection,label_at_singleton,5772,compact_to_qwen,selective_deployable,0.50,False,0.7323943661971831,0.04297994269340974,0.06541143768987555,0.06578397786941731,0.5142857142857142,0.16792441983806822,0.3320725375275171,False,0.7323943661971831,0.03724928366762178,0.05857079629240329,0.05890459855125166,0.5190476190476191,0.17051086264197385,0.3294881978976254,False,False,False,0.0,0.005730659025787961,0.006840641397472258,0.0068793793181656515,-0.004761904761904856,-0.002586442803905631,0.0025843396298916854
retraining_reselection,label_at_singleton,5772,rule_compact_to_qwen,cheap_only,anchor,False,0.14084507042253522,0.05730659025787966,0.08218591616153102,0.08265328077456838,0.0,0.3517614559422723,,False,0.15492957746478872,0.06303724928366762,0.08879245157053443,0.08929709961567887,0.0,0.3484584054762616,,False,False,False,-0.014084507042253502,-0.005730659025787961,-0.006606535409003411,-0.0066438188411104965,0.0,0.003303050466010704,
retraining_reselection,label_at_singleton,5772,rule_compact_to_qwen,full_information,anchor,False,0.9154929577464789,0.045845272206303724,0.0688005183497085,0.06919223556730196,1.0,0.2311971548288274,,False,0.9154929577464789,0.04871060171919771,0.0721711346734761,0.0725819148103667,1.0,0.22535654780052597,,False,False,False,0.0,-0.002865329512893984,-0.003370616323767603,-0.0033896792430647416,0.0,0.005840607028301442,
retraining_reselection,label_at_singleton,5772,rule_compact_to_qwen,selective_deployable,0.10,False,0.28169014084507044,0.054441260744985676,0.07886263986355725,0.07931123669358123,0.08333333333333333,0.2534924808395301,0.1801102824807696,False,0.28169014084507044,0.045845272206303724,0.0688005183497085,0.06919223556730196,0.09523809523809523,0.2586419513235291,0.18691264964199233,False,False,False,0.0,0.008595988538681952,0.010062121513848749,0.010119001126279267,-0.011904761904761904,-0.005149470483998997,-0.006802367161222733
retraining_reselection,label_at_singleton,5772,rule_compact_to_qwen,selective_deployable,0.25,False,0.4647887323943662,0.045845272206303724,0.0688005183497085,0.06919223556730196,0.2119047619047619,0.18367966472217243,0.29221880160595903,False,0.4647887323943662,0.045845272206303724,0.0688005183497085,0.06919223556730196,0.21666666666666667,0.18469627634126562,0.29223505348506307,False,False,False,0.0,0.0,0.0,0.0,-0.004761904761904773,-0.001016611619093194,-1.6251879104034472e-05
retraining_reselection,label_at_singleton,5772,rule_compact_to_qwen,selective_deployable,0.50,False,0.704225352112676,0.06017191977077364,0.08549556272192184,0.08598160936447057,0.5047619047619047,0.11769171758417638,0.38218632717757267,False,0.7323943661971831,0.03724928366762178,0.05857079629240329,0.05890459855125166,0.5404761904761904,0.22061098902309798,0.38367953406368316,False,False,False,-0.028169014084507116,0.02292263610315186,0.02692476642951855,0.027077010813218907,-0.0357142857142857,-0.1029192714389216,-0.0014932068861104875
retraining_reselection,label_at_singleton,8111,rule_to_compact,cheap_only,anchor,False,0.16901408450704225,0.04297994269340974,0.06541143768987555,0.06578397786941731,0.0,0.36320330140768525,,False,0.16901408450704225,0.04297994269340974,0.06541143768987555,0.06578397786941731,0.0,0.39587903519155887,,False,False,False,0.0,0.0,0.0,0.0,0.0,-0.03267573378387362,
retraining_reselection,label_at_singleton,8111,rule_to_compact,full_information,anchor,False,0.16901408450704225,0.04871060171919771,0.0721711346734761,0.0725819148103667,1.0,0.3581143154721281,,False,0.16901408450704225,0.04871060171919771,0.0721711346734761,0.0725819148103667,1.0,0.3913336496087054,,False,False,False,0.0,0.0,0.0,0.0,0.0,-0.03321933413657735,
retraining_reselection,label_at_singleton,8111,rule_to_compact,selective_deployable,0.10,False,0.16901408450704225,0.04297994269340974,0.06541143768987555,0.06578397786941731,0.08571428571428572,0.3581143154721281,0.19610406916187745,False,0.16901408450704225,0.04297994269340974,0.06541143768987555,0.06578397786941731,0.08333333333333333,0.3913336496087054,0.1600221336767228,False,False,False,0.0,0.0,0.0,0.0,0.0023809523809523864,-0.03321933413657735,0.03608193548515465
retraining_reselection,label_at_singleton,8111,rule_to_compact,selective_deployable,0.25,False,0.16901408450704225,0.04297994269340974,0.06541143768987555,0.06578397786941731,0.20476190476190476,0.3581143154721281,0.31647375039765097,False,0.16901408450704225,0.04297994269340974,0.06541143768987555,0.06578397786941731,0.19285714285714287,0.3913336496087054,0.29259490572471225,False,False,False,0.0,0.0,0.0,0.0,0.01190476190476189,-0.03321933413657735,0.023878844672938715
retraining_reselection,label_at_singleton,8111,rule_to_compact,selective_deployable,0.50,False,0.16901408450704225,0.04871060171919771,0.0721711346734761,0.0725819148103667,1.0,0.3581143154721281,0.38945582601784084,False,0.16901408450704225,0.04871060171919771,0.0721711346734761,0.0725819148103667,1.0,0.3913336496087054,0.3866413033874102,False,False,False,0.0,0.0,0.0,0.0,0.0,-0.03321933413657735,0.002814522630430638
retraining_reselection,label_at_singleton,8111,compact_to_qwen,cheap_only,anchor,True,0.04225352112676056,0.02005730659025788,0.037342299667343266,0.03755561071467799,0.0,0.19054625683150858,,False,0.07042253521126761,0.03724928366762178,0.05857079629240329,0.05890459855125166,0.0,0.17471261045924907,,True,True,False,-0.028169014084507046,-0.017191977077363897,-0.021228496625060024,-0.02134898783657367,0.0,0.015833646372259508,
retraining_reselection,label_at_singleton,8111,compact_to_qwen,full_information,anchor,False,0.8028169014084507,0.06017191977077364,0.08549556272192184,0.08598160936447057,1.0,0.2526647447076465,,False,0.8028169014084507,0.06017191977077364,0.08549556272192184,0.08598160936447057,1.0,0.27197425133753883,,False,False,False,0.0,0.0,0.0,0.0,0.0,-0.019309506629892337,
retraining_reselection,label_at_singleton,8111,compact_to_qwen,selective_deployable,0.10,False,0.18309859154929578,0.09742120343839542,0.12758048140252998,0.12830335582408076,0.05476190476190476,0.16439197830800562,0.3337472214104052,False,0.18309859154929578,0.07736389684813753,0.10511016803183339,0.10570675870055461,0.08333333333333333,0.17029500972623002,0.32860404208874744,False,False,False,0.0,0.02005730659025788,0.02247031337069659,0.022596597123526144,-0.028571428571428567,-0.005903031418224403,0.005143179321657754
retraining_reselection,label_at_singleton,8111,compact_to_qwen,selective_deployable,0.25,False,0.38028169014084506,0.04871060171919771,0.0721711346734761,0.0725819148103667,0.26666666666666666,0.16366309746652885,0.3363157002317006,False,0.39436619718309857,0.05157593123209169,0.07552475092839267,0.07595448844757033,0.2761904761904762,0.16964816776340522,0.33032368954724906,False,False,False,-0.014084507042253502,-0.002865329512893984,-0.003353616254916564,-0.003372573637203627,-0.009523809523809545,-0.005985070296876366,0.005992010684451543
retraining_reselection,label_at_singleton,8111,compact_to_qwen,selective_deployable,0.50,False,0.7323943661971831,0.0659025787965616,0.0920773606800653,0.09260053407755514,0.5285714285714286,0.16327013071709578,0.336717690284278,False,0.6901408450704225,0.054441260744985676,0.07886263986355725,0.07931123669358123,0.55,0.27197425133753883,0.3306754486721854,False,False,False,0.04225352112676062,0.011461318051575922,0.013214720816508055,0.013289297383973914,-0.021428571428571463,-0.10870412062044305,0.006042241612092603
retraining_reselection,label_at_singleton,8111,rule_compact_to_qwen,cheap_only,anchor,False,0.16901408450704225,0.04871060171919771,0.0721711346734761,0.0725819148103667,0.0,0.3581143154721281,,False,0.16901408450704225,0.04871060171919771,0.0721711346734761,0.0725819148103667,0.0,0.3913336496087054,,False,False,False,0.0,0.0,0.0,0.0,0.0,-0.03321933413657735,
retraining_reselection,label_at_singleton,8111,rule_compact_to_qwen,full_information,anchor,False,0.8028169014084507,0.04297994269340974,0.06541143768987555,0.06578397786941731,1.0,0.2555093614787796,,False,0.8028169014084507,0.045845272206303724,0.0688005183497085,0.06919223556730196,1.0,0.2553012649736314,,False,False,False,0.0,-0.002865329512893984,-0.003389080659832955,-0.0034082576978846507,0.0,0.000208096505148192,
retraining_reselection,label_at_singleton,8111,rule_compact_to_qwen,selective_deployable,0.10,False,0.28169014084507044,0.04297994269340974,0.06541143768987555,0.06578397786941731,0.08571428571428572,0.24611570893949156,0.19384851502087652,True,0.23943661971830985,0.025787965616045846,0.04456857254031658,0.044822948705678975,0.08333333333333333,0.2935361164479873,0.15134179439536516,True,False,True,0.04225352112676059,0.017191977077363894,0.02084286514955897,0.020961029163738334,0.0023809523809523864,-0.04742040750849577,0.04250672062551136
retraining_reselection,label_at_singleton,8111,rule_compact_to_qwen,selective_deployable,0.25,False,0.4225352112676056,0.045845272206303724,0.0688005183497085,0.06919223556730196,0.1880952380952381,0.17371148477566148,0.3013799834820745,False,0.38028169014084506,0.03724928366762178,0.05857079629240329,0.05890459855125166,0.1761904761904762,0.20159240100096165,0.2815192236137118,False,False,False,0.04225352112676056,0.008595988538681945,0.010229722057305213,0.010287637016050302,0.01190476190476189,-0.027880916225300173,0.01986075986836272
retraining_reselection,label_at_singleton,8111,rule_compact_to_qwen,selective_deployable,0.50,False,0.6197183098591549,0.03151862464183381,0.05163164376229004,0.05192610743152733,0.47619047619047616,0.2555093614787796,0.3925087608740759,False,0.6197183098591549,0.03151862464183381,0.05163164376229004,0.05192610743152733,0.4666666666666667,0.2553012649736314,0.38923795141711376,False,False,False,0.0,0.0,0.0,0.0,0.00952380952380949,0.000208096505148192,0.0032708094569621204
full_protocol,grouping_at_audited,1729,rule_to_compact,cheap_only,anchor,False,0.1388888888888889,0.0401146131805157,0.0620021937416264,0.0620021937416264,0.0,0.3961376104925911,,False,0.2253521126760563,0.1002865329512893,0.1307613293812365,0.1315020505207594,0.0,0.2752750701503382,,False,False,False,-0.08646322378716739,-0.060171919770773595,-0.06875913563961009,-0.06949985677913298,0.0,0.12086254034225291,
full_protocol,grouping_at_audited,1729,rule_to_compact,full_information,anchor,False,0.1666666666666666,0.0372492836676217,0.0585707962924032,0.0585707962924032,1.0,0.3961240628757912,,False,0.2253521126760563,0.1002865329512893,0.1307613293812365,0.1315020505207594,1.0,0.2816392375277275,,False,False,False,-0.058685446009389686,-0.06303724928366759,-0.0721905330888333,-0.0729312542283562,0.0,0.1144848253480637,
full_protocol,grouping_at_audited,1729,rule_to_compact,selective_deployable,0.10,False,0.1388888888888889,0.0401146131805157,0.0620021937416264,0.0620021937416264,0.0855106888361045,0.3911655258374367,0.1667604618287977,False,0.2253521126760563,0.1002865329512893,0.1307613293812365,0.1315020505207594,0.1142857142857142,0.2752750701503382,0.2188824477939055,False,False,False,-0.08646322378716739,-0.060171919770773595,-0.06875913563961009,-0.06949985677913298,-0.028775025449609692,0.11589045568709849,-0.05212198596510781
full_protocol,grouping_at_audited,1729,rule_to_compact,selective_deployable,0.25,False,0.1666666666666666,0.0429799426934097,0.0654114376898755,0.0654114376898755,0.2327790973871734,0.3911655258374367,0.3071288067759891,False,0.2253521126760563,0.0945558739255014,0.1243929243946513,0.1250979071281523,0.3047619047619048,0.2816392375277275,0.3345110359855733,False,False,False,-0.058685446009389686,-0.0515759312320917,-0.05898148670477579,-0.059686469438276796,-0.0719828073747314,0.10952628830970917,-0.02738222920958422
full_protocol,grouping_at_audited,1729,rule_to_compact,selective_deployable,0.50,False,0.1666666666666666,0.0372492836676217,0.0585707962924032,0.0585707962924032,1.0,0.3961240628757912,0.3888920605944811,False,0.2253521126760563,0.1002865329512893,0.1307613293812365,0.1315020505207594,1.0,0.2816392375277275,0.3788306421336455,False,False,False,-0.058685446009389686,-0.06303724928366759,-0.0721905330888333,-0.0729312542283562,0.0,0.1144848253480637,0.010061418460835636
full_protocol,grouping_at_audited,1729,compact_to_qwen,cheap_only,anchor,False,0.0416666666666666,0.0372492836676217,0.0585707962924032,0.0585707962924032,0.0,0.1752157241568595,,False,0.1830985915492957,0.0487106017191977,0.0721711346734761,0.0725819148103667,0.0,0.1675139493905914,,False,False,False,-0.1414319248826291,-0.011461318051575999,-0.013600338381072906,-0.014011118517963501,0.0,0.007701774766268099,
full_protocol,grouping_at_audited,1729,compact_to_qwen,full_information,anchor,True,0.7083333333333334,0.0257879656160458,0.0445685725403165,0.0445685725403165,1.0,0.8205177391220501,,False,0.8732394366197183,0.0401146131805157,0.0620021937416264,0.0623554328159655,1.0,0.2791831415271825,,True,True,False,-0.1649061032863849,-0.0143266475644699,-0.017433621201309903,-0.017786860275648998,0.0,0.5413345975948676,
full_protocol,grouping_at_audited,1729,compact_to_qwen,selective_deployable,0.10,False,0.2777777777777778,0.0458452722063037,0.0688005183497085,0.0688005183497085,0.1140142517814726,0.1686929572472942,0.3308026872688529,True,0.323943661971831,0.0257879656160458,0.0445685725403165,0.0448229487056789,0.1023809523809523,0.1660626955539586,0.3336663335071627,True,False,True,-0.04616588419405321,0.020057306590257902,0.024231945809392003,0.023977569644029605,0.011633299400520311,0.0026302616933355782,-0.0028636462383097583
full_protocol,grouping_at_audited,1729,compact_to_qwen,selective_deployable,0.25,True,0.3333333333333333,0.0286532951289398,0.0481176236497317,0.0481176236497317,0.2399049881235154,0.1680058394861782,0.3319787797569845,False,0.5774647887323944,0.0458452722063037,0.0688005183497085,0.0691922355673019,0.2928571428571428,0.1655324055456269,0.3344428422302203,True,True,False,-0.24413145539906106,-0.017191977077363904,-0.020682894699976806,-0.021074611917570207,-0.05295215473362741,0.0024734339405513006,-0.0024640624732358285
full_protocol,grouping_at_audited,1729,compact_to_qwen,selective_deployable,0.50,True,0.5555555555555556,0.0171919770773638,0.0336488440508061,0.0336488440508061,0.4750593824228028,0.8206721028626703,0.3324458873950743,False,0.7183098591549296,0.0315186246418338,0.05163164376229,0.0519261074315273,0.5452380952380952,0.2791411197966749,0.3346354750818326,True,True,False,-0.16275430359937404,-0.014326647564470003,-0.0179827997114839,-0.0182772633807212,-0.07017871281529237,0.5415309830659955,-0.0021895876867583097
full_protocol,grouping_at_audited,1729,rule_compact_to_qwen,cheap_only,anchor,False,0.1666666666666666,0.0372492836676217,0.0585707962924032,0.0585707962924032,0.0,0.3961240628757912,,False,0.2253521126760563,0.1002865329512893,0.1307613293812365,0.1315020505207594,0.0,0.2816392375277275,,False,False,False,-0.058685446009389686,-0.06303724928366759,-0.0721905330888333,-0.0729312542283562,0.0,0.1144848253480637,
full_protocol,grouping_at_audited,1729,rule_compact_to_qwen,full_information,anchor,True,0.7777777777777778,0.0257879656160458,0.0445685725403165,0.0445685725403165,1.0,0.7555053320974499,,False,0.8309859154929577,0.0401146131805157,0.0620021937416264,0.0623554328159655,1.0,0.3083743296292341,,True,True,False,-0.05320813771517996,-0.0143266475644699,-0.017433621201309903,-0.017786860275648998,0.0,0.44713100246821574,
full_protocol,grouping_at_audited,1729,rule_compact_to_qwen,selective_deployable,0.10,True,0.2222222222222222,0.0229226361031518,0.0409791162974825,0.0409791162974825,0.0902612826603325,0.3095395125109967,0.1547882578423586,False,0.3661971830985915,0.0802292263610315,0.1083443889968877,0.1089591790172503,0.1214285714285714,0.2156406240096683,0.2180882940630201,True,True,False,-0.1439749608763693,-0.057306590257879694,-0.0673652726994052,-0.06798006271976781,-0.031167288768238904,0.09389888850132841,-0.06330003622066149
full_protocol,grouping_at_audited,1729,rule_compact_to_qwen,selective_deployable,0.25,False,0.3472222222222222,0.0315186246418338,0.05163164376229,0.05163164376229,0.2232779097387173,0.1842897816803069,0.2995219366611478,True,0.5352112676056338,0.0257879656160458,0.0445685725403165,0.0448229487056789,0.2904761904761905,0.1627885710701084,0.3251254916642668,True,False,True,-0.18798904538341155,0.005730659025788003,0.007063071221973499,0.006808695056611101,-0.06719828073747319,0.021501210610198496,-0.025603555003119005
full_protocol,grouping_at_audited,1729,rule_compact_to_qwen,selective_deployable,0.50,True,0.5277777777777778,0.0229226361031518,0.0409791162974825,0.0409791162974825,0.503562945368171,0.3006913214979552,0.3931704554106146,False,0.7746478873239436,0.0401146131805157,0.0620021937416264,0.0623554328159655,0.5285714285714286,0.1186737516249771,0.3812932653902908,True,True,False,-0.24687010954616584,-0.0171919770773639,-0.021023077444143903,-0.021376316518483,-0.025008483203257548,0.18201756987297807,0.011877190020323836
full_protocol,grouping_at_audited,2718,rule_to_compact,cheap_only,anchor,False,0.2191780821917808,0.0630372492836676,0.0887924515705344,0.0898075150342231,0.0,0.344922445160433,,False,0.2535211267605634,0.0744985673352435,0.1018668488799684,0.1024451811243625,0.0,0.3264976025256917,,False,False,False,-0.034343044568782566,-0.011461318051575894,-0.013074397309433994,-0.012637666090139402,0.0,0.018424842634741312,
full_protocol,grouping_at_audited,2718,rule_to_compact,full_information,anchor,False,0.2465753424657534,0.0687679083094555,0.0953509876396336,0.0964404275941647,1.0,0.3392677713766888,,False,0.2535211267605634,0.0659025787965616,0.0920773606800653,0.0926005340775551,1.0,0.3318252113842089,,False,False,False,-0.006945784294809965,0.0028653295128939077,0.0032736269595682876,0.0038398935166095993,0.0,0.007442559992479891,
full_protocol,grouping_at_audited,2718,rule_to_compact,selective_deployable,0.10,False,0.2328767123287671,0.0630372492836676,0.0887924515705344,0.0898075150342231,0.1161137440758293,0.3392677713766888,0.1986583893379584,False,0.2535211267605634,0.0773638968481375,0.1051101680318333,0.1057067587005546,0.1214285714285714,0.3082027592687358,0.2066650970999581,False,False,False,-0.020644414431796265,-0.0143266475644699,-0.016317716461298898,-0.015899243666331497,-0.005314827352742094,0.031065012107952983,-0.008006707761999687
full_protocol,grouping_at_audited,2718,rule_to_compact,selective_deployable,0.25,False,0.2465753424657534,0.0659025787965616,0.0920773606800653,0.093129684794171,0.3056872037914692,0.3392677713766888,0.3296149080700603,False,0.2535211267605634,0.0859598853868194,0.1147872227706394,0.1154382442262641,0.3309523809523809,0.3082027592687358,0.3355379311324166,False,False,False,-0.006945784294809965,-0.020057306590257798,-0.022709862090574087,-0.022308559432093103,-0.0252651771609117,0.031065012107952983,-0.005923023062356314
full_protocol,grouping_at_audited,2718,rule_to_compact,selective_deployable,0.50,False,0.2465753424657534,0.0687679083094555,0.0953509876396336,0.0964404275941647,1.0,0.3392677713766888,0.3770001309248949,False,0.2535211267605634,0.0659025787965616,0.0920773606800653,0.0926005340775551,1.0,0.3318252113842089,0.3852053851246249,False,False,False,-0.006945784294809965,0.0028653295128939077,0.0032736269595682876,0.0038398935166095993,0.0,0.007442559992479891,-0.00820525419972995
full_protocol,grouping_at_audited,2718,compact_to_qwen,cheap_only,anchor,False,0.0684931506849315,0.0372492836676217,0.0585707962924032,0.0592422268189471,0.0,0.1730403681364752,,False,0.028169014084507,0.0372492836676217,0.0585707962924032,0.0589045985512516,0.0,0.1695534138048202,,False,False,False,0.0403241366004245,0.0,0.0,0.00033762826769549725,0.0,0.0034869543316549956,
full_protocol,grouping_at_audited,2718,compact_to_qwen,full_information,anchor,False,0.8767123287671232,0.0630372492836676,0.0887924515705344,0.0831259899043935,1.0,0.289993290337505,,False,0.8732394366197183,0.0573065902578796,0.082185916161531,0.0826532807745683,1.0,0.2762709570334625,,False,False,False,0.0034728921474049823,0.00573065902578801,0.006606535409003411,0.00047270912982520785,0.0,0.013722333304042489,
full_protocol,grouping_at_audited,2718,compact_to_qwen,selective_deployable,0.10,False,0.2465753424657534,0.0630372492836676,0.0887924515705344,0.0898075150342231,0.0947867298578199,0.1682292406606061,0.3308798339376447,False,0.2253521126760563,0.0802292263610315,0.1083443889968877,0.1089591790172503,0.0857142857142857,0.1645046771739669,0.3346320112648075,False,False,False,0.021223229789697123,-0.01719197707736389,-0.01955193742635329,-0.0191516639830272,0.009072444143534197,0.0037245634866391875,-0.00375217732716282
full_protocol,grouping_at_audited,2718,compact_to_qwen,selective_deployable,0.25,False,0.4657534246575342,0.0744985673352435,0.1018668488799684,0.1030301151628836,0.2748815165876777,0.167438154768642,0.3324659675200415,False,0.3661971830985915,0.0429799426934097,0.0654114376898755,0.0657839778694173,0.2738095238095238,0.1638653913316793,0.3361211525136454,False,False,False,0.09955624155894272,0.0315186246418338,0.03645541119009289,0.037246137293466305,0.0010719927781538963,0.003572763436962695,-0.0036551849936038994
full_protocol,grouping_at_audited,2718,compact_to_qwen,selective_deployable,0.50,False,0.726027397260274,0.0544412607449856,0.0788626398635572,0.0797649650152499,0.5308056872037915,0.1671407016696613,0.3328555151270697,False,0.647887323943662,0.0487106017191977,0.0721711346734761,0.0725819148103667,0.5166666666666667,0.2762709570334625,0.3364722002238118,False,False,False,0.07814007331661199,0.005730659025787899,0.00669150519008109,0.007183050204883204,0.014139020537124791,-0.10913025536380119,-0.0036166850967421227
full_protocol,grouping_at_audited,2718,rule_compact_to_qwen,cheap_only,anchor,False,0.2465753424657534,0.0687679083094555,0.0953509876396336,0.0964404275941647,0.0,0.3392677713766888,,False,0.2535211267605634,0.0659025787965616,0.0920773606800653,0.0926005340775551,0.0,0.3318252113842089,,False,False,False,-0.006945784294809965,0.0028653295128939077,0.0032736269595682876,0.0038398935166095993,0.0,0.007442559992479891,
full_protocol,grouping_at_audited,2718,rule_compact_to_qwen,full_information,anchor,False,0.9041095890410958,0.0630372492836676,0.0887924515705344,0.0831259899043935,1.0,0.254572094040572,,False,0.8028169014084507,0.0515759312320916,0.0755247509283926,0.0759544884475703,1.0,0.2708913469484481,,False,False,False,0.1012926876326451,0.011461318051576005,0.013267700642141805,0.007171501456823201,0.0,-0.01631925290787606,
full_protocol,grouping_at_audited,2718,rule_compact_to_qwen,selective_deployable,0.10,False,0.3835616438356164,0.0458452722063037,0.0688005183497085,0.0695884379663542,0.1161137440758293,0.2391087543786955,0.1899161410267532,False,0.2957746478873239,0.0401146131805157,0.0620021937416264,0.0623554328159655,0.1142857142857142,0.2553017026953611,0.1929040032735092,False,False,False,0.08778699594829253,0.005730659025788003,0.0067983246080821,0.007233005150388695,0.0018280297901151071,-0.016192948316665623,-0.0029878622467560123
full_protocol,grouping_at_audited,2718,rule_compact_to_qwen,selective_deployable,0.25,False,0.5342465753424658,0.0458452722063037,0.0688005183497085,0.0695884379663542,0.2701421800947867,0.1652758823324821,0.3212989139177363,False,0.4788732394366197,0.0401146131805157,0.0620021937416264,0.0623554328159655,0.3047619047619048,0.159988113657847,0.3264420411854583,False,False,False,0.05537333590584609,0.005730659025788003,0.0067983246080821,0.007233005150388695,-0.0346197246671181,0.005287768674635124,-0.005143127267721981
full_protocol,grouping_at_audited,2718,rule_compact_to_qwen,selective_deployable,0.50,False,0.726027397260274,0.0888252148997134,0.1179965939509764,0.119342336871651,0.5213270142180095,0.1190227952514606,0.3807742023848507,False,0.6901408450704225,0.0458452722063037,0.0688005183497085,0.0691922355673019,0.5619047619047619,0.1116781478147735,0.3883043669126252,False,False,False,0.035886552189851484,0.0429799426934097,0.0491960756012679,0.05015010130434909,-0.040577747686752375,0.007344647436687099,-0.007530164527774497
full_protocol,grouping_at_audited,3141,rule_to_compact,cheap_only,anchor,False,0.1095890410958904,0.0515759312320916,0.0755247509283926,0.0759544884475703,0.0,0.3915570883015011,,False,0.1690140845070422,0.0343839541547277,0.0551148884098652,0.0554291043677078,0.0,0.3667711766886886,,False,False,False,-0.05942504341115179,0.017191977077363904,0.020409862518527402,0.0205253840798625,0.0,0.024785911612812517,
full_protocol,grouping_at_audited,3141,rule_to_compact,full_information,anchor,False,0.1095890410958904,0.0515759312320916,0.0755247509283926,0.0759544884475703,1.0,0.3877646364158624,,False,0.1830985915492957,0.0315186246418338,0.05163164376229,0.0519261074315273,1.0,0.3709544555437045,,False,False,False,-0.07350955045340529,0.020057306590257798,0.0238931071661026,0.024028381016043,0.0,0.01681018087215791,
full_protocol,grouping_at_audited,3141,rule_to_compact,selective_deployable,0.10,False,0.1095890410958904,0.0515759312320916,0.0755247509283926,0.0759544884475703,0.1066350710900474,0.3877646364158624,0.1614000769086906,False,0.1830985915492957,0.0343839541547277,0.0551148884098652,0.0554291043677078,0.0714285714285714,0.3616106684239435,0.161599264706628,False,False,False,-0.07350955045340529,0.017191977077363904,0.020409862518527402,0.0205253840798625,0.035206499661476,0.02615396799191888,-0.00019918779793740016
full_protocol,grouping_at_audited,3141,rule_to_compact,selective_deployable,0.25,False,0.1095890410958904,0.0515759312320916,0.0755247509283926,0.0759544884475703,0.2393364928909952,0.3877646364158624,0.3119945396673048,False,0.1830985915492957,0.0343839541547277,0.0551148884098652,0.0554291043677078,0.2476190476190476,0.3616106684239435,0.2976232188321985,False,False,False,-0.07350955045340529,0.017191977077363904,0.020409862518527402,0.0205253840798625,-0.008282554728052394,0.02615396799191888,0.014371320835106283
full_protocol,grouping_at_audited,3141,rule_to_compact,selective_deployable,0.50,False,0.1095890410958904,0.0515759312320916,0.0755247509283926,0.0759544884475703,1.0,0.3877646364158624,0.3957689574534591,False,0.1830985915492957,0.0315186246418338,0.05163164376229,0.0519261074315273,1.0,0.3709544555437045,0.3830229119163429,False,False,False,-0.07350955045340529,0.020057306590257798,0.0238931071661026,0.024028381016043,0.0,0.01681018087215791,0.012746045537116169
full_protocol,grouping_at_audited,3141,compact_to_qwen,cheap_only,anchor,False,0.1506849315068493,0.0343839541547277,0.0551148884098652,0.0554291043677078,0.0,0.1715598390816652,,False,0.0704225352112676,0.0429799426934097,0.0654114376898755,0.0657839778694173,0.0,0.168959786863076,,False,False,False,0.08026239629558171,-0.008595988538682,-0.010296549280010309,-0.010354873501709494,0.0,0.002600052218589194,
full_protocol,grouping_at_audited,3141,compact_to_qwen,full_information,anchor,False,0.8767123287671232,0.0372492836676217,0.0585707962924032,0.0554291043677078,1.0,0.2801092039998399,,False,0.8450704225352113,0.0630372492836676,0.0887924515705344,0.0892970996156788,1.0,0.3045844595507426,,False,False,False,0.03164190623191199,-0.025787965616045905,-0.030221655278131206,-0.033867995247971,0.0,-0.024475255550902686,
full_protocol,grouping_at_audited,3141,compact_to_qwen,selective_deployable,0.10,False,0.2602739726027397,0.0372492836676217,0.0585707962924032,0.0589045985512516,0.0829383886255924,0.169300347381513,0.3303103853419459,False,0.2535211267605634,0.0630372492836676,0.0887924515705344,0.0892970996156788,0.0952380952380952,0.1638578487082143,0.3353146271309882,False,False,False,0.006752845842176336,-0.025787965616045905,-0.030221655278131206,-0.030392501064427202,-0.012299706612502806,0.005442498673298712,-0.005004241789042296
full_protocol,grouping_at_audited,3141,compact_to_qwen,selective_deployable,0.25,False,0.3561643835616438,0.0401146131805157,0.0620021937416264,0.0623554328159655,0.2132701421800948,0.1688960420937517,0.3310786059639919,False,0.3943661971830985,0.0630372492836676,0.0887924515705344,0.0892970996156788,0.3023809523809523,0.1631461510300827,0.3368138499307798,False,False,False,-0.038201813621454694,-0.022922636103151907,-0.026790257828908003,-0.026941666799713306,-0.08911081020085751,0.005749891063668994,-0.005735243966787873
full_protocol,grouping_at_audited,3141,compact_to_qwen,selective_deployable,0.50,False,0.5616438356164384,0.0372492836676217,0.0585707962924032,0.0589045985512516,0.4502369668246445,0.1686366073367707,0.3313601839081609,False,0.6619718309859155,0.0573065902578796,0.082185916161531,0.0826532807745683,0.5595238095238095,0.3045844595507426,0.3372096496463653,False,False,False,-0.10032799536947712,-0.020057306590257895,-0.023615119869127794,-0.02374868222331669,-0.10928684269916505,-0.1359478522139719,-0.005849465738204385
full_protocol,grouping_at_audited,3141,rule_compact_to_qwen,cheap_only,anchor,False,0.1095890410958904,0.0515759312320916,0.0755247509283926,0.0759544884475703,0.0,0.3877646364158624,,False,0.1830985915492957,0.0315186246418338,0.05163164376229,0.0519261074315273,0.0,0.3709544555437045,,False,False,False,-0.07350955045340529,0.020057306590257798,0.0238931071661026,0.024028381016043,0.0,0.01681018087215791,
full_protocol,grouping_at_audited,3141,rule_compact_to_qwen,full_information,anchor,False,0.8767123287671232,0.0372492836676217,0.0585707962924032,0.0554291043677078,1.0,0.2352150653247566,,False,0.8450704225352113,0.0544412607449856,0.0788626398635572,0.0793112366935812,1.0,0.3134648796740404,,False,False,False,0.03164190623191199,-0.017191977077363897,-0.020291843571153996,-0.023882132325873398,0.0,-0.0782498143492838,
full_protocol,grouping_at_audited,3141,rule_compact_to_qwen,selective_deployable,0.10,False,0.2465753424657534,0.0716332378223495,0.0986139608665145,0.0991739728379858,0.0947867298578199,0.25610000011492,0.1575234576843839,False,0.2816901408450704,0.0343839541547277,0.0551148884098652,0.0554291043677078,0.0833333333333333,0.2914317310047047,0.1646333350354563,False,False,False,-0.03511479837931697,0.0372492836676218,0.0434990724566493,0.043744868470278,0.011453396524486598,-0.035331730889784696,-0.007109877351072408
full_protocol,grouping_at_audited,3141,rule_compact_to_qwen,selective_deployable,0.25,True,0.3698630136986301,0.0286532951289398,0.0481176236497317,0.0483921489861662,0.2369668246445497,0.1813995870975186,0.3067457833081227,False,0.4507042253521127,0.0315186246418338,0.05163164376229,0.0519261074315273,0.2642857142857143,0.1959535858135248,0.2971749331817662,True,True,False,-0.08084121165348257,-0.002865329512894005,-0.0035140201125583026,-0.003533958445361099,-0.02731888964116458,-0.014553998716006183,0.0095708501263565
full_protocol,grouping_at_audited,3141,rule_compact_to_qwen,selective_deployable,0.50,False,0.6301369863013698,0.0343839541547277,0.0551148884098652,0.0554291043677078,0.4597156398104265,0.1220070882142306,0.3978727068367693,False,0.5915492957746479,0.0372492836676217,0.0585707962924032,0.0589045985512516,0.4833333333333333,0.3134648796740404,0.3868067809939189,False,False,False,0.03858769052672195,-0.002865329512894005,-0.003455907882538002,-0.003475494183543801,-0.02361769352290677,-0.1914577914598098,0.011065925842850377
full_protocol,grouping_at_audited,5772,rule_to_compact,cheap_only,anchor,False,0.2054794520547945,0.0343839541547277,0.0551148884098652,0.0555875595445557,0.0,0.3740847730818458,,False,0.1549295774647887,0.0716332378223495,0.0986139608665145,0.0991739728379858,0.0,0.315479593503203,,False,False,False,0.05054987459000582,-0.0372492836676218,-0.0434990724566493,-0.043586413293430104,0.0,0.05860517957864281,
full_protocol,grouping_at_audited,5772,rule_to_compact,full_information,anchor,False,0.2054794520547945,0.0372492836676217,0.0585707962924032,0.0590729303351058,1.0,0.3638933470231907,,False,0.1690140845070422,0.0630372492836676,0.0887924515705344,0.0892970996156788,1.0,0.3310311262469048,,False,False,False,0.036465367547752314,-0.025787965616045905,-0.030221655278131206,-0.030224169280573004,0.0,0.03286222077628592,
full_protocol,grouping_at_audited,5772,rule_to_compact,selective_deployable,0.10,False,0.2054794520547945,0.0343839541547277,0.0551148884098652,0.0555875595445557,0.1018957345971564,0.3638933470231907,0.2045857839859147,False,0.1549295774647887,0.0687679083094555,0.0953509876396336,0.0958926144455047,0.1023809523809523,0.3116910783787474,0.1985955404769946,False,False,False,0.05054987459000582,-0.03438395415472781,-0.040236099229768396,-0.040305054900949,-0.0004852177837958993,0.05220226864444333,0.005990243508920107
full_protocol,grouping_at_audited,5772,rule_to_compact,selective_deployable,0.25,False,0.2054794520547945,0.0343839541547277,0.0551148884098652,0.0555875595445557,0.2322274881516587,0.3638933470231907,0.3131602313894811,False,0.1690140845070422,0.0630372492836676,0.0887924515705344,0.0892970996156788,0.2857142857142857,0.3310311262469048,0.3395766371694991,False,False,False,0.036465367547752314,-0.02865329512893991,-0.03367756316066921,-0.033709540071123104,-0.053486797562627,0.03286222077628592,-0.02641640578001797
full_protocol,grouping_at_audited,5772,rule_to_compact,selective_deployable,0.50,False,0.2054794520547945,0.0372492836676217,0.0585707962924032,0.0590729303351058,1.0,0.3638933470231907,0.3851877393322113,False,0.1690140845070422,0.0630372492836676,0.0887924515705344,0.0892970996156788,1.0,0.3310311262469048,0.3900296527547014,False,False,False,0.036465367547752314,-0.025787965616045905,-0.030221655278131206,-0.030224169280573004,0.0,0.03286222077628592,-0.0048419134224901295
full_protocol,grouping_at_audited,5772,compact_to_qwen,cheap_only,anchor,False,0.0821917808219178,0.0859598853868194,0.1147872227706394,0.1157665307824958,0.0,0.1671605637622319,,False,0.1549295774647887,0.0429799426934097,0.0654114376898755,0.0657839778694173,0.0,0.1669266638339627,,False,False,False,-0.07273779664287089,0.0429799426934097,0.04937578508076389,0.0499825529130785,0.0,0.00023389992826919337,
full_protocol,grouping_at_audited,5772,compact_to_qwen,full_information,anchor,False,0.8767123287671232,0.0458452722063037,0.0688005183497085,0.0693897713192555,1.0,0.2744603484086879,,False,0.8873239436619719,0.0315186246418338,0.05163164376229,0.0519261074315273,1.0,0.8061031898573007,,False,False,False,-0.010611614894848631,0.0143266475644699,0.017168874587418503,0.0174636638877282,0.0,-0.5316428414486127,
full_protocol,grouping_at_audited,5772,compact_to_qwen,selective_deployable,0.10,False,0.273972602739726,0.0458452722063037,0.0688005183497085,0.0693897713192555,0.1255924170616113,0.1656988632200174,0.3337545793907801,False,0.2816901408450704,0.0343839541547277,0.0551148884098652,0.0554291043677078,0.1047619047619047,0.1655777534908442,0.3342214092617234,False,False,False,-0.007717538105344368,0.011461318051576005,0.013685629939843305,0.013960666951547698,0.020830512299706616,0.00012110972917320217,-0.0004668298709432639
full_protocol,grouping_at_audited,5772,compact_to_qwen,selective_deployable,0.25,False,0.3972602739726027,0.0401146131805157,0.0620021937416264,0.0625335657785234,0.2819905213270142,0.1650304666738415,0.3349471294594526,False,0.5492957746478874,0.0343839541547277,0.0551148884098652,0.0554291043677078,0.2785714285714286,0.1650410780526402,0.3349339728860777,False,False,False,-0.15203550067528465,0.005730659025788003,0.006887305331761205,0.007104461410815596,0.0034190927555856065,-1.0611378798708326e-05,1.3156573374917269e-05
full_protocol,grouping_at_audited,5772,compact_to_qwen,selective_deployable,0.50,False,0.6164383561643836,0.0458452722063037,0.0688005183497085,0.0693897713192555,0.466824644549763,0.1646888376159172,0.3353078831107076,False,0.8028169014084507,0.0372492836676217,0.0585707962924032,0.0589045985512516,0.5833333333333334,0.2862797294047967,0.3352055305504517,False,False,False,-0.18637854524406716,0.008595988538682,0.010229722057305303,0.010485172768003898,-0.11650868878357035,-0.12159089178887947,0.00010235256025586947
full_protocol,grouping_at_audited,5772,rule_compact_to_qwen,cheap_only,anchor,False,0.2054794520547945,0.0372492836676217,0.0585707962924032,0.0590729303351058,0.0,0.3638933470231907,,False,0.1690140845070422,0.0630372492836676,0.0887924515705344,0.0892970996156788,0.0,0.3310311262469048,,False,False,False,0.036465367547752314,-0.025787965616045905,-0.030221655278131206,-0.030224169280573004,0.0,0.03286222077628592,
full_protocol,grouping_at_audited,5772,rule_compact_to_qwen,full_information,anchor,False,0.8767123287671232,0.0458452722063037,0.0688005183497085,0.0693897713192555,1.0,0.221628678341203,,False,0.9014084507042254,0.0372492836676217,0.0585707962924032,0.0589045985512516,1.0,0.2349487819578384,,False,False,False,-0.024696121937102133,0.008595988538682,0.010229722057305303,0.010485172768003898,0.0,-0.013320103616635381,
full_protocol,grouping_at_audited,5772,rule_compact_to_qwen,selective_deployable,0.10,True,0.3013698630136986,0.0229226361031518,0.0409791162974825,0.0413310984198789,0.1042654028436018,0.2460152565392954,0.207252056790026,False,0.3098591549295774,0.0458452722063037,0.0688005183497085,0.0691922355673019,0.0952380952380952,0.2486845975219618,0.1952083824907634,True,True,False,-0.008489291915878772,-0.022922636103151903,-0.027821402052226003,-0.027861137147423005,0.009027307605506601,-0.002669340982666385,0.012043674299262619
full_protocol,grouping_at_audited,5772,rule_compact_to_qwen,selective_deployable,0.25,False,0.4246575342465753,0.0315186246418338,0.05163164376229,0.0520746022496586,0.2393364928909952,0.173202654682178,0.3155753798013602,False,0.5492957746478874,0.0401146131805157,0.0620021937416264,0.0623554328159655,0.2857142857142857,0.1493393461939944,0.3428921868829502,False,False,False,-0.12463824040131205,-0.008595988538681897,-0.010370549979336403,-0.010280830566306902,-0.04637779282329049,0.023863308488183604,-0.02731680708159001
full_protocol,grouping_at_audited,5772,rule_compact_to_qwen,selective_deployable,0.50,False,0.684931506849315,0.0401146131805157,0.0620021937416264,0.0625335657785234,0.5379146919431279,0.2371548289311668,0.390889108426794,False,0.7605633802816901,0.0372492836676217,0.0585707962924032,0.0589045985512516,0.5619047619047619,0.2142471046547969,0.3927807809906161,False,False,False,-0.0756318734323751,0.002865329512893998,0.003431397449223203,0.0036289672272717954,-0.023990069961633997,0.02290772427636989,-0.001891672563822111
full_protocol,grouping_at_audited,8111,rule_to_compact,cheap_only,anchor,True,0.1780821917808219,0.0143266475644699,0.0298858860410991,0.0299710822514807,0.0,0.3941693718913648,,False,0.1971830985915492,0.0515759312320916,0.0755247509283926,0.0759544884475703,0.0,0.3387856595325674,,True,True,False,-0.01910090681072729,-0.0372492836676217,-0.045638864887293504,-0.0459834061960896,0.0,0.05538371235879741,
full_protocol,grouping_at_audited,8111,rule_to_compact,full_information,anchor,True,0.2054794520547945,0.0200573065902578,0.0373422996673432,0.0374486514542516,1.0,0.386452255267105,,False,0.1971830985915492,0.0515759312320916,0.0755247509283926,0.0759544884475703,1.0,0.3339802743111833,,True,True,False,0.00829635346324531,-0.0315186246418338,-0.038182451261049404,-0.0385058369933187,0.0,0.052471980955921704,
full_protocol,grouping_at_audited,8111,rule_to_compact,selective_deployable,0.10,True,0.1780821917808219,0.0143266475644699,0.0298858860410991,0.0299710822514807,0.0971563981042654,0.386452255267105,0.1958547239383304,False,0.1971830985915492,0.0515759312320916,0.0755247509283926,0.0759544884475703,0.0904761904761904,0.3339802743111833,0.2037857909054532,True,True,False,-0.01910090681072729,-0.0372492836676217,-0.045638864887293504,-0.0459834061960896,0.006680207628075002,0.052471980955921704,-0.007931066967122813
full_protocol,grouping_at_audited,8111,rule_to_compact,selective_deployable,0.25,True,0.1917808219178082,0.0143266475644699,0.0298858860410991,0.0299710822514807,0.2274881516587677,0.386452255267105,0.296449093029891,False,0.1971830985915492,0.0515759312320916,0.0755247509283926,0.0759544884475703,0.2309523809523809,0.3339802743111833,0.3263744593732783,True,True,False,-0.005402276673740991,-0.0372492836676217,-0.045638864887293504,-0.0459834061960896,-0.0034642292936132024,0.052471980955921704,-0.029925366343387327
full_protocol,grouping_at_audited,8111,rule_to_compact,selective_deployable,0.50,True,0.2054794520547945,0.0200573065902578,0.0373422996673432,0.0374486514542516,1.0,0.386452255267105,0.3756043482516325,False,0.1971830985915492,0.0515759312320916,0.0755247509283926,0.0759544884475703,1.0,0.3339802743111833,0.3925171116876352,True,True,False,0.00829635346324531,-0.0315186246418338,-0.038182451261049404,-0.0385058369933187,0.0,0.052471980955921704,-0.016912763436002676
full_protocol,grouping_at_audited,8111,compact_to_qwen,cheap_only,anchor,False,0.1232876712328767,0.0744985673352435,0.1018668488799684,0.1021551967802917,0.0,0.1678846060455178,,True,0.0140845070422535,0.0085959885386819,0.0220658820057644,0.0221921904960537,0.0,0.230400173779272,,True,False,True,0.1092031641906232,0.0659025787965616,0.079800966874204,0.079963006284238,0.0,-0.06251556773375419,
full_protocol,grouping_at_audited,8111,compact_to_qwen,full_information,anchor,False,0.7671232876712328,0.0401146131805157,0.0620021937416264,0.0621783116686744,1.0,0.8271202912918291,,False,0.7746478873239436,0.0544412607449856,0.0788626398635572,0.0793112366935812,1.0,0.2790128526680642,,False,False,False,-0.007524599652710795,-0.0143266475644699,-0.016860446121930793,-0.0171329250249068,0.0,0.5481074386237649,
full_protocol,grouping_at_audited,8111,compact_to_qwen,selective_deployable,0.10,False,0.1917808219178082,0.0401146131805157,0.0620021937416264,0.0621783116686744,0.1232227488151658,0.1664207328089221,0.3331543342251526,False,0.1549295774647887,0.0487106017191977,0.0721711346734761,0.0725819148103667,0.1047619047619047,0.1659312131819617,0.3337156301880766,False,False,False,0.036851244453019516,-0.008595988538682,-0.010168940931849703,-0.010403603141692301,0.018460844053261108,0.0004895196269604218,-0.00056129596292398
full_protocol,grouping_at_audited,8111,compact_to_qwen,selective_deployable,0.25,True,0.3013698630136986,0.0171919770773638,0.0336488440508061,0.0337447205006113,0.2725118483412322,0.8276117370470186,0.3342667420129636,False,0.4225352112676056,0.0716332378223495,0.0986139608665145,0.0991739728379858,0.2666666666666666,0.16529478289956,0.3346300374381704,True,True,False,-0.12116534825390701,-0.054441260744985696,-0.0649651168157084,-0.06542925233737451,0.005845181674565603,0.6623169541474586,-0.0003632954252067999
full_protocol,grouping_at_audited,8111,compact_to_qwen,selective_deployable,0.50,True,0.5616438356164384,0.0257879656160458,0.0445685725403165,0.0446953987244803,0.509478672985782,0.8273361804484857,0.3347514863290401,False,0.647887323943662,0.0458452722063037,0.0688005183497085,0.0691922355673019,0.5380952380952381,0.2790128526680642,0.3349144664846444,True,True,False,-0.08624348832722362,-0.020057306590257902,-0.024231945809392003,-0.024496836842821605,-0.028616565109456094,0.5483233277804215,-0.00016298015560428647
full_protocol,grouping_at_audited,8111,rule_compact_to_qwen,cheap_only,anchor,True,0.2054794520547945,0.0200573065902578,0.0373422996673432,0.0374486514542516,0.0,0.386452255267105,,False,0.1971830985915492,0.0515759312320916,0.0755247509283926,0.0759544884475703,0.0,0.3339802743111833,,True,True,False,0.00829635346324531,-0.0315186246418338,-0.038182451261049404,-0.0385058369933187,0.0,0.052471980955921704,
full_protocol,grouping_at_audited,8111,rule_compact_to_qwen,full_information,anchor,False,0.7671232876712328,0.0401146131805157,0.0620021937416264,0.0621783116686744,1.0,0.788295206367919,,False,0.8028169014084507,0.0458452722063037,0.0688005183497085,0.0691922355673019,1.0,0.2598558676209557,,False,False,False,-0.03569361373721791,-0.005730659025788003,-0.0067983246080821,-0.007013923898627504,0.0,0.5284393387469634,
full_protocol,grouping_at_audited,8111,rule_compact_to_qwen,selective_deployable,0.10,False,0.3424657534246575,0.0458452722063037,0.0688005183497085,0.0689958210834784,0.0781990521327014,0.2562367292097839,0.1729224791912774,False,0.2957746478873239,0.0401146131805157,0.0620021937416264,0.0623554328159655,0.0904761904761904,0.2417991801959407,0.1974997053339554,False,False,False,0.04669110553733363,0.005730659025788003,0.0067983246080821,0.006640388267512905,-0.012277138343489008,0.014437549013843198,-0.024577226142677988
full_protocol,grouping_at_audited,8111,rule_compact_to_qwen,selective_deployable,0.25,True,0.3972602739726027,0.0114613180515759,0.0260346692514637,0.0261089261599683,0.2180094786729857,0.8394419111084332,0.2941559753931709,True,0.4225352112676056,0.0171919770773638,0.0336488440508061,0.0338411448460409,0.2142857142857142,0.1744220528527204,0.3225320123496372,False,False,False,-0.02527493729500291,-0.0057306590257879,-0.007614174799342399,-0.0077322186860726005,0.003723764387271511,0.6650198582557129,-0.02837603695646629
full_protocol,grouping_at_audited,8111,rule_compact_to_qwen,selective_deployable,0.50,False,0.6575342465753424,0.0659025787965616,0.0920773606800653,0.0923382065597978,0.4976303317535545,0.118818530496563,0.3809809912278447,False,0.6901408450704225,0.0487106017191977,0.0721711346734761,0.0725819148103667,0.5261904761904762,0.1057004414845964,0.3942894501183616,False,False,False,-0.032606598495080075,0.017191977077363897,0.0199062260065892,0.019756291749431096,-0.02856014443692173,0.013118089011966608,-0.013308458890516905
full_protocol,grouping_at_original,1729,rule_to_compact,cheap_only,anchor,False,0.1830985915492957,0.0657142857142857,0.0918179839251865,0.0923382065597978,0.0,0.3780937451114933,,False,0.1714285714285714,0.0342857142857142,0.0549591124020735,0.0554291043677078,0.0,0.4200792867787566,,False,False,False,0.011670020120724295,0.0314285714285715,0.036858871523113006,0.036909102192089996,0.0,-0.041985541667263315,
full_protocol,grouping_at_original,1729,rule_to_compact,full_information,anchor,False,0.2253521126760563,0.0714285714285714,0.0983363190817036,0.0988931743258276,1.0,0.3694307660213807,,False,0.1857142857142857,0.0342857142857142,0.0549591124020735,0.0554291043677078,1.0,0.4170606817111997,,False,False,False,0.039637826961770595,0.0371428571428572,0.0433772066796301,0.0434640699581198,0.0,-0.047629915689819,
full_protocol,grouping_at_original,1729,rule_to_compact,selective_deployable,0.10,False,0.1830985915492957,0.0657142857142857,0.0918179839251865,0.0923382065597978,0.0997624703087886,0.3694307660213807,0.1626990878854541,False,0.1714285714285714,0.0342857142857142,0.0549591124020735,0.0554291043677078,0.0976190476190476,0.4170606817111997,0.1603354149717198,False,False,False,0.011670020120724295,0.0314285714285715,0.036858871523113006,0.036909102192089996,0.0021434226897409925,-0.047629915689819,0.0023636729137342938
full_protocol,grouping_at_original,1729,rule_to_compact,selective_deployable,0.25,False,0.2253521126760563,0.0714285714285714,0.0983363190817036,0.0988931743258276,0.2755344418052256,0.3694307660213807,0.3114910702528014,False,0.1857142857142857,0.0342857142857142,0.0549591124020735,0.0554291043677078,0.2595238095238095,0.4170606817111997,0.3020193021621608,False,False,False,0.039637826961770595,0.0371428571428572,0.0433772066796301,0.0434640699581198,0.016010632281416137,-0.047629915689819,0.009471768090640653
full_protocol,grouping_at_original,1729,rule_to_compact,selective_deployable,0.50,False,0.2253521126760563,0.0714285714285714,0.0983363190817036,0.0988931743258276,1.0,0.3694307660213807,0.3868435767570832,False,0.1857142857142857,0.0342857142857142,0.0549591124020735,0.0554291043677078,1.0,0.4170606817111997,0.3853106414691997,False,False,False,0.039637826961770595,0.0371428571428572,0.0433772066796301,0.0434640699581198,0.0,-0.047629915689819,0.0015329352878835079
full_protocol,grouping_at_original,1729,compact_to_qwen,cheap_only,anchor,False,0.0704225352112676,0.0485714285714285,0.0719674829531914,0.0723759420051782,0.0,0.1714875382995864,,False,0.0714285714285714,0.0457142857142857,0.0686063179553179,0.0691922355673019,0.0,0.1737973296313447,,False,False,False,-0.0010060362173038018,0.002857142857142801,0.003361164997873506,0.003183706437876299,0.0,-0.002309791331758293,
full_protocol,grouping_at_original,1729,compact_to_qwen,full_information,anchor,False,0.8450704225352113,0.0628571428571428,0.0885422598608603,0.089044060796342,1.0,0.2743864788917154,,False,0.7714285714285715,0.04,0.0618270705368557,0.0623554328159655,1.0,0.264104037572934,,False,False,False,0.07364185110663979,0.022857142857142805,0.0267151893240046,0.0266886279803765,0.0,0.010282441318781421,
full_protocol,grouping_at_original,1729,compact_to_qwen,selective_deployable,0.10,True,0.1549295774647887,0.0257142857142857,0.0444424640102825,0.0446953987244803,0.0688836104513064,0.1693850275566031,0.3302598862185989,False,0.2571428571428571,0.06,0.0852545937243758,0.0859816093644705,0.0952380952380952,0.172056790969934,0.3274944489760417,True,True,False,-0.10221327967806842,-0.034285714285714294,-0.0408121297140933,-0.041286210639990197,-0.026354484786788798,-0.0026717634133309187,0.0027654372425572338
full_protocol,grouping_at_original,1729,compact_to_qwen,selective_deployable,0.25,False,0.3661971830985915,0.0314285714285714,0.0514856606307369,0.0517784569960094,0.2494061757719715,0.2853697533139854,0.3315384756877843,False,0.4,0.0457142857142857,0.0686063179553179,0.0691922355673019,0.2452380952380952,0.1716980867528846,0.3282743859769409,False,False,False,-0.03380281690140852,-0.014285714285714297,-0.01712065732458099,-0.017413778571292504,0.004168080533876295,0.11367166656110081,0.003264089710843354
full_protocol,grouping_at_original,1729,compact_to_qwen,selective_deployable,0.50,False,0.6056338028169014,0.0485714285714285,0.0719674829531914,0.0723759420051782,0.4798099762470308,0.2743864788917154,0.331836467261148,False,0.6285714285714286,0.0485714285714285,0.0719674829531914,0.0725819148103667,0.5095238095238095,0.1714547674045518,0.3285414404681359,False,False,False,-0.02293762575452718,0.0,0.0,-0.00020597280518849792,-0.02971383327677868,0.10293171148716362,0.0032950267930121346
full_protocol,grouping_at_original,1729,rule_compact_to_qwen,cheap_only,anchor,False,0.2253521126760563,0.0714285714285714,0.0983363190817036,0.0988931743258276,0.0,0.3694307660213807,,False,0.1857142857142857,0.0342857142857142,0.0549591124020735,0.0554291043677078,0.0,0.4170606817111997,,False,False,False,0.039637826961770595,0.0371428571428572,0.0433772066796301,0.0434640699581198,0.0,-0.047629915689819,
full_protocol,grouping_at_original,1729,rule_compact_to_qwen,full_information,anchor,False,0.8309859154929577,0.0628571428571428,0.0885422598608603,0.089044060796342,1.0,0.2133718179264164,,False,0.8,0.0314285714285714,0.0514856606307369,0.0519261074315273,1.0,0.2309631041499236,,False,False,False,0.030985915492957705,0.0314285714285714,0.037056599230123395,0.0371179533648147,0.0,-0.017591286223507197,
full_protocol,grouping_at_original,1729,rule_compact_to_qwen,selective_deployable,0.10,False,0.2816901408450704,0.06,0.0852545937243758,0.0857378973888335,0.1116389548693586,0.2684451963246672,0.1610690392952704,True,0.2,0.0142857142857142,0.0298011727950201,0.0300567655679614,0.1,0.3201815731928547,0.1626059501184766,True,False,True,0.08169014084507037,0.0457142857142858,0.0554534209293557,0.0556811318208721,0.011638954869358592,-0.051736376868187495,-0.0015369108232062
full_protocol,grouping_at_original,1729,rule_compact_to_qwen,selective_deployable,0.25,False,0.3661971830985915,0.0571428571428571,0.0819542098114502,0.0824189360829214,0.2636579572446555,0.1789649668875829,0.2982803084643726,False,0.3857142857142857,0.0371428571428571,0.0584053096533763,0.0589045985512516,0.2571428571428571,0.1924452927666793,0.2918239150197204,False,False,False,-0.01951710261569417,0.019999999999999997,0.0235489001580739,0.0235143375316698,0.006515100101798399,-0.013480325879096394,0.006456393444652209
full_protocol,grouping_at_original,1729,rule_compact_to_qwen,selective_deployable,0.50,False,0.5915492957746479,0.0628571428571428,0.0885422598608603,0.089044060796342,0.5130641330166271,0.1112696388441863,0.3886559692489183,True,0.5142857142857142,0.0285714285714285,0.047981525580851,0.0483921489861662,0.5119047619047619,0.2309631041499236,0.3870768310164192,True,False,True,0.07726358148893364,0.03428571428571431,0.040560734280009295,0.0406519118101758,0.0011593711118652594,-0.11969346530573731,0.001579138232499111
full_protocol,grouping_at_original,2718,rule_to_compact,cheap_only,anchor,False,0.2222222222222222,0.0628571428571428,0.0885422598608603,0.0895515802434881,0.0,0.3330297911986389,,False,0.1549295774647887,0.0542857142857142,0.0786402386372628,0.0793112366935812,0.0,0.3539706002868248,,False,False,False,0.06729264475743352,0.008571428571428605,0.009902021223597499,0.010240343549906897,0.0,-0.020940809088185908,
full_protocol,grouping_at_original,2718,rule_to_compact,full_information,anchor,False,0.2361111111111111,0.0685714285714285,0.0950824614712035,0.0961657411238728,1.0,0.327979057696733,,False,0.1690140845070422,0.06,0.0852545937243758,0.0859816093644705,1.0,0.348911813188008,,False,False,False,0.06709702660406891,0.008571428571428508,0.009827867746827701,0.010184131759402304,0.0,-0.02093275549127499,
full_protocol,grouping_at_original,2718,rule_to_compact,selective_deployable,0.10,False,0.2222222222222222,0.0628571428571428,0.0885422598608603,0.0895515802434881,0.1563981042654028,0.327979057696733,0.2306097819511284,False,0.1549295774647887,0.0542857142857142,0.0786402386372628,0.0793112366935812,0.0902612826603325,0.348911813188008,0.1865818520832044,False,False,False,0.06729264475743352,0.008571428571428605,0.009902021223597499,0.010240343549906897,0.0661368216050703,-0.02093275549127499,0.044027929867924004
full_protocol,grouping_at_original,2718,rule_to_compact,selective_deployable,0.25,False,0.2361111111111111,0.0685714285714285,0.0950824614712035,0.0961657411238728,0.3436018957345971,0.327979057696733,0.331226463599511,False,0.1690140845070422,0.0571428571428571,0.0819542098114502,0.0826532807745683,0.2731591448931116,0.348911813188008,0.3148139175089683,False,False,False,0.06709702660406891,0.011428571428571406,0.013128251659753301,0.013512460349304506,0.07044275084148549,-0.02093275549127499,0.016412546090542712
full_protocol,grouping_at_original,2718,rule_to_compact,selective_deployable,0.50,False,0.2361111111111111,0.0685714285714285,0.0950824614712035,0.0961657411238728,1.0,0.327979057696733,0.3783553111386544,False,0.1690140845070422,0.06,0.0852545937243758,0.0859816093644705,1.0,0.348911813188008,0.3796161204198131,False,False,False,0.06709702660406891,0.008571428571428508,0.009827867746827701,0.010184131759402304,0.0,-0.02093275549127499,-0.0012608092811586813
full_protocol,grouping_at_original,2718,compact_to_qwen,cheap_only,anchor,False,0.125,0.0457142857142857,0.0686063179553179,0.0693897713192555,0.0,0.1687383381285155,,False,0.1971830985915492,0.0457142857142857,0.0686063179553179,0.0691922355673019,0.0,0.1701190061193156,,False,False,False,-0.0721830985915492,0.0,0.0,0.0001975357519535953,0.0,-0.0013806679908001107,
full_protocol,grouping_at_original,2718,compact_to_qwen,full_information,anchor,False,0.875,0.0485714285714285,0.0719674829531914,0.0693897713192555,1.0,0.2706410507948338,,False,0.8450704225352113,0.0657142857142857,0.0918179839251865,0.0926005340775551,1.0,0.2653979133733014,,False,False,False,0.029929577464788748,-0.017142857142857196,-0.019850500971995103,-0.0232107627582996,0.0,0.005243137421532429,
full_protocol,grouping_at_original,2718,compact_to_qwen,selective_deployable,0.10,False,0.2777777777777778,0.0485714285714285,0.0719674829531914,0.0727890630636232,0.1090047393364928,0.166752858021872,0.3327465592011517,False,0.3098591549295774,0.0485714285714285,0.0719674829531914,0.0725819148103667,0.0973871733966745,0.1688000392661567,0.3307570962077484,False,False,False,-0.032081377151799595,0.0,0.0,0.00020714825325650332,0.011617565939818289,-0.002047181244284685,0.0019894629934033015
full_protocol,grouping_at_original,2718,compact_to_qwen,selective_deployable,0.25,False,0.4166666666666667,0.04,0.0618270705368557,0.0625335657785234,0.2630331753554502,0.1663406565363027,0.3336196310678221,False,0.4929577464788732,0.08,0.1080395872808542,0.1089591790172503,0.2470308788598574,0.1682219203944449,0.3317128779797529,False,False,False,-0.07629107981220651,-0.04,-0.0462125167439985,-0.046425613238726904,0.016002296495592788,-0.0018812638581421903,0.0019067530880692019
full_protocol,grouping_at_original,2718,compact_to_qwen,selective_deployable,0.50,False,0.6666666666666666,0.0457142857142857,0.0686063179553179,0.0693897713192555,0.5118483412322274,0.1661134460495512,0.3338831947063556,False,0.676056338028169,0.0657142857142857,0.0918179839251865,0.0926005340775551,0.5558194774346793,0.265414314971004,0.3320640326779116,False,False,False,-0.009389671361502372,-0.019999999999999997,-0.02321166596986861,-0.0232107627582996,-0.043971136202451855,-0.09930086892145279,0.0018191620284439547
full_protocol,grouping_at_original,2718,rule_compact_to_qwen,cheap_only,anchor,False,0.2361111111111111,0.0685714285714285,0.0950824614712035,0.0961657411238728,0.0,0.327979057696733,,False,0.1690140845070422,0.06,0.0852545937243758,0.0859816093644705,0.0,0.348911813188008,,False,False,False,0.06709702660406891,0.008571428571428508,0.009827867746827701,0.010184131759402304,0.0,-0.02093275549127499,
full_protocol,grouping_at_original,2718,rule_compact_to_qwen,full_information,anchor,False,0.9027777777777778,0.0485714285714285,0.0719674829531914,0.0693897713192555,1.0,0.2439415265371051,,False,0.8591549295774648,0.0657142857142857,0.0918179839251865,0.0926005340775551,1.0,0.2341432690918176,,False,False,False,0.043622848200313036,-0.017142857142857196,-0.019850500971995103,-0.0232107627582996,0.0,0.009798257445287506,
full_protocol,grouping_at_original,2718,rule_compact_to_qwen,selective_deployable,0.10,False,0.375,0.0514285714285714,0.075311700164249,0.0761711959411054,0.1540284360189573,0.2399453736093324,0.2177310707420799,False,0.3098591549295774,0.0514285714285714,0.075311700164249,0.0759544884475703,0.0950118764845605,0.2514210922410698,0.1879346758299932,False,False,False,0.06514084507042261,0.0,0.0,0.00021670749353509822,0.0590165595343968,-0.01147571863173738,0.029796394912086688
full_protocol,grouping_at_original,2718,rule_compact_to_qwen,selective_deployable,0.25,False,0.5833333333333334,0.0428571428571428,0.0652267451569932,0.0659718435304421,0.3364928909952606,0.1579318858385837,0.3348782001316701,False,0.4929577464788732,0.0542857142857142,0.0786402386372628,0.0793112366935812,0.2684085510688836,0.1661455191695394,0.3160998654080753,False,False,False,0.09037558685446018,-0.011428571428571399,-0.0134134934802696,-0.013339393163139104,0.06808433992637697,-0.008213633330955705,0.018778334723594803
full_protocol,grouping_at_original,2718,rule_compact_to_qwen,selective_deployable,0.50,False,0.7222222222222222,0.04,0.0618270705368557,0.0625335657785234,0.5639810426540285,0.1187324876399412,0.3812500415977925,False,0.6619718309859155,0.0714285714285714,0.0983363190817036,0.0991739728379858,0.4869358669833729,0.1167833661006428,0.3828128708626107,False,False,False,0.06025039123630671,-0.031428571428571396,-0.0365092485448479,-0.03664040705946241,0.07704517567065561,0.0019491215392983957,-0.0015628292648181552
full_protocol,grouping_at_original,3141,rule_to_compact,cheap_only,anchor,False,0.1527777777777778,0.0485714285714285,0.0719674829531914,0.0723759420051782,0.0,0.3881770877642375,,False,0.1830985915492957,0.0542857142857142,0.0786402386372628,0.0793112366935812,0.0,0.3246572676332325,,False,False,False,-0.030320813771517907,-0.0057142857142856995,-0.006672755684071399,-0.006935294688402996,0.0,0.06351982013100499,
full_protocol,grouping_at_original,3141,rule_to_compact,full_information,anchor,False,0.1527777777777778,0.0485714285714285,0.0719674829531914,0.0723759420051782,1.0,0.3828825994039425,,False,0.1690140845070422,0.0514285714285714,0.075311700164249,0.0759544884475703,1.0,0.3365171326925291,,False,False,False,-0.016236306729264405,-0.0028571428571428983,-0.0033442172110575985,-0.003578546442392097,0.0,0.046365466711413394,
full_protocol,grouping_at_original,3141,rule_to_compact,selective_deployable,0.10,False,0.1527777777777778,0.0485714285714285,0.0719674829531914,0.0723759420051782,0.1184834123222748,0.3828825994039425,0.1881786884512107,False,0.2112676056338028,0.0657142857142857,0.0918179839251865,0.0926005340775551,0.1140142517814726,0.3012381813414551,0.2273970086059956,False,False,False,-0.05848982785602502,-0.017142857142857196,-0.019850500971995103,-0.020224592072376896,0.0044691605408021945,0.0816444180624874,-0.03921832015478491
full_protocol,grouping_at_original,3141,rule_to_compact,selective_deployable,0.25,False,0.1527777777777778,0.0485714285714285,0.0719674829531914,0.0723759420051782,0.2606635071090047,0.3828825994039425,0.3144636375510062,False,0.2253521126760563,0.0657142857142857,0.0918179839251865,0.0926005340775551,0.2375296912114014,0.3012381813414551,0.3087366774439137,False,False,False,-0.0725743348982785,-0.017142857142857196,-0.019850500971995103,-0.020224592072376896,0.0231338158976033,0.0816444180624874,0.005726960107092505
full_protocol,grouping_at_original,3141,rule_to_compact,selective_deployable,0.50,False,0.1527777777777778,0.0485714285714285,0.0719674829531914,0.0723759420051782,1.0,0.3828825994039425,0.3877841110780555,False,0.1690140845070422,0.0514285714285714,0.075311700164249,0.0759544884475703,1.0,0.3365171326925291,0.3757135483820764,False,False,False,-0.016236306729264405,-0.0028571428571428983,-0.0033442172110575985,-0.003578546442392097,0.0,0.046365466711413394,0.012070562695979115
full_protocol,grouping_at_original,3141,compact_to_qwen,cheap_only,anchor,False,0.0972222222222222,0.0428571428571428,0.0652267451569932,0.0655971789419979,0.0,0.1686418094224818,,False,0.1267605633802817,0.0514285714285714,0.075311700164249,0.0759544884475703,0.0,0.1745420006694583,,False,False,False,-0.029538341158059492,-0.008571428571428598,-0.0100849550072558,-0.010357309505572398,0.0,-0.005900191246976494,
full_protocol,grouping_at_original,3141,compact_to_qwen,full_information,anchor,False,0.7222222222222222,0.0485714285714285,0.0719674829531914,0.0723759420051782,1.0,0.2664760310795975,,False,0.7605633802816901,0.0342857142857142,0.0549591124020735,0.0554291043677078,1.0,0.8049811885035755,,False,False,False,-0.03834115805946792,0.014285714285714304,0.017008370551117903,0.016946837637470402,0.0,-0.538505157423978,
full_protocol,grouping_at_original,3141,compact_to_qwen,selective_deployable,0.10,False,0.1805555555555555,0.0514285714285714,0.075311700164249,0.0757390102526806,0.0924170616113744,0.1672799062435113,0.3323077483356049,True,0.2112676056338028,0.0257142857142857,0.0444424640102825,0.0448229487056789,0.0973871733966745,0.1713431111377095,0.3282174171467496,True,False,True,-0.030712050078247316,0.0257142857142857,0.0308692361539665,0.030916061547001696,-0.004970111785300102,-0.004063204894198202,0.004090331188855267
full_protocol,grouping_at_original,3141,compact_to_qwen,selective_deployable,0.25,False,0.2916666666666667,0.0685714285714285,0.0950824614712035,0.0956210343154711,0.2559241706161137,0.1667898229764997,0.3331642683931954,True,0.352112676056338,0.0142857142857142,0.0298011727950201,0.0300567655679614,0.2375296912114014,0.8053056154239157,0.3296778507044991,True,False,True,-0.06044600938967132,0.054285714285714305,0.06528128867618341,0.0655642687475097,0.01839447940471231,-0.638515792447416,0.003486417688696286
full_protocol,grouping_at_original,3141,compact_to_qwen,selective_deployable,0.50,False,0.5555555555555556,0.0485714285714285,0.0719674829531914,0.0723759420051782,0.495260663507109,0.2663081619486931,0.333449249755335,True,0.5774647887323944,0.0257142857142857,0.0444424640102825,0.0448229487056789,0.4631828978622327,0.805128244575364,0.3301369710321273,True,False,True,-0.021909233176838794,0.0228571428571428,0.027525018942908902,0.027552993299499305,0.0320777656448763,-0.5388200826266709,0.0033122787232077178
full_protocol,grouping_at_original,3141,rule_compact_to_qwen,cheap_only,anchor,False,0.1527777777777778,0.0485714285714285,0.0719674829531914,0.0723759420051782,0.0,0.3828825994039425,,False,0.1690140845070422,0.0514285714285714,0.075311700164249,0.0759544884475703,0.0,0.3365171326925291,,False,False,False,-0.016236306729264405,-0.0028571428571428983,-0.0033442172110575985,-0.003578546442392097,0.0,0.046365466711413394,
full_protocol,grouping_at_original,3141,rule_compact_to_qwen,full_information,anchor,False,0.7777777777777778,0.0542857142857142,0.0786402386372628,0.0790863022969873,1.0,0.2367873330774952,,False,0.7887323943661971,0.0428571428571428,0.0652267451569932,0.0657839778694173,1.0,0.2916653680214503,,False,False,False,-0.010954616588419341,0.011428571428571399,0.0134134934802696,0.013302324427569998,0.0,-0.05487803494395513,
full_protocol,grouping_at_original,3141,rule_compact_to_qwen,selective_deployable,0.10,False,0.2916666666666667,0.0514285714285714,0.075311700164249,0.0757390102526806,0.1232227488151658,0.2610687599508179,0.1946248200552524,False,0.3380281690140845,0.0485714285714285,0.0719674829531914,0.0725819148103667,0.1092636579572446,0.2467202793681891,0.2007152949716094,False,False,False,-0.046361502347417816,0.0028571428571428983,0.0033442172110575985,0.0031570954423138925,0.0139590908579212,0.014348480582628803,-0.006090474916357003
full_protocol,grouping_at_original,3141,rule_compact_to_qwen,selective_deployable,0.25,False,0.4722222222222222,0.0971428571428571,0.1272220885311819,0.1279408981064335,0.2369668246445497,0.1619465126345111,0.3088332948965798,True,0.4084507042253521,0.02,0.0372365501937572,0.0375556107146779,0.2470308788598574,0.1984916413542465,0.299249613962971,True,False,True,0.06377151799687009,0.0771428571428571,0.08998553833742469,0.0903852873917556,-0.010064054215307677,-0.03654512871973539,0.009583680933608785
full_protocol,grouping_at_original,3141,rule_compact_to_qwen,selective_deployable,0.50,False,0.6388888888888888,0.06,0.0852545937243758,0.0857378973888335,0.5165876777251185,0.1089883212260606,0.3908840433216415,False,0.6338028169014085,0.0342857142857142,0.0549591124020735,0.0554291043677078,0.498812351543943,0.2594437842217686,0.3776559158272788,False,False,False,0.005086071987480345,0.0257142857142858,0.030295481322302302,0.0303087930211257,0.0177753261811755,-0.150455462995708,0.013228127494362696
full_protocol,grouping_at_original,5772,rule_to_compact,cheap_only,anchor,True,0.1527777777777778,0.0285714285714285,0.047981525580851,0.0485305895776893,0.0,0.3926933271448399,,False,0.2,0.0514285714285714,0.075311700164249,0.0759544884475703,0.0,0.3841905255936983,,True,True,False,-0.04722222222222222,-0.0228571428571429,-0.027330174583397995,-0.027423898869881003,0.0,0.008502801551141581,
full_protocol,grouping_at_original,5772,rule_to_compact,full_information,anchor,True,0.1527777777777778,0.0285714285714285,0.047981525580851,0.0485305895776893,1.0,0.3905133171500383,,False,0.2285714285714285,0.0542857142857142,0.0786402386372628,0.0793112366935812,1.0,0.3697971331917755,,True,True,False,-0.07579365079365072,-0.0257142857142857,-0.030658713056411796,-0.0307806471158919,0.0,0.0207161839582628,
full_protocol,grouping_at_original,5772,rule_to_compact,selective_deployable,0.10,True,0.1527777777777778,0.0285714285714285,0.047981525580851,0.0485305895776893,0.0758293838862559,0.3905133171500383,0.154775055005881,False,0.2285714285714285,0.0542857142857142,0.0786402386372628,0.0793112366935812,0.1261904761904762,0.3697971331917755,0.2036838517632658,True,True,False,-0.07579365079365072,-0.0257142857142857,-0.030658713056411796,-0.0307806471158919,-0.050361092304220284,0.0207161839582628,-0.0489087967573848
full_protocol,grouping_at_original,5772,rule_to_compact,selective_deployable,0.25,True,0.1527777777777778,0.0285714285714285,0.047981525580851,0.0485305895776893,0.2203791469194312,0.3905133171500383,0.2954682053615005,False,0.2285714285714285,0.0542857142857142,0.0786402386372628,0.0793112366935812,0.2833333333333333,0.3697971331917755,0.3140056299393928,True,True,False,-0.07579365079365072,-0.0257142857142857,-0.030658713056411796,-0.0307806471158919,-0.06295418641390213,0.0207161839582628,-0.018537424577892314
full_protocol,grouping_at_original,5772,rule_to_compact,selective_deployable,0.50,True,0.1527777777777778,0.0285714285714285,0.047981525580851,0.0485305895776893,1.0,0.3905133171500383,0.3807327653992689,False,0.2285714285714285,0.0542857142857142,0.0786402386372628,0.0793112366935812,1.0,0.3697971331917755,0.383518469081969,True,True,False,-0.07579365079365072,-0.0257142857142857,-0.030658713056411796,-0.0307806471158919,0.0,0.0207161839582628,-0.0027857036827000914
full_protocol,grouping_at_original,5772,compact_to_qwen,cheap_only,anchor,False,0.125,0.0628571428571428,0.0885422598608603,0.0895515802434881,0.0,0.1695784086398765,,False,0.1285714285714285,0.0571428571428571,0.0819542098114502,0.0826532807745683,0.0,0.1732167141435388,,False,False,False,-0.0035714285714285032,0.0057142857142857065,0.006588050049410099,0.006898299468919802,0.0,-0.0036383055036623146,
full_protocol,grouping_at_original,5772,compact_to_qwen,full_information,anchor,False,0.8611111111111112,0.0428571428571428,0.0652267451569932,0.0625335657785234,1.0,0.2981837758045053,,False,0.7,0.0428571428571428,0.0652267451569932,0.0657839778694173,1.0,0.2680231071292853,,False,False,False,0.1611111111111112,0.0,0.0,-0.0032504120908938977,0.0,0.030160668675219993,
full_protocol,grouping_at_original,5772,compact_to_qwen,selective_deployable,0.10,False,0.2638888888888889,0.0542857142857142,0.0786402386372628,0.079537453931992,0.1184834123222748,0.1686892475652848,0.3310433597541924,False,0.2571428571428571,0.0457142857142857,0.0686063179553179,0.0691922355673019,0.1166666666666666,0.1720692907870819,0.3276364291552514,False,False,False,0.006746031746031778,0.0085714285714285,0.010033920681944905,0.0103452183646901,0.0018167456556082012,-0.0033800432217971077,0.003406930598941038
full_protocol,grouping_at_original,5772,compact_to_qwen,selective_deployable,0.25,False,0.3888888888888889,0.0485714285714285,0.0719674829531914,0.0727890630636232,0.2559241706161137,0.1683741707805201,0.3316132412494942,False,0.4428571428571428,0.0571428571428571,0.0819542098114502,0.0826532807745683,0.2738095238095238,0.1716868455092394,0.3282763991117106,False,False,False,-0.05396825396825389,-0.008571428571428598,-0.009986726858258799,-0.009864217710945089,-0.01788535319341006,-0.003312674728719295,0.0033368421377836244
full_protocol,grouping_at_original,5772,compact_to_qwen,selective_deployable,0.50,False,0.6388888888888888,0.0514285714285714,0.075311700164249,0.0761711959411054,0.5118483412322274,0.2917651938250312,0.3318503140585227,False,0.6428571428571429,0.0428571428571428,0.0652267451569932,0.0657839778694173,0.5285714285714286,0.2678208289528729,0.3284662582432502,False,False,False,-0.003968253968254065,0.008571428571428598,0.0100849550072558,0.010387218071688104,-0.016723087339201137,0.023944364872158286,0.003384055815272513
full_protocol,grouping_at_original,5772,rule_compact_to_qwen,cheap_only,anchor,True,0.1527777777777778,0.0285714285714285,0.047981525580851,0.0485305895776893,0.0,0.3905133171500383,,False,0.2285714285714285,0.0542857142857142,0.0786402386372628,0.0793112366935812,0.0,0.3697971331917755,,True,True,False,-0.07579365079365072,-0.0257142857142857,-0.030658713056411796,-0.0307806471158919,0.0,0.0207161839582628,
full_protocol,grouping_at_original,5772,rule_compact_to_qwen,full_information,anchor,False,0.8888888888888888,0.0542857142857142,0.0786402386372628,0.0761711959411054,1.0,0.2601078381828859,,False,0.7428571428571429,0.0485714285714285,0.0719674829531914,0.0725819148103667,1.0,0.2590887000581322,,False,False,False,0.14603174603174596,0.0057142857142856995,0.006672755684071399,0.0035892811307386974,0.0,0.0010191381247536824,
full_protocol,grouping_at_original,5772,rule_compact_to_qwen,selective_deployable,0.10,True,0.2361111111111111,0.0285714285714285,0.047981525580851,0.0485305895776893,0.0687203791469194,0.3035304395116939,0.146770928440552,False,0.2857142857142857,0.04,0.0618270705368557,0.0623554328159655,0.119047619047619,0.2625035449302754,0.185854842372332,True,True,False,-0.049603174603174593,-0.0114285714285715,-0.013845544956004693,-0.0138248432382762,-0.050327239900699594,0.041026894581418505,-0.039083913931779984
full_protocol,grouping_at_original,5772,rule_compact_to_qwen,selective_deployable,0.25,False,0.4861111111111111,0.0457142857142857,0.0686063179553179,0.0693897713192555,0.2132701421800948,0.1876739447283215,0.2896243704560432,False,0.4285714285714285,0.0428571428571428,0.0652267451569932,0.0657839778694173,0.2785714285714286,0.1683459826405162,0.3123788342862446,False,False,False,0.05753968253968261,0.0028571428571428983,0.0033795727983246954,0.0036057934498382044,-0.06530128639133378,0.019327962087805295,-0.022754463830201355
full_protocol,grouping_at_original,5772,rule_compact_to_qwen,selective_deployable,0.50,False,0.6527777777777778,0.0571428571428571,0.0819542098114502,0.082888961563049,0.5,0.1169464784692947,0.3830112375650545,False,0.5285714285714286,0.0314285714285714,0.0514856606307369,0.0519261074315273,0.5,0.2590887000581322,0.3847637151692411,False,False,False,0.12420634920634921,0.025714285714285696,0.030468549180713296,0.030962854131521694,0.0,-0.14214222158883752,-0.0017524776041866197
full_protocol,grouping_at_original,8111,rule_to_compact,cheap_only,anchor,True,0.1805555555555555,0.02,0.0372365501937572,0.0378801858307727,0.0,0.3452607342611093,,False,0.1571428571428571,0.0371428571428571,0.0584053096533763,0.0589045985512516,0.0,0.3645396391027941,,True,True,False,0.023412698412698385,-0.017142857142857102,-0.021168759459619102,-0.021024412720478905,0.0,-0.019278904841684763,
full_protocol,grouping_at_original,8111,rule_to_compact,full_information,anchor,True,0.1666666666666666,0.0257142857142857,0.0444424640102825,0.0452100039211381,1.0,0.3706988294545491,,False,0.1714285714285714,0.0371428571428571,0.0584053096533763,0.0589045985512516,1.0,0.3700340214527507,,True,True,False,-0.0047619047619048005,-0.011428571428571403,-0.013962845643093802,-0.0136945946301135,0.0,0.000664808001798356,
full_protocol,grouping_at_original,8111,rule_to_compact,selective_deployable,0.10,True,0.1805555555555555,0.02,0.0372365501937572,0.0378801858307727,0.0971563981042654,0.3418776724663008,0.2164093056710603,False,0.1571428571428571,0.0371428571428571,0.0584053096533763,0.0589045985512516,0.069047619047619,0.3597456863613669,0.1596712215421684,True,True,False,0.023412698412698385,-0.017142857142857102,-0.021168759459619102,-0.021024412720478905,0.02810877905664641,-0.017868013895066093,0.05673808412889189
full_protocol,grouping_at_original,8111,rule_to_compact,selective_deployable,0.25,True,0.1666666666666666,0.02,0.0372365501937572,0.0378801858307727,0.2180094786729857,0.3706988294545491,0.3110532523145042,False,0.1857142857142857,0.0371428571428571,0.0584053096533763,0.0589045985512516,0.2142857142857142,0.3597456863613669,0.2936541127242305,True,True,False,-0.01904761904761909,-0.017142857142857102,-0.021168759459619102,-0.021024412720478905,0.003723764387271511,0.010953143093182183,0.017399139590273727
full_protocol,grouping_at_original,8111,rule_to_compact,selective_deployable,0.50,True,0.1666666666666666,0.0257142857142857,0.0444424640102825,0.0452100039211381,1.0,0.3706988294545491,0.3732607640509442,False,0.1714285714285714,0.0371428571428571,0.0584053096533763,0.0589045985512516,1.0,0.3700340214527507,0.3727211012495737,True,True,False,-0.0047619047619048005,-0.011428571428571403,-0.013962845643093802,-0.0136945946301135,0.0,0.000664808001798356,0.0005396628013705218
full_protocol,grouping_at_original,8111,compact_to_qwen,cheap_only,anchor,False,0.1388888888888889,0.0742857142857142,0.1015801236154751,0.1033250932673893,0.0,0.167882710765781,,True,0.1142857142857142,0.0257142857142857,0.0444424640102825,0.0448229487056789,0.0,0.1740943867156264,,True,False,True,0.024603174603174696,0.0485714285714285,0.0571376596051926,0.0585021445617104,0.0,-0.006211675949845397,
full_protocol,grouping_at_original,8111,compact_to_qwen,full_information,anchor,False,0.8055555555555556,0.06,0.0852545937243758,0.0833643773859389,1.0,0.3071012043826168,,True,0.7142857142857143,0.0257142857142857,0.0444424640102825,0.0448229487056789,1.0,0.8060777417759062,,True,False,True,0.09126984126984128,0.034285714285714294,0.0408121297140933,0.03854142868026,0.0,-0.4989765373932894,
full_protocol,grouping_at_original,8111,compact_to_qwen,selective_deployable,0.10,False,0.2222222222222222,0.0428571428571428,0.0652267451569932,0.0663508118066037,0.1208530805687203,0.1670009873719261,0.3327548069516263,True,0.2285714285714285,0.0228571428571428,0.0408631172854826,0.0412131011770303,0.0976190476190476,0.170015574105125,0.3294105127118538,True,False,True,-0.006349206349206299,0.02,0.0243636278715106,0.025137710629573394,0.02323403294967269,-0.003014586733198904,0.003344294239772505
full_protocol,grouping_at_original,8111,compact_to_qwen,selective_deployable,0.25,False,0.3472222222222222,0.0371428571428571,0.0584053096533763,0.0594124963183046,0.2677725118483412,0.1664325089956038,0.3335517281683363,True,0.3428571428571428,0.0285714285714285,0.047981525580851,0.0483921489861662,0.1928571428571428,0.1692807348888787,0.330717256975568,True,False,True,0.004365079365079405,0.008571428571428601,0.010423784072525297,0.0110203473321384,0.07491536899119841,-0.0028482258932749083,0.0028344711927683064
full_protocol,grouping_at_original,8111,compact_to_qwen,selective_deployable,0.50,False,0.6111111111111112,0.0457142857142857,0.0686063179553179,0.0697882452461142,0.533175355450237,0.3066517493655534,0.3339261937711094,True,0.6,0.0257142857142857,0.0444424640102825,0.0448229487056789,0.4476190476190476,0.2865309379712345,0.3311744463112004,True,False,True,0.011111111111111183,0.02,0.024163853945035396,0.0249652965404353,0.0855563078311894,0.02012081139431887,0.002751747459908971
full_protocol,grouping_at_original,8111,rule_compact_to_qwen,cheap_only,anchor,True,0.1666666666666666,0.0257142857142857,0.0444424640102825,0.0452100039211381,0.0,0.3706988294545491,,False,0.1714285714285714,0.0371428571428571,0.0584053096533763,0.0589045985512516,0.0,0.3700340214527507,,True,True,False,-0.0047619047619048005,-0.011428571428571403,-0.013962845643093802,-0.0136945946301135,0.0,0.000664808001798356,
full_protocol,grouping_at_original,8111,rule_compact_to_qwen,full_information,anchor,False,0.8333333333333334,0.0628571428571428,0.0885422598608603,0.0867211275377781,1.0,0.3034837414545134,,True,0.7428571428571429,0.0285714285714285,0.047981525580851,0.0483921489861662,1.0,0.7709180669336178,,True,False,True,0.09047619047619049,0.03428571428571431,0.040560734280009295,0.038328978551611895,0.0,-0.46743432547910435,
full_protocol,grouping_at_original,8111,rule_compact_to_qwen,selective_deployable,0.10,True,0.3611111111111111,0.0114285714285714,0.0259608335203845,0.026410238472177,0.0947867298578199,0.2524707279690268,0.214622602859183,False,0.2285714285714285,0.0371428571428571,0.0584053096533763,0.0589045985512516,0.0714285714285714,0.2853085723298502,0.1616105969760144,True,True,False,0.1325396825396826,-0.025714285714285703,-0.0324444761329918,-0.0324943600790746,0.0233581584292485,-0.032837844360823376,0.053012005883168595
full_protocol,grouping_at_original,8111,rule_compact_to_qwen,selective_deployable,0.25,False,0.5,0.0371428571428571,0.0584053096533763,0.0594124963183046,0.2156398104265403,0.1798819223909395,0.3021224703695999,True,0.3714285714285714,0.0285714285714285,0.047981525580851,0.0483921489861662,0.2071428571428571,0.2007252659414462,0.2911480052226044,True,False,True,0.12857142857142861,0.008571428571428601,0.010423784072525297,0.0110203473321384,0.00849695328368319,-0.02084334355050671,0.01097446514699546
full_protocol,grouping_at_original,8111,rule_compact_to_qwen,selective_deployable,0.50,False,0.625,0.04,0.0618270705368557,0.0628929020231848,0.4739336492890995,0.3034837414545134,0.3775541750304713,True,0.5571428571428572,0.0257142857142857,0.0444424640102825,0.0448229487056789,0.4666666666666667,0.2821123798512261,0.3761531183053433,True,False,True,0.06785714285714284,0.014285714285714301,0.0173846065265732,0.018069953317505903,0.007266982622432805,0.021371361603287287,0.0014010567251279693
full_protocol,label_at_dependency,1729,rule_to_compact,cheap_only,anchor,False,0.1714285714285714,0.0342857142857142,0.0549591124020735,0.0554291043677078,0.0,0.4200792867787566,,False,0.2253521126760563,0.1002865329512893,0.1307613293812365,0.1315020505207594,0.0,0.2752750701503382,,False,False,False,-0.053923541247484885,-0.0660008186655751,-0.075802216979163,-0.07607294615305159,0.0,0.14480421662841841,
full_protocol,label_at_dependency,1729,rule_to_compact,full_information,anchor,False,0.1857142857142857,0.0342857142857142,0.0549591124020735,0.0554291043677078,1.0,0.4170606817111997,,False,0.2253521126760563,0.1002865329512893,0.1307613293812365,0.1315020505207594,1.0,0.2816392375277275,,False,False,False,-0.039637826961770595,-0.0660008186655751,-0.075802216979163,-0.07607294615305159,0.0,0.13542144418347218,
full_protocol,label_at_dependency,1729,rule_to_compact,selective_deployable,0.10,False,0.1714285714285714,0.0342857142857142,0.0549591124020735,0.0554291043677078,0.0976190476190476,0.4170606817111997,0.1603354149717198,False,0.2253521126760563,0.1002865329512893,0.1307613293812365,0.1315020505207594,0.1142857142857142,0.2752750701503382,0.2188824477939055,False,False,False,-0.053923541247484885,-0.0660008186655751,-0.075802216979163,-0.07607294615305159,-0.016666666666666594,0.1417856115608615,-0.05854703282218571
full_protocol,label_at_dependency,1729,rule_to_compact,selective_deployable,0.25,False,0.1857142857142857,0.0342857142857142,0.0549591124020735,0.0554291043677078,0.2595238095238095,0.4170606817111997,0.3020193021621608,False,0.2253521126760563,0.0945558739255014,0.1243929243946513,0.1250979071281523,0.3047619047619048,0.2816392375277275,0.3345110359855733,False,False,False,-0.039637826961770595,-0.0602701596397872,-0.06943381199257781,-0.0696688027604445,-0.0452380952380953,0.13542144418347218,-0.03249173382341253
full_protocol,label_at_dependency,1729,rule_to_compact,selective_deployable,0.50,False,0.1857142857142857,0.0342857142857142,0.0549591124020735,0.0554291043677078,1.0,0.4170606817111997,0.3853106414691997,False,0.2253521126760563,0.1002865329512893,0.1307613293812365,0.1315020505207594,1.0,0.2816392375277275,0.3788306421336455,False,False,False,-0.039637826961770595,-0.0660008186655751,-0.075802216979163,-0.07607294615305159,0.0,0.13542144418347218,0.00647999933555421
full_protocol,label_at_dependency,1729,compact_to_qwen,cheap_only,anchor,False,0.0714285714285714,0.0457142857142857,0.0686063179553179,0.0691922355673019,0.0,0.1737973296313447,,False,0.1830985915492957,0.0487106017191977,0.0721711346734761,0.0725819148103667,0.0,0.1675139493905914,,False,False,False,-0.1116700201207243,-0.0029963160049120002,-0.003564816718158212,-0.003389679243064797,0.0,0.006283380240753311,
full_protocol,label_at_dependency,1729,compact_to_qwen,full_information,anchor,False,0.7714285714285715,0.04,0.0618270705368557,0.0623554328159655,1.0,0.264104037572934,,False,0.8732394366197183,0.0401146131805157,0.0620021937416264,0.0623554328159655,1.0,0.2791831415271825,,False,False,False,-0.1018108651911468,-0.00011461318051569913,-0.00017512320477070659,0.0,0.0,-0.015079103954248496,
full_protocol,label_at_dependency,1729,compact_to_qwen,selective_deployable,0.10,False,0.2571428571428571,0.06,0.0852545937243758,0.0859816093644705,0.0952380952380952,0.172056790969934,0.3274944489760417,True,0.323943661971831,0.0257879656160458,0.0445685725403165,0.0448229487056789,0.1023809523809523,0.1660626955539586,0.3336663335071627,True,False,True,-0.06680080482897388,0.0342120343839542,0.0406860211840593,0.0411586606587916,-0.00714285714285709,0.005994095415975398,-0.006171884531120997
full_protocol,label_at_dependency,1729,compact_to_qwen,selective_deployable,0.25,False,0.4,0.0457142857142857,0.0686063179553179,0.0691922355673019,0.2452380952380952,0.1716980867528846,0.3282743859769409,False,0.5774647887323944,0.0458452722063037,0.0688005183497085,0.0691922355673019,0.2928571428571428,0.1655324055456269,0.3344428422302203,False,False,False,-0.17746478873239435,-0.00013098649201800233,-0.000194200394390609,0.0,-0.047619047619047616,0.006165681207257689,-0.006168456253279386
full_protocol,label_at_dependency,1729,compact_to_qwen,selective_deployable,0.50,False,0.6285714285714286,0.0485714285714285,0.0719674829531914,0.0725819148103667,0.5095238095238095,0.1714547674045518,0.3285414404681359,False,0.7183098591549296,0.0315186246418338,0.05163164376229,0.0519261074315273,0.5452380952380952,0.2791411197966749,0.3346354750818326,False,False,False,-0.08973843058350106,0.017052803929594698,0.0203358391909014,0.020655807378839403,-0.0357142857142857,-0.1076863523921231,-0.0060940346136967305
full_protocol,label_at_dependency,1729,rule_compact_to_qwen,cheap_only,anchor,False,0.1857142857142857,0.0342857142857142,0.0549591124020735,0.0554291043677078,0.0,0.4170606817111997,,False,0.2253521126760563,0.1002865329512893,0.1307613293812365,0.1315020505207594,0.0,0.2816392375277275,,False,False,False,-0.039637826961770595,-0.0660008186655751,-0.075802216979163,-0.07607294615305159,0.0,0.13542144418347218,
full_protocol,label_at_dependency,1729,rule_compact_to_qwen,full_information,anchor,False,0.8,0.0314285714285714,0.0514856606307369,0.0519261074315273,1.0,0.2309631041499236,,False,0.8309859154929577,0.0401146131805157,0.0620021937416264,0.0623554328159655,1.0,0.3083743296292341,,False,False,False,-0.030985915492957705,-0.008686041751944297,-0.0105165331108895,-0.0104293253844382,0.0,-0.07741122547931051,
full_protocol,label_at_dependency,1729,rule_compact_to_qwen,selective_deployable,0.10,True,0.2,0.0142857142857142,0.0298011727950201,0.0300567655679614,0.1,0.3201815731928547,0.1626059501184766,False,0.3661971830985915,0.0802292263610315,0.1083443889968877,0.1089591790172503,0.1214285714285714,0.2156406240096683,0.2180882940630201,True,True,False,-0.1661971830985915,-0.06594351207531729,-0.0785432162018676,-0.0789024134492889,-0.021428571428571394,0.10454094918318638,-0.055482343944543516
full_protocol,label_at_dependency,1729,rule_compact_to_qwen,selective_deployable,0.25,False,0.3857142857142857,0.0371428571428571,0.0584053096533763,0.0589045985512516,0.2571428571428571,0.1924452927666793,0.2918239150197204,True,0.5352112676056338,0.0257879656160458,0.0445685725403165,0.0448229487056789,0.2904761904761905,0.1627885710701084,0.3251254916642668,True,False,True,-0.14949698189134808,0.011354891526811302,0.0138367371130598,0.014081649845572704,-0.03333333333333338,0.02965672169657088,-0.033301576644546416
full_protocol,label_at_dependency,1729,rule_compact_to_qwen,selective_deployable,0.50,True,0.5142857142857142,0.0285714285714285,0.047981525580851,0.0483921489861662,0.5119047619047619,0.2309631041499236,0.3870768310164192,False,0.7746478873239436,0.0401146131805157,0.0620021937416264,0.0623554328159655,0.5285714285714286,0.1186737516249771,0.3812932653902908,True,True,False,-0.2603621730382294,-0.011543184609087199,-0.0140206681607754,-0.013963283829799299,-0.01666666666666672,0.1122893525249465,0.005783565626128417
full_protocol,label_at_dependency,2718,rule_to_compact,cheap_only,anchor,False,0.1549295774647887,0.0542857142857142,0.0786402386372628,0.0793112366935812,0.0,0.3539706002868248,,False,0.2535211267605634,0.0744985673352435,0.1018668488799684,0.1024451811243625,0.0,0.3264976025256917,,False,False,False,-0.09859154929577468,-0.0202128530495293,-0.0232266102427056,-0.023133944430781303,0.0,0.0274729977611331,
full_protocol,label_at_dependency,2718,rule_to_compact,full_information,anchor,False,0.1690140845070422,0.06,0.0852545937243758,0.0859816093644705,1.0,0.348911813188008,,False,0.2535211267605634,0.0659025787965616,0.0920773606800653,0.0926005340775551,1.0,0.3318252113842089,,False,False,False,-0.08450704225352118,-0.0059025787965616,-0.006822766955689508,-0.0066189247130846035,0.0,0.017086601803799117,
full_protocol,label_at_dependency,2718,rule_to_compact,selective_deployable,0.10,False,0.1549295774647887,0.0542857142857142,0.0786402386372628,0.0793112366935812,0.0902612826603325,0.348911813188008,0.1865818520832044,False,0.2535211267605634,0.0773638968481375,0.1051101680318333,0.1057067587005546,0.1214285714285714,0.3082027592687358,0.2066650970999581,False,False,False,-0.09859154929577468,-0.023078182562423305,-0.026469929394570504,-0.0263955220069734,-0.031167288768238904,0.04070905391927221,-0.02008324501675368
full_protocol,label_at_dependency,2718,rule_to_compact,selective_deployable,0.25,False,0.1690140845070422,0.0571428571428571,0.0819542098114502,0.0826532807745683,0.2731591448931116,0.348911813188008,0.3148139175089683,False,0.2535211267605634,0.0859598853868194,0.1147872227706394,0.1154382442262641,0.3309523809523809,0.3082027592687358,0.3355379311324166,False,False,False,-0.08450704225352118,-0.028817028243962296,-0.032833012959189195,-0.032784963451695806,-0.05779323605926928,0.04070905391927221,-0.02072401362344828
full_protocol,label_at_dependency,2718,rule_to_compact,selective_deployable,0.50,False,0.1690140845070422,0.06,0.0852545937243758,0.0859816093644705,1.0,0.348911813188008,0.3796161204198131,False,0.2535211267605634,0.0659025787965616,0.0920773606800653,0.0926005340775551,1.0,0.3318252113842089,0.3852053851246249,False,False,False,-0.08450704225352118,-0.0059025787965616,-0.006822766955689508,-0.0066189247130846035,0.0,0.017086601803799117,-0.005589264704811803
full_protocol,label_at_dependency,2718,compact_to_qwen,cheap_only,anchor,False,0.1971830985915492,0.0457142857142857,0.0686063179553179,0.0691922355673019,0.0,0.1701190061193156,,False,0.028169014084507,0.0372492836676217,0.0585707962924032,0.0589045985512516,0.0,0.1695534138048202,,False,False,False,0.1690140845070422,0.008465002046663998,0.010035521662914694,0.010287637016050302,0.0,0.0005655923144954056,
full_protocol,label_at_dependency,2718,compact_to_qwen,full_information,anchor,False,0.8450704225352113,0.0657142857142857,0.0918179839251865,0.0926005340775551,1.0,0.2653979133733014,,False,0.8732394366197183,0.0573065902578796,0.082185916161531,0.0826532807745683,1.0,0.2762709570334625,,False,False,False,-0.028169014084507005,0.0084076954564061,0.009632067763655508,0.009947253302986805,0.0,-0.010873043660161119,
full_protocol,label_at_dependency,2718,compact_to_qwen,selective_deployable,0.10,False,0.3098591549295774,0.0485714285714285,0.0719674829531914,0.0725819148103667,0.0973871733966745,0.1688000392661567,0.3307570962077484,False,0.2253521126760563,0.0802292263610315,0.1083443889968877,0.1089591790172503,0.0857142857142857,0.1645046771739669,0.3346320112648075,False,False,False,0.0845070422535211,-0.031657797789602996,-0.0363769060436963,-0.0363772642068836,0.011672887682388805,0.004295362092189781,-0.003874915057059114
full_protocol,label_at_dependency,2718,compact_to_qwen,selective_deployable,0.25,False,0.4929577464788732,0.08,0.1080395872808542,0.1089591790172503,0.2470308788598574,0.1682219203944449,0.3317128779797529,False,0.3661971830985915,0.0429799426934097,0.0654114376898755,0.0657839778694173,0.2738095238095238,0.1638653913316793,0.3361211525136454,False,False,False,0.1267605633802817,0.037020057306590304,0.04262814959097869,0.043175201147833006,-0.02677864494966639,0.004356529062765596,-0.004408274533892476
full_protocol,label_at_dependency,2718,compact_to_qwen,selective_deployable,0.50,False,0.676056338028169,0.0657142857142857,0.0918179839251865,0.0926005340775551,0.5558194774346793,0.265414314971004,0.3320640326779116,False,0.647887323943662,0.0487106017191977,0.0721711346734761,0.0725819148103667,0.5166666666666667,0.2762709570334625,0.3364722002238118,False,False,False,0.028169014084507005,0.017003683995087997,0.019646849251710397,0.020018619267188398,0.03915281076801258,-0.01085664206245851,-0.004408167545900177
full_protocol,label_at_dependency,2718,rule_compact_to_qwen,cheap_only,anchor,False,0.1690140845070422,0.06,0.0852545937243758,0.0859816093644705,0.0,0.348911813188008,,False,0.2535211267605634,0.0659025787965616,0.0920773606800653,0.0926005340775551,0.0,0.3318252113842089,,False,False,False,-0.08450704225352118,-0.0059025787965616,-0.006822766955689508,-0.0066189247130846035,0.0,0.017086601803799117,
full_protocol,label_at_dependency,2718,rule_compact_to_qwen,full_information,anchor,False,0.8591549295774648,0.0657142857142857,0.0918179839251865,0.0926005340775551,1.0,0.2341432690918176,,False,0.8028169014084507,0.0515759312320916,0.0755247509283926,0.0759544884475703,1.0,0.2708913469484481,,False,False,False,0.05633802816901401,0.014138354482194096,0.016293232996793902,0.0166460456299848,0.0,-0.03674807785663048,
full_protocol,label_at_dependency,2718,rule_compact_to_qwen,selective_deployable,0.10,False,0.3098591549295774,0.0514285714285714,0.075311700164249,0.0759544884475703,0.0950118764845605,0.2514210922410698,0.1879346758299932,False,0.2957746478873239,0.0401146131805157,0.0620021937416264,0.0623554328159655,0.1142857142857142,0.2553017026953611,0.1929040032735092,False,False,False,0.014084507042253502,0.0113139582480557,0.013309506422622595,0.013599055631604802,-0.0192738378011537,-0.0038806104542913333,-0.004969327443515997
full_protocol,label_at_dependency,2718,rule_compact_to_qwen,selective_deployable,0.25,False,0.4929577464788732,0.0542857142857142,0.0786402386372628,0.0793112366935812,0.2684085510688836,0.1661455191695394,0.3160998654080753,False,0.4788732394366197,0.0401146131805157,0.0620021937416264,0.0623554328159655,0.3047619047619048,0.159988113657847,0.3264420411854583,False,False,False,0.014084507042253502,0.014171101105198501,0.016638044895636396,0.0169558038776157,-0.03635335369302117,0.006157405511692415,-0.010342175777383
full_protocol,label_at_dependency,2718,rule_compact_to_qwen,selective_deployable,0.50,False,0.6619718309859155,0.0714285714285714,0.0983363190817036,0.0991739728379858,0.4869358669833729,0.1167833661006428,0.3828128708626107,False,0.6901408450704225,0.0458452722063037,0.0688005183497085,0.0691922355673019,0.5619047619047619,0.1116781478147735,0.3883043669126252,False,False,False,-0.028169014084507005,0.025583299222267694,0.02953580073199509,0.0299817372706839,-0.07496889492138903,0.005105218285869295,-0.005491496050014533
full_protocol,label_at_dependency,3141,rule_to_compact,cheap_only,anchor,False,0.1830985915492957,0.0542857142857142,0.0786402386372628,0.0793112366935812,0.0,0.3246572676332325,,False,0.1690140845070422,0.0343839541547277,0.0551148884098652,0.0554291043677078,0.0,0.3667711766886886,,False,False,False,0.014084507042253502,0.019901760130986504,0.0235253502273976,0.023882132325873398,0.0,-0.04211390905545609,
full_protocol,label_at_dependency,3141,rule_to_compact,full_information,anchor,False,0.1690140845070422,0.0514285714285714,0.075311700164249,0.0759544884475703,1.0,0.3365171326925291,,False,0.1830985915492957,0.0315186246418338,0.05163164376229,0.0519261074315273,1.0,0.3709544555437045,,False,False,False,-0.014084507042253502,0.019909946786737596,0.023680056401959,0.024028381016043,0.0,-0.0344373228511754,
full_protocol,label_at_dependency,3141,rule_to_compact,selective_deployable,0.10,False,0.2112676056338028,0.0657142857142857,0.0918179839251865,0.0926005340775551,0.1140142517814726,0.3012381813414551,0.2273970086059956,False,0.1830985915492957,0.0343839541547277,0.0551148884098652,0.0554291043677078,0.0714285714285714,0.3616106684239435,0.161599264706628,False,False,False,0.028169014084507116,0.031330331559558,0.036703095515321305,0.0371714297098473,0.04258568035290121,-0.060372487082488435,0.0657977438993676
full_protocol,label_at_dependency,3141,rule_to_compact,selective_deployable,0.25,False,0.2253521126760563,0.0657142857142857,0.0918179839251865,0.0926005340775551,0.2375296912114014,0.3012381813414551,0.3087366774439137,False,0.1830985915492957,0.0343839541547277,0.0551148884098652,0.0554291043677078,0.2476190476190476,0.3616106684239435,0.2976232188321985,False,False,False,0.04225352112676059,0.031330331559558,0.036703095515321305,0.0371714297098473,-0.010089356407646188,-0.060372487082488435,0.011113458611715199
full_protocol,label_at_dependency,3141,rule_to_compact,selective_deployable,0.50,False,0.1690140845070422,0.0514285714285714,0.075311700164249,0.0759544884475703,1.0,0.3365171326925291,0.3757135483820764,False,0.1830985915492957,0.0315186246418338,0.05163164376229,0.0519261074315273,1.0,0.3709544555437045,0.3830229119163429,False,False,False,-0.014084507042253502,0.019909946786737596,0.023680056401959,0.024028381016043,0.0,-0.0344373228511754,-0.007309363534266533
full_protocol,label_at_dependency,3141,compact_to_qwen,cheap_only,anchor,False,0.1267605633802817,0.0514285714285714,0.075311700164249,0.0759544884475703,0.0,0.1745420006694583,,False,0.0704225352112676,0.0429799426934097,0.0654114376898755,0.0657839778694173,0.0,0.168959786863076,,False,False,False,0.05633802816901409,0.008448628735161702,0.009900262474373492,0.010170510578153005,0.0,0.005582213806382297,
full_protocol,label_at_dependency,3141,compact_to_qwen,full_information,anchor,False,0.7605633802816901,0.0342857142857142,0.0549591124020735,0.0554291043677078,1.0,0.8049811885035755,,False,0.8450704225352113,0.0630372492836676,0.0887924515705344,0.0892970996156788,1.0,0.3045844595507426,,False,False,False,-0.08450704225352113,-0.02875153499795341,-0.03383333916846091,-0.033867995247971,0.0,0.5003967289528328,
full_protocol,label_at_dependency,3141,compact_to_qwen,selective_deployable,0.10,True,0.2112676056338028,0.0257142857142857,0.0444424640102825,0.0448229487056789,0.0973871733966745,0.1713431111377095,0.3282174171467496,False,0.2535211267605634,0.0630372492836676,0.0887924515705344,0.0892970996156788,0.0952380952380952,0.1638578487082143,0.3353146271309882,True,True,False,-0.04225352112676056,-0.0373229635693819,-0.04434998756025191,-0.044474150909999906,0.002149078158579301,0.00748526242949521,-0.007097209984238573
full_protocol,label_at_dependency,3141,compact_to_qwen,selective_deployable,0.25,True,0.352112676056338,0.0142857142857142,0.0298011727950201,0.0300567655679614,0.2375296912114014,0.8053056154239157,0.3296778507044991,False,0.3943661971830985,0.0630372492836676,0.0887924515705344,0.0892970996156788,0.3023809523809523,0.1631461510300827,0.3368138499307798,True,True,False,-0.04225352112676051,-0.04875153499795341,-0.05899127877551431,-0.059240334047717405,-0.0648512611695509,0.642159464393833,-0.007135999226280665
full_protocol,label_at_dependency,3141,compact_to_qwen,selective_deployable,0.50,True,0.5774647887323944,0.0257142857142857,0.0444424640102825,0.0448229487056789,0.4631828978622327,0.805128244575364,0.3301369710321273,False,0.6619718309859155,0.0573065902578796,0.082185916161531,0.0826532807745683,0.5595238095238095,0.3045844595507426,0.3372096496463653,True,True,False,-0.08450704225352113,-0.031592304543593894,-0.0377434521512485,-0.037830332068889395,-0.09634091166157682,0.5005437850246215,-0.007072678614237993
full_protocol,label_at_dependency,3141,rule_compact_to_qwen,cheap_only,anchor,False,0.1690140845070422,0.0514285714285714,0.075311700164249,0.0759544884475703,0.0,0.3365171326925291,,False,0.1830985915492957,0.0315186246418338,0.05163164376229,0.0519261074315273,0.0,0.3709544555437045,,False,False,False,-0.014084507042253502,0.019909946786737596,0.023680056401959,0.024028381016043,0.0,-0.0344373228511754,
full_protocol,label_at_dependency,3141,rule_compact_to_qwen,full_information,anchor,False,0.7887323943661971,0.0428571428571428,0.0652267451569932,0.0657839778694173,1.0,0.2916653680214503,,False,0.8450704225352113,0.0544412607449856,0.0788626398635572,0.0793112366935812,1.0,0.3134648796740404,,False,False,False,-0.05633802816901412,-0.011584117887842797,-0.013635894706563997,-0.013527258824163904,0.0,-0.021799511652590087,
full_protocol,label_at_dependency,3141,rule_compact_to_qwen,selective_deployable,0.10,False,0.3380281690140845,0.0485714285714285,0.0719674829531914,0.0725819148103667,0.1092636579572446,0.2467202793681891,0.2007152949716094,False,0.2816901408450704,0.0343839541547277,0.0551148884098652,0.0554291043677078,0.0833333333333333,0.2914317310047047,0.1646333350354563,False,False,False,0.05633802816901412,0.014187474416700804,0.016852594543326202,0.0171528104426589,0.025930324623911302,-0.0447114516365156,0.036081959936153096
full_protocol,label_at_dependency,3141,rule_compact_to_qwen,selective_deployable,0.25,True,0.4084507042253521,0.02,0.0372365501937572,0.0375556107146779,0.2470308788598574,0.1984916413542465,0.299249613962971,False,0.4507042253521127,0.0315186246418338,0.05163164376229,0.0519261074315273,0.2642857142857143,0.1959535858135248,0.2971749331817662,True,True,False,-0.04225352112676056,-0.011518624641833803,-0.014395093568532802,-0.014370496716849396,-0.0172548354258569,0.002538055540721701,0.0020746807812048185
full_protocol,label_at_dependency,3141,rule_compact_to_qwen,selective_deployable,0.50,False,0.6338028169014085,0.0342857142857142,0.0549591124020735,0.0554291043677078,0.498812351543943,0.2594437842217686,0.3776559158272788,False,0.5915492957746479,0.0372492836676217,0.0585707962924032,0.0589045985512516,0.4833333333333333,0.3134648796740404,0.3868067809939189,False,False,False,0.04225352112676062,-0.002963569381907505,-0.0036116838903297033,-0.003475494183543801,0.015479018210609707,-0.054021095452271795,-0.009150865166640099
full_protocol,label_at_dependency,5772,rule_to_compact,cheap_only,anchor,False,0.2,0.0514285714285714,0.075311700164249,0.0759544884475703,0.0,0.3841905255936983,,False,0.1549295774647887,0.0716332378223495,0.0986139608665145,0.0991739728379858,0.0,0.315479593503203,,False,False,False,0.04507042253521132,-0.020204666393778097,-0.0233022607022655,-0.023219484390415504,0.0,0.06871093209049534,
full_protocol,label_at_dependency,5772,rule_to_compact,full_information,anchor,False,0.2285714285714285,0.0542857142857142,0.0786402386372628,0.0793112366935812,1.0,0.3697971331917755,,False,0.1690140845070422,0.0630372492836676,0.0887924515705344,0.0892970996156788,1.0,0.3310311262469048,,False,False,False,0.059557344064386314,-0.008751534997953406,-0.010152212933271607,-0.009985862922097605,0.0,0.0387660069448707,
full_protocol,label_at_dependency,5772,rule_to_compact,selective_deployable,0.10,False,0.2285714285714285,0.0542857142857142,0.0786402386372628,0.0793112366935812,0.1261904761904762,0.3697971331917755,0.2036838517632658,False,0.1549295774647887,0.0687679083094555,0.0953509876396336,0.0958926144455047,0.1023809523809523,0.3116910783787474,0.1985955404769946,False,False,False,0.07364185110663982,-0.014482194023741304,-0.016710749002370795,-0.016581377751923504,0.02380952380952389,0.05810605481302811,0.005088311286271213
full_protocol,label_at_dependency,5772,rule_to_compact,selective_deployable,0.25,False,0.2285714285714285,0.0542857142857142,0.0786402386372628,0.0793112366935812,0.2833333333333333,0.3697971331917755,0.3140056299393928,False,0.1690140845070422,0.0630372492836676,0.0887924515705344,0.0892970996156788,0.2857142857142857,0.3310311262469048,0.3395766371694991,False,False,False,0.059557344064386314,-0.008751534997953406,-0.010152212933271607,-0.009985862922097605,-0.0023809523809523725,0.0387660069448707,-0.025571007230106302
full_protocol,label_at_dependency,5772,rule_to_compact,selective_deployable,0.50,False,0.2285714285714285,0.0542857142857142,0.0786402386372628,0.0793112366935812,1.0,0.3697971331917755,0.383518469081969,False,0.1690140845070422,0.0630372492836676,0.0887924515705344,0.0892970996156788,1.0,0.3310311262469048,0.3900296527547014,False,False,False,0.059557344064386314,-0.008751534997953406,-0.010152212933271607,-0.009985862922097605,0.0,0.0387660069448707,-0.006511183672732401
full_protocol,label_at_dependency,5772,compact_to_qwen,cheap_only,anchor,False,0.1285714285714285,0.0571428571428571,0.0819542098114502,0.0826532807745683,0.0,0.1732167141435388,,False,0.1549295774647887,0.0429799426934097,0.0654114376898755,0.0657839778694173,0.0,0.1669266638339627,,False,False,False,-0.02635814889336019,0.014162914449447402,0.016542772121574692,0.016869302905151,0.0,0.006290050309576106,
full_protocol,label_at_dependency,5772,compact_to_qwen,full_information,anchor,False,0.7,0.0428571428571428,0.0652267451569932,0.0657839778694173,1.0,0.2680231071292853,,False,0.8873239436619719,0.0315186246418338,0.05163164376229,0.0519261074315273,1.0,0.8061031898573007,,False,False,False,-0.18732394366197191,0.011338518215308999,0.013595101394703199,0.013857870437889996,0.0,-0.5380800827280154,
full_protocol,label_at_dependency,5772,compact_to_qwen,selective_deployable,0.10,False,0.2571428571428571,0.0457142857142857,0.0686063179553179,0.0691922355673019,0.1166666666666666,0.1720692907870819,0.3276364291552514,False,0.2816901408450704,0.0343839541547277,0.0551148884098652,0.0554291043677078,0.1047619047619047,0.1655777534908442,0.3342214092617234,False,False,False,-0.024547283702213263,0.011330331559558003,0.013491429545452696,0.013763131199594103,0.011904761904761904,0.0064915372962377205,-0.006584980106472016
full_protocol,label_at_dependency,5772,compact_to_qwen,selective_deployable,0.25,False,0.4428571428571428,0.0571428571428571,0.0819542098114502,0.0826532807745683,0.2738095238095238,0.1716868455092394,0.3282763991117106,False,0.5492957746478874,0.0343839541547277,0.0551148884098652,0.0554291043677078,0.2785714285714286,0.1650410780526402,0.3349339728860777,False,False,False,-0.10643863179074459,0.022758902988129402,0.026839321401585,0.027224176406860492,-0.0047619047619048005,0.0066457674565992,-0.006657573774367098
full_protocol,label_at_dependency,5772,compact_to_qwen,selective_deployable,0.50,False,0.6428571428571429,0.0428571428571428,0.0652267451569932,0.0657839778694173,0.5285714285714286,0.2678208289528729,0.3284662582432502,False,0.8028169014084507,0.0372492836676217,0.0585707962924032,0.0589045985512516,0.5833333333333334,0.2862797294047967,0.3352055305504517,False,False,False,-0.15995975855130784,0.0056078591895211,0.006655948864589999,0.006879379318165693,-0.05476190476190479,-0.018458900451923776,-0.006739272307201505
full_protocol,label_at_dependency,5772,rule_compact_to_qwen,cheap_only,anchor,False,0.2285714285714285,0.0542857142857142,0.0786402386372628,0.0793112366935812,0.0,0.3697971331917755,,False,0.1690140845070422,0.0630372492836676,0.0887924515705344,0.0892970996156788,0.0,0.3310311262469048,,False,False,False,0.059557344064386314,-0.008751534997953406,-0.010152212933271607,-0.009985862922097605,0.0,0.0387660069448707,
full_protocol,label_at_dependency,5772,rule_compact_to_qwen,full_information,anchor,False,0.7428571428571429,0.0485714285714285,0.0719674829531914,0.0725819148103667,1.0,0.2590887000581322,,False,0.9014084507042254,0.0372492836676217,0.0585707962924032,0.0589045985512516,1.0,0.2349487819578384,,False,False,False,-0.1585513078470825,0.0113221449038068,0.0133966866607882,0.0136773162591151,0.0,0.02413991810029384,
full_protocol,label_at_dependency,5772,rule_compact_to_qwen,selective_deployable,0.10,False,0.2857142857142857,0.04,0.0618270705368557,0.0623554328159655,0.119047619047619,0.2625035449302754,0.185854842372332,False,0.3098591549295774,0.0458452722063037,0.0688005183497085,0.0691922355673019,0.0952380952380952,0.2486845975219618,0.1952083824907634,False,False,False,-0.024144869215291687,-0.005845272206303702,-0.006973447812852807,-0.006836802751336406,0.023809523809523794,0.013818947408313603,-0.009353540118431397
full_protocol,label_at_dependency,5772,rule_compact_to_qwen,selective_deployable,0.25,False,0.4285714285714285,0.0428571428571428,0.0652267451569932,0.0657839778694173,0.2785714285714286,0.1683459826405162,0.3123788342862446,False,0.5492957746478874,0.0401146131805157,0.0620021937416264,0.0623554328159655,0.2857142857142857,0.1493393461939944,0.3428921868829502,False,False,False,-0.12072434607645888,0.002742529676627102,0.0032245514153667956,0.0034285450534517967,-0.0071428571428571175,0.019006636446521813,-0.030513352596705623
full_protocol,label_at_dependency,5772,rule_compact_to_qwen,selective_deployable,0.50,False,0.5285714285714286,0.0314285714285714,0.0514856606307369,0.0519261074315273,0.5,0.2590887000581322,0.3847637151692411,False,0.7605633802816901,0.0372492836676217,0.0585707962924032,0.0589045985512516,0.5619047619047619,0.2142471046547969,0.3927807809906161,False,False,False,-0.23199195171026155,-0.005820712239050299,-0.0070851356616662975,-0.006978491119724303,-0.06190476190476191,0.04484159540333532,-0.008017065821374958
full_protocol,label_at_dependency,8111,rule_to_compact,cheap_only,anchor,False,0.1571428571428571,0.0371428571428571,0.0584053096533763,0.0589045985512516,0.0,0.3645396391027941,,False,0.1971830985915492,0.0515759312320916,0.0755247509283926,0.0759544884475703,0.0,0.3387856595325674,,False,False,False,-0.04004024144869209,-0.014433074089234499,-0.0171194412750163,-0.0170498898963187,0.0,0.02575397957022668,
full_protocol,label_at_dependency,8111,rule_to_compact,full_information,anchor,False,0.1714285714285714,0.0371428571428571,0.0584053096533763,0.0589045985512516,1.0,0.3700340214527507,,False,0.1971830985915492,0.0515759312320916,0.0755247509283926,0.0759544884475703,1.0,0.3339802743111833,,False,False,False,-0.025754527162977797,-0.014433074089234499,-0.0171194412750163,-0.0170498898963187,0.0,0.036053747141567394,
full_protocol,label_at_dependency,8111,rule_to_compact,selective_deployable,0.10,False,0.1571428571428571,0.0371428571428571,0.0584053096533763,0.0589045985512516,0.069047619047619,0.3597456863613669,0.1596712215421684,False,0.1971830985915492,0.0515759312320916,0.0755247509283926,0.0759544884475703,0.0904761904761904,0.3339802743111833,0.2037857909054532,False,False,False,-0.04004024144869209,-0.014433074089234499,-0.0171194412750163,-0.0170498898963187,-0.021428571428571408,0.025765412050183567,-0.04411456936328481
full_protocol,label_at_dependency,8111,rule_to_compact,selective_deployable,0.25,False,0.1857142857142857,0.0371428571428571,0.0584053096533763,0.0589045985512516,0.2142857142857142,0.3597456863613669,0.2936541127242305,False,0.1971830985915492,0.0515759312320916,0.0755247509283926,0.0759544884475703,0.2309523809523809,0.3339802743111833,0.3263744593732783,False,False,False,-0.011468812877263507,-0.014433074089234499,-0.0171194412750163,-0.0170498898963187,-0.01666666666666672,0.025765412050183567,-0.03272034664904783
full_protocol,label_at_dependency,8111,rule_to_compact,selective_deployable,0.50,False,0.1714285714285714,0.0371428571428571,0.0584053096533763,0.0589045985512516,1.0,0.3700340214527507,0.3727211012495737,False,0.1971830985915492,0.0515759312320916,0.0755247509283926,0.0759544884475703,1.0,0.3339802743111833,0.3925171116876352,False,False,False,-0.025754527162977797,-0.014433074089234499,-0.0171194412750163,-0.0170498898963187,0.0,0.036053747141567394,-0.019796010438061507
full_protocol,label_at_dependency,8111,compact_to_qwen,cheap_only,anchor,True,0.1142857142857142,0.0257142857142857,0.0444424640102825,0.0448229487056789,0.0,0.1740943867156264,,True,0.0140845070422535,0.0085959885386819,0.0220658820057644,0.0221921904960537,0.0,0.230400173779272,,False,False,False,0.1002012072434607,0.0171182971756038,0.022376582004518097,0.0226307582096252,0.0,-0.056305787063645585,
full_protocol,label_at_dependency,8111,compact_to_qwen,full_information,anchor,True,0.7142857142857143,0.0257142857142857,0.0444424640102825,0.0448229487056789,1.0,0.8060777417759062,,False,0.7746478873239436,0.0544412607449856,0.0788626398635572,0.0793112366935812,1.0,0.2790128526680642,,True,True,False,-0.06036217303822933,-0.0287269750306999,-0.0344201758532747,-0.0344882879879023,0.0,0.527064889107842,
full_protocol,label_at_dependency,8111,compact_to_qwen,selective_deployable,0.10,True,0.2285714285714285,0.0228571428571428,0.0408631172854826,0.0412131011770303,0.0976190476190476,0.170015574105125,0.3294105127118538,False,0.1549295774647887,0.0487106017191977,0.0721711346734761,0.0725819148103667,0.1047619047619047,0.1659312131819617,0.3337156301880766,True,True,False,0.07364185110663982,-0.0258534588620549,-0.031308017387993506,-0.0313688136333364,-0.00714285714285709,0.004084360923163305,-0.004305117476222808
full_protocol,label_at_dependency,8111,compact_to_qwen,selective_deployable,0.25,True,0.3428571428571428,0.0285714285714285,0.047981525580851,0.0483921489861662,0.1928571428571428,0.1692807348888787,0.330717256975568,False,0.4225352112676056,0.0716332378223495,0.0986139608665145,0.0991739728379858,0.2666666666666666,0.16529478289956,0.3346300374381704,True,True,False,-0.07967806841046282,-0.043061809250921,-0.050632435285663496,-0.050781823851819605,-0.0738095238095238,0.003985951989318698,-0.003912780462602405
full_protocol,label_at_dependency,8111,compact_to_qwen,selective_deployable,0.50,True,0.6,0.0257142857142857,0.0444424640102825,0.0448229487056789,0.4476190476190476,0.2865309379712345,0.3311744463112004,False,0.647887323943662,0.0458452722063037,0.0688005183497085,0.0691922355673019,0.5380952380952381,0.2790128526680642,0.3349144664846444,True,True,False,-0.04788732394366202,-0.020130986492018003,-0.024358054339426005,-0.024369286861623006,-0.09047619047619049,0.00751808530317033,-0.003740020173443992
full_protocol,label_at_dependency,8111,rule_compact_to_qwen,cheap_only,anchor,False,0.1714285714285714,0.0371428571428571,0.0584053096533763,0.0589045985512516,0.0,0.3700340214527507,,False,0.1971830985915492,0.0515759312320916,0.0755247509283926,0.0759544884475703,0.0,0.3339802743111833,,False,False,False,-0.025754527162977797,-0.014433074089234499,-0.0171194412750163,-0.0170498898963187,0.0,0.036053747141567394,
full_protocol,label_at_dependency,8111,rule_compact_to_qwen,full_information,anchor,True,0.7428571428571429,0.0285714285714285,0.047981525580851,0.0483921489861662,1.0,0.7709180669336178,,False,0.8028169014084507,0.0458452722063037,0.0688005183497085,0.0691922355673019,1.0,0.2598558676209557,,True,True,False,-0.05995975855130786,-0.0172738436348752,-0.0208189927688575,-0.020800086581135704,0.0,0.5110621993126621,
full_protocol,label_at_dependency,8111,rule_compact_to_qwen,selective_deployable,0.10,False,0.2285714285714285,0.0371428571428571,0.0584053096533763,0.0589045985512516,0.0714285714285714,0.2853085723298502,0.1616105969760144,False,0.2957746478873239,0.0401146131805157,0.0620021937416264,0.0623554328159655,0.0904761904761904,0.2417991801959407,0.1974997053339554,False,False,False,-0.06720321931589537,-0.0029717560376585975,-0.0035968840882501033,-0.0034508342647138965,-0.019047619047619008,0.043509392133909475,-0.035889108357940985
full_protocol,label_at_dependency,8111,rule_compact_to_qwen,selective_deployable,0.25,True,0.3714285714285714,0.0285714285714285,0.047981525580851,0.0483921489861662,0.2071428571428571,0.2007252659414462,0.2911480052226044,True,0.4225352112676056,0.0171919770773638,0.0336488440508061,0.0338411448460409,0.2142857142857142,0.1744220528527204,0.3225320123496372,False,False,False,-0.05110663983903424,0.011379451494064701,0.014332681530044904,0.0145510041401253,-0.00714285714285709,0.026303213088725824,-0.031384007127032765
full_protocol,label_at_dependency,8111,rule_compact_to_qwen,selective_deployable,0.50,True,0.5571428571428572,0.0257142857142857,0.0444424640102825,0.0448229487056789,0.4666666666666667,0.2821123798512261,0.3761531183053433,False,0.6901408450704225,0.0487106017191977,0.0721711346734761,0.0725819148103667,0.5261904761904762,0.1057004414845964,0.3942894501183616,True,True,False,-0.13299798792756534,-0.022996316004912,-0.027728670663193608,-0.027758966104687803,-0.059523809523809534,0.17641193836662972,-0.01813633181301827
full_protocol,label_at_singleton,1729,rule_to_compact,cheap_only,anchor,False,0.1830985915492957,0.0657142857142857,0.0918179839251865,0.0923382065597978,0.0,0.3780937451114933,,False,0.1388888888888889,0.0401146131805157,0.0620021937416264,0.0620021937416264,0.0,0.3961376104925911,,False,False,False,0.0442097026604068,0.025599672533769997,0.0298157901835601,0.030336012818171394,0.0,-0.018043865381097812,
full_protocol,label_at_singleton,1729,rule_to_compact,full_information,anchor,False,0.2253521126760563,0.0714285714285714,0.0983363190817036,0.0988931743258276,1.0,0.3694307660213807,,False,0.1666666666666666,0.0372492836676217,0.0585707962924032,0.0585707962924032,1.0,0.3961240628757912,,False,False,False,0.058685446009389686,0.034179287760949695,0.03976552278930039,0.0403223780334244,0.0,-0.02669329685441052,
full_protocol,label_at_singleton,1729,rule_to_compact,selective_deployable,0.10,False,0.1830985915492957,0.0657142857142857,0.0918179839251865,0.0923382065597978,0.0997624703087886,0.3694307660213807,0.1626990878854541,False,0.1388888888888889,0.0401146131805157,0.0620021937416264,0.0620021937416264,0.0855106888361045,0.3911655258374367,0.1667604618287977,False,False,False,0.0442097026604068,0.025599672533769997,0.0298157901835601,0.030336012818171394,0.014251781472684091,-0.021734759816055993,-0.004061373943343605
full_protocol,label_at_singleton,1729,rule_to_compact,selective_deployable,0.25,False,0.2253521126760563,0.0714285714285714,0.0983363190817036,0.0988931743258276,0.2755344418052256,0.3694307660213807,0.3114910702528014,False,0.1666666666666666,0.0429799426934097,0.0654114376898755,0.0654114376898755,0.2327790973871734,0.3911655258374367,0.3071288067759891,False,False,False,0.058685446009389686,0.0284486287351617,0.03292488139182809,0.033481736635952095,0.04275534441805223,-0.021734759816055993,0.004362263476812345
full_protocol,label_at_singleton,1729,rule_to_compact,selective_deployable,0.50,False,0.2253521126760563,0.0714285714285714,0.0983363190817036,0.0988931743258276,1.0,0.3694307660213807,0.3868435767570832,False,0.1666666666666666,0.0372492836676217,0.0585707962924032,0.0585707962924032,1.0,0.3961240628757912,0.3888920605944811,False,False,False,0.058685446009389686,0.034179287760949695,0.03976552278930039,0.0403223780334244,0.0,-0.02669329685441052,-0.0020484838373979186
full_protocol,label_at_singleton,1729,compact_to_qwen,cheap_only,anchor,False,0.0704225352112676,0.0485714285714285,0.0719674829531914,0.0723759420051782,0.0,0.1714875382995864,,False,0.0416666666666666,0.0372492836676217,0.0585707962924032,0.0585707962924032,0.0,0.1752157241568595,,False,False,False,0.028755868544600993,0.0113221449038068,0.0133966866607882,0.013805145712775004,0.0,-0.003728185857273081,
full_protocol,label_at_singleton,1729,compact_to_qwen,full_information,anchor,False,0.8450704225352113,0.0628571428571428,0.0885422598608603,0.089044060796342,1.0,0.2743864788917154,,True,0.7083333333333334,0.0257879656160458,0.0445685725403165,0.0445685725403165,1.0,0.8205177391220501,,True,False,True,0.13673708920187788,0.037069177241097005,0.0439736873205438,0.0444754882560255,0.0,-0.5461312602303346,
full_protocol,label_at_singleton,1729,compact_to_qwen,selective_deployable,0.10,True,0.1549295774647887,0.0257142857142857,0.0444424640102825,0.0446953987244803,0.0688836104513064,0.1693850275566031,0.3302598862185989,False,0.2777777777777778,0.0458452722063037,0.0688005183497085,0.0688005183497085,0.1140142517814726,0.1686929572472942,0.3308026872688529,True,True,False,-0.1228482003129891,-0.020130986492018003,-0.024358054339426005,-0.024105119625228204,-0.0451306413301662,0.0006920703093089009,-0.0005428010502540048
full_protocol,label_at_singleton,1729,compact_to_qwen,selective_deployable,0.25,False,0.3661971830985915,0.0314285714285714,0.0514856606307369,0.0517784569960094,0.2494061757719715,0.2853697533139854,0.3315384756877843,True,0.3333333333333333,0.0286532951289398,0.0481176236497317,0.0481176236497317,0.2399049881235154,0.1680058394861782,0.3319787797569845,True,False,True,0.03286384976525819,0.0027752762996316044,0.0033680369810052055,0.003660833346277703,0.009501187648456089,0.1173639138278072,-0.0004403040692002036
full_protocol,label_at_singleton,1729,compact_to_qwen,selective_deployable,0.50,False,0.6056338028169014,0.0485714285714285,0.0719674829531914,0.0723759420051782,0.4798099762470308,0.2743864788917154,0.331836467261148,True,0.5555555555555556,0.0171919770773638,0.0336488440508061,0.0336488440508061,0.4750593824228028,0.8206721028626703,0.3324458873950743,True,False,True,0.0500782472613458,0.0313794514940647,0.0383186389023853,0.038727097954372104,0.004750593824227989,-0.5462856239709549,-0.0006094201339262861
full_protocol,label_at_singleton,1729,rule_compact_to_qwen,cheap_only,anchor,False,0.2253521126760563,0.0714285714285714,0.0983363190817036,0.0988931743258276,0.0,0.3694307660213807,,False,0.1666666666666666,0.0372492836676217,0.0585707962924032,0.0585707962924032,0.0,0.3961240628757912,,False,False,False,0.058685446009389686,0.034179287760949695,0.03976552278930039,0.0403223780334244,0.0,-0.02669329685441052,
full_protocol,label_at_singleton,1729,rule_compact_to_qwen,full_information,anchor,False,0.8309859154929577,0.0628571428571428,0.0885422598608603,0.089044060796342,1.0,0.2133718179264164,,True,0.7777777777777778,0.0257879656160458,0.0445685725403165,0.0445685725403165,1.0,0.7555053320974499,,True,False,True,0.05320813771517996,0.037069177241097005,0.0439736873205438,0.0444754882560255,0.0,-0.5421335141710335,
full_protocol,label_at_singleton,1729,rule_compact_to_qwen,selective_deployable,0.10,False,0.2816901408450704,0.06,0.0852545937243758,0.0857378973888335,0.1116389548693586,0.2684451963246672,0.1610690392952704,True,0.2222222222222222,0.0229226361031518,0.0409791162974825,0.0409791162974825,0.0902612826603325,0.3095395125109967,0.1547882578423586,True,False,True,0.05946791862284817,0.037077363896848195,0.0442754774268933,0.044758781091351,0.021377672209026102,-0.04109431618632953,0.006280781452911777
full_protocol,label_at_singleton,1729,rule_compact_to_qwen,selective_deployable,0.25,False,0.3661971830985915,0.0571428571428571,0.0819542098114502,0.0824189360829214,0.2636579572446555,0.1789649668875829,0.2982803084643726,False,0.3472222222222222,0.0315186246418338,0.05163164376229,0.05163164376229,0.2232779097387173,0.1842897816803069,0.2995219366611478,False,False,False,0.018974960876369296,0.025624232501023296,0.0303225660491602,0.030787292320631404,0.04038004750593821,-0.005324814792724009,-0.0012416281967752019
full_protocol,label_at_singleton,1729,rule_compact_to_qwen,selective_deployable,0.50,False,0.5915492957746479,0.0628571428571428,0.0885422598608603,0.089044060796342,0.5130641330166271,0.1112696388441863,0.3886559692489183,True,0.5277777777777778,0.0229226361031518,0.0409791162974825,0.0409791162974825,0.503562945368171,0.3006913214979552,0.3931704554106146,True,False,True,0.06377151799687009,0.039934506753991,0.0475631435633778,0.0480649444988595,0.009501187648456089,-0.1894216826537689,-0.004514486161696307
full_protocol,label_at_singleton,2718,rule_to_compact,cheap_only,anchor,False,0.2222222222222222,0.0628571428571428,0.0885422598608603,0.0895515802434881,0.0,0.3330297911986389,,False,0.2191780821917808,0.0630372492836676,0.0887924515705344,0.0898075150342231,0.0,0.344922445160433,,False,False,False,0.0030441400304414,-0.0001801064265248009,-0.000250191709674108,-0.0002559347907350046,0.0,-0.01189265396179412,
full_protocol,label_at_singleton,2718,rule_to_compact,full_information,anchor,False,0.2361111111111111,0.0685714285714285,0.0950824614712035,0.0961657411238728,1.0,0.327979057696733,,False,0.2465753424657534,0.0687679083094555,0.0953509876396336,0.0964404275941647,1.0,0.3392677713766888,,False,False,False,-0.010464231354642306,-0.00019647973802700003,-0.00026852616843009436,-0.00027468647029189885,0.0,-0.011288713679955764,
full_protocol,label_at_singleton,2718,rule_to_compact,selective_deployable,0.10,False,0.2222222222222222,0.0628571428571428,0.0885422598608603,0.0895515802434881,0.1563981042654028,0.327979057696733,0.2306097819511284,False,0.2328767123287671,0.0630372492836676,0.0887924515705344,0.0898075150342231,0.1161137440758293,0.3392677713766888,0.1986583893379584,False,False,False,-0.0106544901065449,-0.0001801064265248009,-0.000250191709674108,-0.0002559347907350046,0.04028436018957349,-0.011288713679955764,0.03195139261317001
full_protocol,label_at_singleton,2718,rule_to_compact,selective_deployable,0.25,False,0.2361111111111111,0.0685714285714285,0.0950824614712035,0.0961657411238728,0.3436018957345971,0.327979057696733,0.331226463599511,False,0.2465753424657534,0.0659025787965616,0.0920773606800653,0.093129684794171,0.3056872037914692,0.3392677713766888,0.3296149080700603,False,False,False,-0.010464231354642306,0.0026688497748669077,0.0030051007911381933,0.003036056329701803,0.03791469194312791,-0.011288713679955764,0.0016115555294507478
full_protocol,label_at_singleton,2718,rule_to_compact,selective_deployable,0.50,False,0.2361111111111111,0.0685714285714285,0.0950824614712035,0.0961657411238728,1.0,0.327979057696733,0.3783553111386544,False,0.2465753424657534,0.0687679083094555,0.0953509876396336,0.0964404275941647,1.0,0.3392677713766888,0.3770001309248949,False,False,False,-0.010464231354642306,-0.00019647973802700003,-0.00026852616843009436,-0.00027468647029189885,0.0,-0.011288713679955764,0.001355180213759466
full_protocol,label_at_singleton,2718,compact_to_qwen,cheap_only,anchor,False,0.125,0.0457142857142857,0.0686063179553179,0.0693897713192555,0.0,0.1687383381285155,,False,0.0684931506849315,0.0372492836676217,0.0585707962924032,0.0592422268189471,0.0,0.1730403681364752,,False,False,False,0.0565068493150685,0.008465002046663998,0.010035521662914694,0.0101475445003084,0.0,-0.004302030007959701,
full_protocol,label_at_singleton,2718,compact_to_qwen,full_information,anchor,False,0.875,0.0485714285714285,0.0719674829531914,0.0693897713192555,1.0,0.2706410507948338,,False,0.8767123287671232,0.0630372492836676,0.0887924515705344,0.0831259899043935,1.0,0.289993290337505,,False,False,False,-0.001712328767123239,-0.014465820712239105,-0.016824968617343006,-0.013736218585138002,0.0,-0.01935223954267118,
full_protocol,label_at_singleton,2718,compact_to_qwen,selective_deployable,0.10,False,0.2777777777777778,0.0485714285714285,0.0719674829531914,0.0727890630636232,0.1090047393364928,0.166752858021872,0.3327465592011517,False,0.2465753424657534,0.0630372492836676,0.0887924515705344,0.0898075150342231,0.0947867298578199,0.1682292406606061,0.3308798339376447,False,False,False,0.03120243531202438,-0.014465820712239105,-0.016824968617343006,-0.017018451970599896,0.014218009478672897,-0.0014763826387340917,0.0018667252635070075
full_protocol,label_at_singleton,2718,compact_to_qwen,selective_deployable,0.25,False,0.4166666666666667,0.04,0.0618270705368557,0.0625335657785234,0.2630331753554502,0.1663406565363027,0.3336196310678221,False,0.4657534246575342,0.0744985673352435,0.1018668488799684,0.1030301151628836,0.2748815165876777,0.167438154768642,0.3324659675200415,False,False,False,-0.049086757990867536,-0.0344985673352435,-0.0400397783431127,-0.0404965493843602,-0.0118483412322275,-0.001097498232339289,0.0011536635477806256
full_protocol,label_at_singleton,2718,compact_to_qwen,selective_deployable,0.50,False,0.6666666666666666,0.0457142857142857,0.0686063179553179,0.0693897713192555,0.5118483412322274,0.1661134460495512,0.3338831947063556,False,0.726027397260274,0.0544412607449856,0.0788626398635572,0.0797649650152499,0.5308056872037915,0.1671407016696613,0.3328555151270697,False,False,False,-0.05936073059360736,-0.008726975030699899,-0.010256321908239302,-0.010375193695994406,-0.018957345971564066,-0.0010272556201101068,0.0010276795792859006
full_protocol,label_at_singleton,2718,rule_compact_to_qwen,cheap_only,anchor,False,0.2361111111111111,0.0685714285714285,0.0950824614712035,0.0961657411238728,0.0,0.327979057696733,,False,0.2465753424657534,0.0687679083094555,0.0953509876396336,0.0964404275941647,0.0,0.3392677713766888,,False,False,False,-0.010464231354642306,-0.00019647973802700003,-0.00026852616843009436,-0.00027468647029189885,0.0,-0.011288713679955764,
full_protocol,label_at_singleton,2718,rule_compact_to_qwen,full_information,anchor,False,0.9027777777777778,0.0485714285714285,0.0719674829531914,0.0693897713192555,1.0,0.2439415265371051,,False,0.9041095890410958,0.0630372492836676,0.0887924515705344,0.0831259899043935,1.0,0.254572094040572,,False,False,False,-0.0013318112633180501,-0.014465820712239105,-0.016824968617343006,-0.013736218585138002,0.0,-0.010630567503466914,
full_protocol,label_at_singleton,2718,rule_compact_to_qwen,selective_deployable,0.10,False,0.375,0.0514285714285714,0.075311700164249,0.0761711959411054,0.1540284360189573,0.2399453736093324,0.2177310707420799,False,0.3835616438356164,0.0458452722063037,0.0688005183497085,0.0695884379663542,0.1161137440758293,0.2391087543786955,0.1899161410267532,False,False,False,-0.008561643835616417,0.005583299222267697,0.006511181814540495,0.006582757974751205,0.03791469194312799,0.0008366192306369091,0.027814929715326703
full_protocol,label_at_singleton,2718,rule_compact_to_qwen,selective_deployable,0.25,False,0.5833333333333334,0.0428571428571428,0.0652267451569932,0.0659718435304421,0.3364928909952606,0.1579318858385837,0.3348782001316701,False,0.5342465753424658,0.0458452722063037,0.0688005183497085,0.0695884379663542,0.2701421800947867,0.1652758823324821,0.3212989139177363,False,False,False,0.04908675799086759,-0.0029881293491609007,-0.0035737731927153044,-0.003616594435912099,0.0663507109004739,-0.007343996493898414,0.013579286213933783
full_protocol,label_at_singleton,2718,rule_compact_to_qwen,selective_deployable,0.50,False,0.7222222222222222,0.04,0.0618270705368557,0.0625335657785234,0.5639810426540285,0.1187324876399412,0.3812500415977925,False,0.726027397260274,0.0888252148997134,0.1179965939509764,0.119342336871651,0.5213270142180095,0.1190227952514606,0.3807742023848507,False,False,False,-0.003805175038051778,-0.0488252148997134,-0.05616952341412071,-0.0568087710931276,0.042654028436018954,-0.0002903076115194081,0.00047583921294180875
full_protocol,label_at_singleton,3141,rule_to_compact,cheap_only,anchor,False,0.1527777777777778,0.0485714285714285,0.0719674829531914,0.0723759420051782,0.0,0.3881770877642375,,False,0.1095890410958904,0.0515759312320916,0.0755247509283926,0.0759544884475703,0.0,0.3915570883015011,,False,False,False,0.043188736681887385,-0.0030045026606631,-0.0035572679752012004,-0.003578546442392097,0.0,-0.0033800005372636166,
full_protocol,label_at_singleton,3141,rule_to_compact,full_information,anchor,False,0.1527777777777778,0.0485714285714285,0.0719674829531914,0.0723759420051782,1.0,0.3828825994039425,,False,0.1095890410958904,0.0515759312320916,0.0755247509283926,0.0759544884475703,1.0,0.3877646364158624,,False,False,False,0.043188736681887385,-0.0030045026606631,-0.0035572679752012004,-0.003578546442392097,0.0,-0.004882037011919915,
full_protocol,label_at_singleton,3141,rule_to_compact,selective_deployable,0.10,False,0.1527777777777778,0.0485714285714285,0.0719674829531914,0.0723759420051782,0.1184834123222748,0.3828825994039425,0.1881786884512107,False,0.1095890410958904,0.0515759312320916,0.0755247509283926,0.0759544884475703,0.1066350710900474,0.3877646364158624,0.1614000769086906,False,False,False,0.043188736681887385,-0.0030045026606631,-0.0035572679752012004,-0.003578546442392097,0.011848341232227402,-0.004882037011919915,0.026778611542520092
full_protocol,label_at_singleton,3141,rule_to_compact,selective_deployable,0.25,False,0.1527777777777778,0.0485714285714285,0.0719674829531914,0.0723759420051782,0.2606635071090047,0.3828825994039425,0.3144636375510062,False,0.1095890410958904,0.0515759312320916,0.0755247509283926,0.0759544884475703,0.2393364928909952,0.3877646364158624,0.3119945396673048,False,False,False,0.043188736681887385,-0.0030045026606631,-0.0035572679752012004,-0.003578546442392097,0.021327014218009505,-0.004882037011919915,0.002469097883701421
full_protocol,label_at_singleton,3141,rule_to_compact,selective_deployable,0.50,False,0.1527777777777778,0.0485714285714285,0.0719674829531914,0.0723759420051782,1.0,0.3828825994039425,0.3877841110780555,False,0.1095890410958904,0.0515759312320916,0.0755247509283926,0.0759544884475703,1.0,0.3877646364158624,0.3957689574534591,False,False,False,0.043188736681887385,-0.0030045026606631,-0.0035572679752012004,-0.003578546442392097,0.0,-0.004882037011919915,-0.007984846375403587
full_protocol,label_at_singleton,3141,compact_to_qwen,cheap_only,anchor,False,0.0972222222222222,0.0428571428571428,0.0652267451569932,0.0655971789419979,0.0,0.1686418094224818,,False,0.1506849315068493,0.0343839541547277,0.0551148884098652,0.0554291043677078,0.0,0.1715598390816652,,False,False,False,-0.05346270928462711,0.008473188702415105,0.010111856747128,0.0101680745742901,0.0,-0.002918029659183391,
full_protocol,label_at_singleton,3141,compact_to_qwen,full_information,anchor,False,0.7222222222222222,0.0485714285714285,0.0719674829531914,0.0723759420051782,1.0,0.2664760310795975,,False,0.8767123287671232,0.0372492836676217,0.0585707962924032,0.0554291043677078,1.0,0.2801092039998399,,False,False,False,-0.15449010654490103,0.0113221449038068,0.0133966866607882,0.016946837637470402,0.0,-0.013633172920242409,
full_protocol,label_at_singleton,3141,compact_to_qwen,selective_deployable,0.10,False,0.1805555555555555,0.0514285714285714,0.075311700164249,0.0757390102526806,0.0924170616113744,0.1672799062435113,0.3323077483356049,False,0.2602739726027397,0.0372492836676217,0.0585707962924032,0.0589045985512516,0.0829383886255924,0.169300347381513,0.3303103853419459,False,False,False,-0.07971841704718421,0.014179287760949698,0.0167409038718458,0.016834411701428992,0.009478672985782005,-0.002020441138001705,0.001997362993658991
full_protocol,label_at_singleton,3141,compact_to_qwen,selective_deployable,0.25,False,0.2916666666666667,0.0685714285714285,0.0950824614712035,0.0956210343154711,0.2559241706161137,0.1667898229764997,0.3331642683931954,False,0.3561643835616438,0.0401146131805157,0.0620021937416264,0.0623554328159655,0.2132701421800948,0.1688960420937517,0.3310786059639919,False,False,False,-0.06449771689497713,0.028456815390912805,0.0330802677295771,0.0332656014995056,0.042654028436018926,-0.002106219117252006,0.002085662429203494
full_protocol,label_at_singleton,3141,compact_to_qwen,selective_deployable,0.50,False,0.5555555555555556,0.0485714285714285,0.0719674829531914,0.0723759420051782,0.495260663507109,0.2663081619486931,0.333449249755335,False,0.5616438356164384,0.0372492836676217,0.0585707962924032,0.0589045985512516,0.4502369668246445,0.1686366073367707,0.3313601839081609,False,False,False,-0.0060882800608828,0.0113221449038068,0.0133966866607882,0.013471343453926601,0.04502369668246453,0.09767155461192242,0.0020890658471741097
full_protocol,label_at_singleton,3141,rule_compact_to_qwen,cheap_only,anchor,False,0.1527777777777778,0.0485714285714285,0.0719674829531914,0.0723759420051782,0.0,0.3828825994039425,,False,0.1095890410958904,0.0515759312320916,0.0755247509283926,0.0759544884475703,0.0,0.3877646364158624,,False,False,False,0.043188736681887385,-0.0030045026606631,-0.0035572679752012004,-0.003578546442392097,0.0,-0.004882037011919915,
full_protocol,label_at_singleton,3141,rule_compact_to_qwen,full_information,anchor,False,0.7777777777777778,0.0542857142857142,0.0786402386372628,0.0790863022969873,1.0,0.2367873330774952,,False,0.8767123287671232,0.0372492836676217,0.0585707962924032,0.0554291043677078,1.0,0.2352150653247566,,False,False,False,-0.09893455098934545,0.0170364306180925,0.0200694423448596,0.02365719792927949,0.0,0.001572267752738582,
full_protocol,label_at_singleton,3141,rule_compact_to_qwen,selective_deployable,0.10,False,0.2916666666666667,0.0514285714285714,0.075311700164249,0.0757390102526806,0.1232227488151658,0.2610687599508179,0.1946248200552524,False,0.2465753424657534,0.0716332378223495,0.0986139608665145,0.0991739728379858,0.0947867298578199,0.25610000011492,0.1575234576843839,False,False,False,0.045091324200913274,-0.020204666393778097,-0.0233022607022655,-0.02343496258530521,0.028436018957345904,0.004968759835897896,0.0371013623708685
full_protocol,label_at_singleton,3141,rule_compact_to_qwen,selective_deployable,0.25,False,0.4722222222222222,0.0971428571428571,0.1272220885311819,0.1279408981064335,0.2369668246445497,0.1619465126345111,0.3088332948965798,True,0.3698630136986301,0.0286532951289398,0.0481176236497317,0.0483921489861662,0.2369668246445497,0.1813995870975186,0.3067457833081227,True,False,True,0.1023592085235921,0.0684895620139173,0.07910446488145019,0.0795487491202673,0.0,-0.019453074463007508,0.0020875115884571027
full_protocol,label_at_singleton,3141,rule_compact_to_qwen,selective_deployable,0.50,False,0.6388888888888888,0.06,0.0852545937243758,0.0857378973888335,0.5165876777251185,0.1089883212260606,0.3908840433216415,False,0.6301369863013698,0.0343839541547277,0.0551148884098652,0.0554291043677078,0.4597156398104265,0.1220070882142306,0.3978727068367693,False,False,False,0.008751902587519012,0.0256160458452723,0.0301397053145106,0.0303087930211257,0.056872037914691975,-0.013018766988170005,-0.00698866351512778
full_protocol,label_at_singleton,5772,rule_to_compact,cheap_only,anchor,True,0.1527777777777778,0.0285714285714285,0.047981525580851,0.0485305895776893,0.0,0.3926933271448399,,False,0.2054794520547945,0.0343839541547277,0.0551148884098652,0.0555875595445557,0.0,0.3740847730818458,,True,True,False,-0.05270167427701672,-0.005812525583299196,-0.007133362829014195,-0.007056969966866403,0.0,0.01860855406299411,
full_protocol,label_at_singleton,5772,rule_to_compact,full_information,anchor,True,0.1527777777777778,0.0285714285714285,0.047981525580851,0.0485305895776893,1.0,0.3905133171500383,,False,0.2054794520547945,0.0372492836676217,0.0585707962924032,0.0590729303351058,1.0,0.3638933470231907,,True,True,False,-0.05270167427701672,-0.008677855096193201,-0.010589270711552197,-0.010542340757416502,0.0,0.02661997012684758,
full_protocol,label_at_singleton,5772,rule_to_compact,selective_deployable,0.10,True,0.1527777777777778,0.0285714285714285,0.047981525580851,0.0485305895776893,0.0758293838862559,0.3905133171500383,0.154775055005881,False,0.2054794520547945,0.0343839541547277,0.0551148884098652,0.0555875595445557,0.1018957345971564,0.3638933470231907,0.2045857839859147,True,True,False,-0.05270167427701672,-0.005812525583299196,-0.007133362829014195,-0.007056969966866403,-0.026066350710900493,0.02661997012684758,-0.04981072898003369
full_protocol,label_at_singleton,5772,rule_to_compact,selective_deployable,0.25,True,0.1527777777777778,0.0285714285714285,0.047981525580851,0.0485305895776893,0.2203791469194312,0.3905133171500383,0.2954682053615005,False,0.2054794520547945,0.0343839541547277,0.0551148884098652,0.0555875595445557,0.2322274881516587,0.3638933470231907,0.3131602313894811,True,True,False,-0.05270167427701672,-0.005812525583299196,-0.007133362829014195,-0.007056969966866403,-0.0118483412322275,0.02661997012684758,-0.017692026027980645
full_protocol,label_at_singleton,5772,rule_to_compact,selective_deployable,0.50,True,0.1527777777777778,0.0285714285714285,0.047981525580851,0.0485305895776893,1.0,0.3905133171500383,0.3807327653992689,False,0.2054794520547945,0.0372492836676217,0.0585707962924032,0.0590729303351058,1.0,0.3638933470231907,0.3851877393322113,True,True,False,-0.05270167427701672,-0.008677855096193201,-0.010589270711552197,-0.010542340757416502,0.0,0.02661997012684758,-0.004454973932942363
full_protocol,label_at_singleton,5772,compact_to_qwen,cheap_only,anchor,False,0.125,0.0628571428571428,0.0885422598608603,0.0895515802434881,0.0,0.1695784086398765,,False,0.0821917808219178,0.0859598853868194,0.1147872227706394,0.1157665307824958,0.0,0.1671605637622319,,False,False,False,0.042808219178082196,-0.02310274252967659,-0.026244962909779096,-0.0262149505390077,0.0,0.002417844877644598,
full_protocol,label_at_singleton,5772,compact_to_qwen,full_information,anchor,False,0.8611111111111112,0.0428571428571428,0.0652267451569932,0.0625335657785234,1.0,0.2981837758045053,,False,0.8767123287671232,0.0458452722063037,0.0688005183497085,0.0693897713192555,1.0,0.2744603484086879,,False,False,False,-0.015601217656012079,-0.0029881293491609007,-0.0035737731927153044,-0.006856205540732102,0.0,0.023723427395817398,
full_protocol,label_at_singleton,5772,compact_to_qwen,selective_deployable,0.10,False,0.2638888888888889,0.0542857142857142,0.0786402386372628,0.079537453931992,0.1184834123222748,0.1686892475652848,0.3310433597541924,False,0.273972602739726,0.0458452722063037,0.0688005183497085,0.0693897713192555,0.1255924170616113,0.1656988632200174,0.3337545793907801,False,False,False,-0.010083713850837117,0.008440442079410498,0.009839720287554296,0.010147682612736506,-0.007109004739336511,0.0029903843452674106,-0.002711219636587714
full_protocol,label_at_singleton,5772,compact_to_qwen,selective_deployable,0.25,False,0.3888888888888889,0.0485714285714285,0.0719674829531914,0.0727890630636232,0.2559241706161137,0.1683741707805201,0.3316132412494942,False,0.3972602739726027,0.0401146131805157,0.0620021937416264,0.0625335657785234,0.2819905213270142,0.1650304666738415,0.3349471294594526,False,False,False,-0.008371385083713823,0.008456815390912802,0.009965289211564997,0.010255497285099807,-0.026066350710900466,0.0033437041066786133,-0.003333888209958391
full_protocol,label_at_singleton,5772,compact_to_qwen,selective_deployable,0.50,False,0.6388888888888888,0.0514285714285714,0.075311700164249,0.0761711959411054,0.5118483412322274,0.2917651938250312,0.3318503140585227,False,0.6164383561643836,0.0458452722063037,0.0688005183497085,0.0693897713192555,0.466824644549763,0.1646888376159172,0.3353078831107076,False,False,False,0.022450532724505257,0.005583299222267697,0.006511181814540495,0.006781424621849899,0.04502369668246442,0.12707635620911398,-0.003457569052184861
full_protocol,label_at_singleton,5772,rule_compact_to_qwen,cheap_only,anchor,True,0.1527777777777778,0.0285714285714285,0.047981525580851,0.0485305895776893,0.0,0.3905133171500383,,False,0.2054794520547945,0.0372492836676217,0.0585707962924032,0.0590729303351058,0.0,0.3638933470231907,,True,True,False,-0.05270167427701672,-0.008677855096193201,-0.010589270711552197,-0.010542340757416502,0.0,0.02661997012684758,
full_protocol,label_at_singleton,5772,rule_compact_to_qwen,full_information,anchor,False,0.8888888888888888,0.0542857142857142,0.0786402386372628,0.0761711959411054,1.0,0.2601078381828859,,False,0.8767123287671232,0.0458452722063037,0.0688005183497085,0.0693897713192555,1.0,0.221628678341203,,False,False,False,0.0121765601217656,0.008440442079410498,0.009839720287554296,0.006781424621849899,0.0,0.0384791598416829,
full_protocol,label_at_singleton,5772,rule_compact_to_qwen,selective_deployable,0.10,True,0.2361111111111111,0.0285714285714285,0.047981525580851,0.0485305895776893,0.0687203791469194,0.3035304395116939,0.146770928440552,True,0.3013698630136986,0.0229226361031518,0.0409791162974825,0.0413310984198789,0.1042654028436018,0.2460152565392954,0.207252056790026,False,False,False,-0.06525875190258751,0.005648792468276702,0.007002409283368503,0.007199491157810399,-0.0355450236966824,0.05751518297239849,-0.060481128349474
full_protocol,label_at_singleton,5772,rule_compact_to_qwen,selective_deployable,0.25,False,0.4861111111111111,0.0457142857142857,0.0686063179553179,0.0693897713192555,0.2132701421800948,0.1876739447283215,0.2896243704560432,False,0.4246575342465753,0.0315186246418338,0.05163164376229,0.0520746022496586,0.2393364928909952,0.173202654682178,0.3155753798013602,False,False,False,0.061453576864535786,0.014195661072451897,0.016974674193027894,0.017315169069596903,-0.02606635071090041,0.014471290046143503,-0.025951009345316967
full_protocol,label_at_singleton,5772,rule_compact_to_qwen,selective_deployable,0.50,False,0.6527777777777778,0.0571428571428571,0.0819542098114502,0.082888961563049,0.5,0.1169464784692947,0.3830112375650545,False,0.684931506849315,0.0401146131805157,0.0620021937416264,0.0625335657785234,0.5379146919431279,0.2371548289311668,0.390889108426794,False,False,False,-0.03215372907153724,0.0170282439623414,0.019952016069823796,0.020355395784525596,-0.03791469194312791,-0.12020835046187209,-0.007877870861739467
full_protocol,label_at_singleton,8111,rule_to_compact,cheap_only,anchor,True,0.1805555555555555,0.02,0.0372365501937572,0.0378801858307727,0.0,0.3452607342611093,,True,0.1780821917808219,0.0143266475644699,0.0298858860410991,0.0299710822514807,0.0,0.3941693718913648,,False,False,False,0.002473363774733589,0.005673352435530101,0.007350664152658098,0.007909103579291997,0.0,-0.04890863763025549,
full_protocol,label_at_singleton,8111,rule_to_compact,full_information,anchor,True,0.1666666666666666,0.0257142857142857,0.0444424640102825,0.0452100039211381,1.0,0.3706988294545491,,True,0.2054794520547945,0.0200573065902578,0.0373422996673432,0.0374486514542516,1.0,0.386452255267105,,False,False,False,-0.03881278538812791,0.0056569791240278985,0.007100164342939301,0.007761352466886501,0.0,-0.015753425812555955,
full_protocol,label_at_singleton,8111,rule_to_compact,selective_deployable,0.10,True,0.1805555555555555,0.02,0.0372365501937572,0.0378801858307727,0.0971563981042654,0.3418776724663008,0.2164093056710603,True,0.1780821917808219,0.0143266475644699,0.0298858860410991,0.0299710822514807,0.0971563981042654,0.386452255267105,0.1958547239383304,False,False,False,0.002473363774733589,0.005673352435530101,0.007350664152658098,0.007909103579291997,0.0,-0.04457458280080423,0.020554581732729893
full_protocol,label_at_singleton,8111,rule_to_compact,selective_deployable,0.25,True,0.1666666666666666,0.02,0.0372365501937572,0.0378801858307727,0.2180094786729857,0.3706988294545491,0.3110532523145042,True,0.1917808219178082,0.0143266475644699,0.0298858860410991,0.0299710822514807,0.2274881516587677,0.386452255267105,0.296449093029891,False,False,False,-0.025114155251141607,0.005673352435530101,0.007350664152658098,0.007909103579291997,-0.009478672985782005,-0.015753425812555955,0.014604159284613227
full_protocol,label_at_singleton,8111,rule_to_compact,selective_deployable,0.50,True,0.1666666666666666,0.0257142857142857,0.0444424640102825,0.0452100039211381,1.0,0.3706988294545491,0.3732607640509442,True,0.2054794520547945,0.0200573065902578,0.0373422996673432,0.0374486514542516,1.0,0.386452255267105,0.3756043482516325,False,False,False,-0.03881278538812791,0.0056569791240278985,0.007100164342939301,0.007761352466886501,0.0,-0.015753425812555955,-0.002343584200688309
full_protocol,label_at_singleton,8111,compact_to_qwen,cheap_only,anchor,False,0.1388888888888889,0.0742857142857142,0.1015801236154751,0.1033250932673893,0.0,0.167882710765781,,False,0.1232876712328767,0.0744985673352435,0.1018668488799684,0.1021551967802917,0.0,0.1678846060455178,,False,False,False,0.01560121765601219,-0.0002128530495292963,-0.0002867252644933038,0.001169896487097602,0.0,-1.8952797367910446e-06,
full_protocol,label_at_singleton,8111,compact_to_qwen,full_information,anchor,False,0.8055555555555556,0.06,0.0852545937243758,0.0833643773859389,1.0,0.3071012043826168,,False,0.7671232876712328,0.0401146131805157,0.0620021937416264,0.0621783116686744,1.0,0.8271202912918291,,False,False,False,0.038432267884322746,0.019885386819484298,0.023252399982749396,0.021186065717264495,0.0,-0.5200190869092123,
full_protocol,label_at_singleton,8111,compact_to_qwen,selective_deployable,0.10,False,0.2222222222222222,0.0428571428571428,0.0652267451569932,0.0663508118066037,0.1208530805687203,0.1670009873719261,0.3327548069516263,False,0.1917808219178082,0.0401146131805157,0.0620021937416264,0.0621783116686744,0.1232227488151658,0.1664207328089221,0.3331543342251526,False,False,False,0.030441400304414,0.002742529676627102,0.0032245514153667956,0.004172500137929296,-0.0023696682464455082,0.000580254563003979,-0.00039952727352632333
full_protocol,label_at_singleton,8111,compact_to_qwen,selective_deployable,0.25,False,0.3472222222222222,0.0371428571428571,0.0584053096533763,0.0594124963183046,0.2677725118483412,0.1664325089956038,0.3335517281683363,True,0.3013698630136986,0.0171919770773638,0.0336488440508061,0.0337447205006113,0.2725118483412322,0.8276117370470186,0.3342667420129636,True,False,True,0.045852359208523596,0.019950880065493302,0.0247564656025702,0.0256677758176933,-0.004739336492890989,-0.6611792280514148,-0.0007150138446272991
full_protocol,label_at_singleton,8111,compact_to_qwen,selective_deployable,0.50,False,0.6111111111111112,0.0457142857142857,0.0686063179553179,0.0697882452461142,0.533175355450237,0.3066517493655534,0.3339261937711094,True,0.5616438356164384,0.0257879656160458,0.0445685725403165,0.0446953987244803,0.509478672985782,0.8273361804484857,0.3347514863290401,True,False,True,0.04946727549467278,0.0199263200982399,0.024037745415001394,0.025092846521633898,0.023696682464455,-0.5206844310829323,-0.0008252925579307346
full_protocol,label_at_singleton,8111,rule_compact_to_qwen,cheap_only,anchor,True,0.1666666666666666,0.0257142857142857,0.0444424640102825,0.0452100039211381,0.0,0.3706988294545491,,True,0.2054794520547945,0.0200573065902578,0.0373422996673432,0.0374486514542516,0.0,0.386452255267105,,False,False,False,-0.03881278538812791,0.0056569791240278985,0.007100164342939301,0.007761352466886501,0.0,-0.015753425812555955,
full_protocol,label_at_singleton,8111,rule_compact_to_qwen,full_information,anchor,False,0.8333333333333334,0.0628571428571428,0.0885422598608603,0.0867211275377781,1.0,0.3034837414545134,,False,0.7671232876712328,0.0401146131805157,0.0620021937416264,0.0621783116686744,1.0,0.788295206367919,,False,False,False,0.06621004566210054,0.022742529676627106,0.026540066119233895,0.024542815869103694,0.0,-0.48481146491340565,
full_protocol,label_at_singleton,8111,rule_compact_to_qwen,selective_deployable,0.10,True,0.3611111111111111,0.0114285714285714,0.0259608335203845,0.026410238472177,0.0947867298578199,0.2524707279690268,0.214622602859183,False,0.3424657534246575,0.0458452722063037,0.0688005183497085,0.0689958210834784,0.0781990521327014,0.2562367292097839,0.1729224791912774,True,True,False,0.01864535768645359,-0.034416700777732304,-0.042839684829324,-0.0425855826113014,0.016587677725118502,-0.0037660012407570997,0.0417001236679056
full_protocol,label_at_singleton,8111,rule_compact_to_qwen,selective_deployable,0.25,False,0.5,0.0371428571428571,0.0584053096533763,0.0594124963183046,0.2156398104265403,0.1798819223909395,0.3021224703695999,True,0.3972602739726027,0.0114613180515759,0.0260346692514637,0.0261089261599683,0.2180094786729857,0.8394419111084332,0.2941559753931709,True,False,True,0.10273972602739728,0.0256815390912812,0.0323706404019126,0.0333035701583363,-0.002369668246445411,-0.6595599887174938,0.007966494976428984
full_protocol,label_at_singleton,8111,rule_compact_to_qwen,selective_deployable,0.50,False,0.625,0.04,0.0618270705368557,0.0628929020231848,0.4739336492890995,0.3034837414545134,0.3775541750304713,False,0.6575342465753424,0.0659025787965616,0.0920773606800653,0.0923382065597978,0.4976303317535545,0.118818530496563,0.3809809912278447,False,False,False,-0.03253424657534243,-0.025902578796561597,-0.03025029014320961,-0.029445304536612996,-0.023696682464455,0.1846652109579504,-0.0034268161973733946
